cell_id,N,distribution,CE,epsilon,direction,rho,method,replications,requested_m,actual_m,mean_grid_stability,reference_disagreement,mean_boundary_displacement,boundary_rmse,pass_rate_mean,pass_rate_sd,grade_count_sd_mean,competency_override_rate,infeasible_count
0,10,Normal,20.0,0.0,clean,0.0,MaxMin,500,0.0,0.0,0.7822772277227722,0.6046534653465347,13.225608894956553,15.648452340011893,0.9955999999999999,0.020530050314888748,0.09191593043114152,0.0006,0
0,10,Normal,20.0,0.0,clean,0.0,MeanSD,500,0.0,0.0,0.8025346534653465,0.20055445544554457,3.177309904131511,4.038676381868979,0.9440000000000001,0.05612753870607906,0.09144538086618073,0.0004,0
0,10,Normal,20.0,0.0,clean,0.0,MedianMAD,500,0.0,0.0,0.7726138613861389,0.2449504950495049,4.211271416732667,5.338924926065572,0.9210000000000002,0.0907494955461669,0.08533325467796596,0.0002,0
0,10,Normal,20.0,0.0,clean,0.0,Percentile,500,0.0,0.0,0.8082970297029703,0.21885148514851485,3.77924521231015,4.74926361815594,0.8956000000000002,0.02053005031488875,0.0051325125787229494,0.0004,0
0,10,Normal,20.0,0.0,clean,0.0,QFactor,500,0.0,0.0,0.8597227722772277,0.5172673267326733,9.914659591971688,12.31966869722654,0.9955999999999999,0.020530050314888748,0.08332982039769693,0.0044,0
1,10,Normal,20.0,0.05,lower,0.0,MaxMin,500,0.5,0.0,0.7679603960396039,0.6011485148514851,13.061862596436086,15.505223201923686,0.9964,0.018647666635316165,0.0922736812602352,0.0002,0
1,10,Normal,20.0,0.05,lower,0.0,MeanSD,500,0.5,0.0,0.7905940594059405,0.21265346534653468,3.4410714019689705,4.376140419838375,0.9354000000000001,0.0573883860524707,0.09163980023629828,0.0002,0
1,10,Normal,20.0,0.05,lower,0.0,MedianMAD,500,0.5,0.0,0.767009900990099,0.24904950495049502,4.410046973789354,5.655075561796862,0.9164,0.09004029380792822,0.08441725576849204,0.0004,0
1,10,Normal,20.0,0.05,lower,0.0,Percentile,500,0.5,0.0,0.8024554455445545,0.22285148514851486,3.9156357898495564,4.972649857662405,0.8964000000000002,0.018647666635316165,0.004661916658829812,0.0002,0
1,10,Normal,20.0,0.05,lower,0.0,QFactor,500,0.5,0.0,0.850079207920792,0.519009900990099,10.030004003152802,12.488818119393674,0.9964,0.018647666635316165,0.08701218142561845,0.0036,0
2,10,Normal,20.0,0.05,upper,0.0,MaxMin,500,0.5,0.0,0.7831287128712872,0.6029108910891089,13.067466053953344,15.4261880525556,0.9967999999999999,0.018720601535305623,0.09126704186011668,0.0004,0
2,10,Normal,20.0,0.05,upper,0.0,MeanSD,500,0.5,0.0,0.8013267326732673,0.20164356435643563,3.1506213630944777,3.9437634081276234,0.9376000000000001,0.058249687141685214,0.09066971246286346,0.0002,0
2,10,Normal,20.0,0.05,upper,0.0,MedianMAD,500,0.5,0.0,0.772950495049505,0.24237623762376234,4.149564126755972,5.247154713622627,0.9220000000000002,0.08747172460407089,0.0846715913228209,0.0002,0
2,10,Normal,20.0,0.05,upper,0.0,Percentile,500,0.5,0.0,0.8104158415841585,0.2188910891089109,3.7310899387970244,4.655110128321325,0.8968000000000002,0.018720601535305626,0.005033567994056933,0.0002,0
2,10,Normal,20.0,0.05,upper,0.0,QFactor,500,0.5,0.0,0.8628316831683168,0.525029702970297,10.17643496493076,12.599018828554263,0.9967999999999999,0.018720601535305623,0.0839534754162815,0.003,0
3,10,Compressed Normal,20.0,0.0,clean,0.0,MaxMin,500,0.0,0.0,0.9259009900990098,0.23134653465346533,5.13769844386176,6.119508867846569,1.0,0.0,0.0896593151803361,0.0,0
3,10,Compressed Normal,20.0,0.0,clean,0.0,MeanSD,500,0.0,0.0,0.9307326732673268,0.06988118811881187,1.10880886705989,1.409199177817748,0.9474000000000001,0.052714301619108825,0.0901723900009047,0.0,0
3,10,Compressed Normal,20.0,0.0,clean,0.0,MedianMAD,500,0.0,0.0,0.9230297029702971,0.0825148514851485,1.4230678352112014,1.816482034077186,0.9212,0.09037086802490694,0.08297222896515544,0.0,0
3,10,Compressed Normal,20.0,0.0,clean,0.0,Percentile,500,0.0,0.0,0.934970297029703,0.07493069306930694,1.2844061783364258,1.6199639723566848,0.9000000000000002,2.222669831529484e-16,1.0939703077059182e-15,0.0,0
3,10,Compressed Normal,20.0,0.0,clean,0.0,QFactor,500,0.0,0.0,0.9495445544554455,0.2566732673267327,3.934070347640041,4.853363516308272,1.0,0.0,0.055194234598404945,0.0,0
4,10,Compressed Normal,20.0,0.05,lower,0.0,MaxMin,500,0.5,0.0,0.9236039603960396,0.23073267326732674,5.12023848902026,6.101375460457765,1.0,0.0,0.08954884995604337,0.0,0
4,10,Compressed Normal,20.0,0.05,lower,0.0,MeanSD,500,0.5,0.0,0.9285346534653467,0.07192079207920793,1.1372067906873309,1.429177584151593,0.9406,0.05419884712851481,0.09224465277302542,0.0,0
4,10,Compressed Normal,20.0,0.05,lower,0.0,MedianMAD,500,0.5,0.0,0.9213069306930693,0.08405940594059405,1.467730006341741,1.8614532235750008,0.9154000000000001,0.08762531821788479,0.08450675331959065,0.0,0
4,10,Compressed Normal,20.0,0.05,lower,0.0,Percentile,500,0.5,0.0,0.9335841584158416,0.07645544554455445,1.3085756660776713,1.6289284150220207,0.9000000000000002,2.222669831529484e-16,1.0939703077059182e-15,0.0,0
4,10,Compressed Normal,20.0,0.05,lower,0.0,QFactor,500,0.5,0.0,0.950970297029703,0.25885148514851486,3.970768842389552,4.894148602616551,1.0,0.0,0.054871106649541375,0.0,0
5,10,Compressed Normal,20.0,0.05,upper,0.0,MaxMin,500,0.5,0.0,0.9250693069306931,0.23178217821782174,5.131080766139508,6.097964651580358,1.0,0.0,0.08896046664200183,0.0,0
5,10,Compressed Normal,20.0,0.05,upper,0.0,MeanSD,500,0.5,0.0,0.9324554455445544,0.06798019801980197,1.0750661197030562,1.3687443396283998,0.9404000000000001,0.05189630480974354,0.08976799116861761,0.0,0
5,10,Compressed Normal,20.0,0.05,upper,0.0,MedianMAD,500,0.5,0.0,0.9242178217821783,0.08047524752475248,1.3885519983984287,1.775251953297935,0.9132,0.08672255533139238,0.08529076593287288,0.0,0
5,10,Compressed Normal,20.0,0.05,upper,0.0,Percentile,500,0.5,0.0,0.9361584158415841,0.07364356435643565,1.2567666622158993,1.5813858303098327,0.9000000000000002,2.222669831529484e-16,1.0939703077059182e-15,0.0,0
5,10,Compressed Normal,20.0,0.05,upper,0.0,QFactor,500,0.5,0.0,0.9519405940594059,0.2618415841584158,4.028275344802123,4.959805626219038,1.0,0.0,0.05458285129663954,0.0,0
6,10,Uniform,20.0,0.0,clean,0.0,MaxMin,500,0.0,0.0,0.6643762376237624,0.49504950495049505,9.814135644574806,12.44676098180004,0.7804,0.13210125466083178,0.09506575146671369,0.0718,0
6,10,Uniform,20.0,0.0,clean,0.0,MeanSD,500,0.0,0.0,0.6412079207920792,0.36841584158415835,6.170100044639213,7.853813278419661,0.7512000000000001,0.1343676647809188,0.09358750362939733,0.0844,0
6,10,Uniform,20.0,0.0,clean,0.0,MedianMAD,500,0.0,0.0,0.6022772277227723,0.45257425742574264,8.6834686505556,11.039369556417057,0.7252,0.1425679179284207,0.08763180872901025,0.0798,0
6,10,Uniform,20.0,0.0,clean,0.0,Percentile,500,0.0,0.0,0.6682376237623762,0.41065346534653463,7.741808808094855,9.79907740489821,0.693,0.12978709249674064,0.04121104797427767,0.055,0
6,10,Uniform,20.0,0.0,clean,0.0,QFactor,500,0.0,0.0,0.7965346534653466,0.4305940594059406,7.814665526302193,10.469195725111234,0.7804,0.13210125466083178,0.09772018460275375,0.1334,0
7,10,Uniform,20.0,0.05,lower,0.0,MaxMin,500,0.5,0.0,0.666910891089109,0.4868316831683169,9.405926184263816,11.987839692536859,0.7894000000000001,0.1257747135044013,0.09466278330085509,0.0712,0
7,10,Uniform,20.0,0.05,lower,0.0,MeanSD,500,0.5,0.0,0.6414257425742574,0.3636633663366337,6.015011089797048,7.675677281588251,0.7562000000000001,0.12268522048989158,0.09176283506132842,0.0812,0
7,10,Uniform,20.0,0.05,lower,0.0,MedianMAD,500,0.5,0.0,0.5879603960396039,0.44693069306930694,8.462433961662464,10.80752078538453,0.7402000000000001,0.13857259732522487,0.08641761781481828,0.0802,0
7,10,Uniform,20.0,0.05,lower,0.0,Percentile,500,0.5,0.0,0.6631881188118812,0.40609900990099007,7.473825336454237,9.451076669130929,0.7028,0.12579271686083604,0.04005342126692435,0.0574,0
7,10,Uniform,20.0,0.05,lower,0.0,QFactor,500,0.5,0.0,0.7917623762376238,0.4358019801980198,8.037261105961345,10.831726162600003,0.7894000000000001,0.1257747135044013,0.09696378553578763,0.1254,0
8,10,Uniform,20.0,0.05,upper,0.0,MaxMin,500,0.5,0.0,0.6650495049504951,0.49651485148514857,9.754913275793497,12.352901423059068,0.7846000000000002,0.129213901980127,0.0930032539590914,0.0726,0
8,10,Uniform,20.0,0.05,upper,0.0,MeanSD,500,0.5,0.0,0.6394653465346535,0.3668316831683168,6.169604462872033,7.83723324526385,0.7516,0.12477410450213065,0.09242828427997335,0.0798,0
8,10,Uniform,20.0,0.05,upper,0.0,MedianMAD,500,0.5,0.0,0.5994851485148515,0.4510891089108911,8.502893964146093,10.754582761010074,0.7283999999999999,0.138967852859057,0.08615922790149616,0.0758,0
8,10,Uniform,20.0,0.05,upper,0.0,Percentile,500,0.5,0.0,0.6671881188118811,0.4060792079207921,7.584054384222364,9.59322034881034,0.6965999999999999,0.12633432123315855,0.040751986064808024,0.0558,0
8,10,Uniform,20.0,0.05,upper,0.0,QFactor,500,0.5,0.0,0.7847326732673267,0.43429702970297035,8.096341623893245,10.943720146000196,0.7846000000000002,0.129213901980127,0.0947376472497099,0.1294,0
9,10,Right-skewed,20.0,0.0,clean,0.0,MaxMin,500,0.0,0.0,0.8157029702970297,0.4581584158415842,12.018310245163887,15.706439957134583,0.6033999999999999,0.1545840627779263,0.09160188105899073,0.1118,0
9,10,Right-skewed,20.0,0.0,clean,0.0,MeanSD,500,0.0,0.0,0.804039603960396,0.2020792079207921,3.6410395502299893,5.010342325894875,0.6013999999999999,0.14826329285435433,0.08940042797639405,0.1508,0
9,10,Right-skewed,20.0,0.0,clean,0.0,MedianMAD,500,0.0,0.0,0.7895247524752474,0.23239603960396038,4.840483171373412,6.518595705970316,0.5915999999999999,0.15830211343578604,0.08367629189762582,0.1394,0
9,10,Right-skewed,20.0,0.0,clean,0.0,Percentile,500,0.0,0.0,0.817960396039604,0.23205940594059402,4.5637513374363445,5.946124725096696,0.5476,0.15106250282422518,0.04929184150039344,0.0874,0
9,10,Right-skewed,20.0,0.0,clean,0.0,QFactor,500,0.0,0.0,0.8616237623762376,0.4735841584158416,14.428797900388394,17.826552043973756,0.6022000000000001,0.15563934982654243,0.09089325216606521,0.1344,0
10,10,Right-skewed,20.0,0.05,lower,0.0,MaxMin,500,0.5,0.0,0.8153663366336634,0.4545940594059406,11.826177299331496,15.54349221114354,0.6214000000000001,0.15903655318982804,0.09065482711326303,0.1032,1
10,10,Right-skewed,20.0,0.05,lower,0.0,MeanSD,500,0.5,0.0,0.803049504950495,0.20578217821782177,3.6796599710158864,5.048723389438111,0.6177999999999999,0.15398240536608282,0.09001546080639136,0.1454,1
10,10,Right-skewed,20.0,0.05,lower,0.0,MedianMAD,500,0.5,0.0,0.7926336633663366,0.2293465346534653,4.6247162875883445,6.265118796597568,0.6073999999999999,0.16376470241022947,0.08405286035899198,0.1392,1
10,10,Right-skewed,20.0,0.05,lower,0.0,Percentile,500,0.5,0.0,0.8188910891089108,0.2303366336633663,4.502254564947394,5.876173405573107,0.5574,0.15274784387223025,0.05012152474810165,0.0802,1
10,10,Right-skewed,20.0,0.05,lower,0.0,QFactor,500,0.5,0.0,0.8566138613861386,0.4716039603960396,14.306169317275286,17.75907751899204,0.6204,0.16060956030611456,0.09174695116156847,0.1328,1
11,10,Right-skewed,20.0,0.05,upper,0.0,MaxMin,500,0.5,0.0,0.820970297029703,0.45629702970297026,11.782391905697922,15.378982565567073,0.62,0.15559054223720456,0.09034065906795372,0.1112,1
11,10,Right-skewed,20.0,0.05,upper,0.0,MeanSD,500,0.5,0.0,0.8066138613861387,0.20083168316831682,3.511189241970219,4.761060477113921,0.6189999999999999,0.1508127613232909,0.09045726329068465,0.156,1
11,10,Right-skewed,20.0,0.05,upper,0.0,MedianMAD,500,0.5,0.0,0.790118811881188,0.2365148514851485,4.805472167335475,6.252453338345268,0.613,0.1574184268827652,0.08400392328964479,0.1464,1
11,10,Right-skewed,20.0,0.05,upper,0.0,Percentile,500,0.5,0.0,0.818039603960396,0.2303168316831683,4.414647056111675,5.68392893485006,0.5585999999999999,0.14801979502566162,0.048411292271433766,0.0904,1
11,10,Right-skewed,20.0,0.05,upper,0.0,QFactor,500,0.5,0.0,0.8638415841584157,0.47312871287128716,14.251159536406456,17.584371961983756,0.6187999999999999,0.15625425044318997,0.09167451139380356,0.1362,1
12,10,Left-skewed,20.0,0.0,clean,0.0,MaxMin,500,0.0,0.0,0.7771485148514851,0.5924752475247526,15.084705816392592,18.80444423206573,0.9984000000000001,0.012560076075487921,0.0914775890453721,0.0004,0
12,10,Left-skewed,20.0,0.0,clean,0.0,MeanSD,500,0.0,0.0,0.7885742574257426,0.2140396039603961,3.424167115695322,4.380123786217449,0.9246000000000001,0.053484213766722674,0.09236608962596284,0.0002,0
12,10,Left-skewed,20.0,0.0,clean,0.0,MedianMAD,500,0.0,0.0,0.7571683168316831,0.2653465346534654,4.709679628048011,6.049409711152003,0.8974000000000001,0.09608175376632978,0.0857901616445423,0.0,0
12,10,Left-skewed,20.0,0.0,clean,0.0,Percentile,500,0.0,0.0,0.796970297029703,0.234,4.085668138998428,5.184932408380704,0.8984000000000002,0.012560076075487916,0.0031400190188727467,0.0002,0
12,10,Left-skewed,20.0,0.0,clean,0.0,QFactor,500,0.0,0.0,0.8985148514851485,0.3456831683168317,5.31230995930482,6.74653895541237,0.9984000000000001,0.012560076075487921,0.07714082134467302,0.0016,0
13,10,Left-skewed,20.0,0.05,lower,0.0,MaxMin,500,0.5,0.0,0.7726930693069307,0.5897821782178218,15.102085962571035,18.920939389182127,0.9987999999999999,0.010899430957182155,0.08893735232828733,0.0,0
13,10,Left-skewed,20.0,0.05,lower,0.0,MeanSD,500,0.5,0.0,0.7824752475247524,0.22114851485148518,3.5590703265014247,4.541884994500717,0.9252000000000001,0.054505979521582884,0.08872979658664018,0.0,0
13,10,Left-skewed,20.0,0.05,lower,0.0,MedianMAD,500,0.5,0.0,0.7507920792079209,0.26744554455445546,4.705364581208719,6.005027107363344,0.9108000000000002,0.0891024044398012,0.08530625050352976,0.0,0
13,10,Left-skewed,20.0,0.05,lower,0.0,Percentile,500,0.5,0.0,0.7931683168316832,0.2354059405940594,4.114193837516529,5.216126356502447,0.8988000000000002,0.010899430957182156,0.0027248577392963136,0.0,0
13,10,Left-skewed,20.0,0.05,lower,0.0,QFactor,500,0.5,0.0,0.8991287128712873,0.34269306930693066,5.271225116287899,6.699760546548126,0.9987999999999999,0.010899430957182155,0.07645456651641944,0.0012,0
14,10,Left-skewed,20.0,0.05,upper,0.0,MaxMin,500,0.5,0.0,0.7713069306930692,0.5906534653465347,15.18450511366205,18.971108057018075,0.9984,0.01256007607548792,0.09041058351743975,0.0,0
14,10,Left-skewed,20.0,0.05,upper,0.0,MeanSD,500,0.5,0.0,0.7780198019801978,0.22526732673267325,3.6339180530769197,4.633985576287712,0.9268000000000001,0.05556919894818968,0.09142882618366147,0.0,0
14,10,Left-skewed,20.0,0.05,upper,0.0,MedianMAD,500,0.5,0.0,0.7532673267326733,0.26902970297029705,4.737459172918184,6.015618092489993,0.9014000000000001,0.08985648767202903,0.0852580374168653,0.0002,0
14,10,Left-skewed,20.0,0.05,upper,0.0,Percentile,500,0.5,0.0,0.7876831683168316,0.2408118811881188,4.227303750904175,5.361377310501323,0.8984000000000002,0.012560076075487916,0.003140019018872747,0.0,0
14,10,Left-skewed,20.0,0.05,upper,0.0,QFactor,500,0.5,0.0,0.8955049504950495,0.33065346534653467,5.0812039111165515,6.535255384797791,0.9984,0.01256007607548792,0.07714698499259515,0.0016,0
15,10,Bimodal,20.0,0.0,clean,0.0,MaxMin,500,0.0,0.0,0.6943366336633663,0.4820990099009901,9.224309658528743,11.629377492796722,0.8184,0.11751194882322592,0.09638108395662878,0.0724,0
15,10,Bimodal,20.0,0.0,clean,0.0,MeanSD,500,0.0,0.0,0.6663762376237624,0.3385940594059405,5.545625169554925,7.016628797550098,0.7838,0.1189363346644196,0.0938741379719373,0.076,0
15,10,Bimodal,20.0,0.0,clean,0.0,MedianMAD,500,0.0,0.0,0.6033861386138615,0.437128712871287,8.153834907258895,10.224053585713122,0.7646000000000002,0.13161110502511505,0.08640639244330395,0.072,0
15,10,Bimodal,20.0,0.0,clean,0.0,Percentile,500,0.0,0.0,0.6776831683168316,0.3862178217821782,6.908323304595604,8.715405788534222,0.7305999999999999,0.11519626886631984,0.03567437555542285,0.0558,0
15,10,Bimodal,20.0,0.0,clean,0.0,QFactor,500,0.0,0.0,0.8267722772277227,0.46243564356435646,8.487527876474042,10.990777681916434,0.8184,0.11751194882322592,0.09833283192268316,0.1184,0
16,10,Bimodal,20.0,0.05,lower,0.0,MaxMin,500,0.5,0.0,0.686079207920792,0.49902970297029703,9.739735694029966,12.126737534789092,0.8186000000000001,0.11790607994236241,0.09469966196365831,0.067,0
16,10,Bimodal,20.0,0.05,lower,0.0,MeanSD,500,0.5,0.0,0.6549900990099009,0.35071287128712875,5.775950660393776,7.183655862254446,0.7818,0.1191518120240613,0.09336080362085333,0.071,0
16,10,Bimodal,20.0,0.05,lower,0.0,MedianMAD,500,0.5,0.0,0.6101188118811881,0.43209900990099004,8.119011462408546,10.24673023565688,0.7594000000000001,0.13329356454344446,0.08591269168384175,0.0708,0
16,10,Bimodal,20.0,0.05,lower,0.0,Percentile,500,0.5,0.0,0.6820198019801981,0.39267326732673263,7.160094609482681,8.990262046555543,0.728,0.1147271748510291,0.03658363456606832,0.049,0
16,10,Bimodal,20.0,0.05,lower,0.0,QFactor,500,0.5,0.0,0.8167128712871287,0.46364356435643567,8.656281457791964,11.23529101610528,0.8186000000000001,0.11790607994236241,0.09781682319022086,0.1164,0
17,10,Bimodal,20.0,0.05,upper,0.0,MaxMin,500,0.5,0.0,0.6876435643564356,0.4901782178217821,9.435725176552586,11.809028674266479,0.818,0.11993652295726334,0.09555376583120051,0.0748,0
17,10,Bimodal,20.0,0.05,upper,0.0,MeanSD,500,0.5,0.0,0.6553663366336634,0.3497227722772278,5.760723565088252,7.234007139649768,0.7774000000000001,0.11990828158214917,0.09400962331404136,0.0802,0
17,10,Bimodal,20.0,0.05,upper,0.0,MedianMAD,500,0.5,0.0,0.6039207920792079,0.4392871287128713,8.354394915336435,10.526699176856928,0.7568,0.1344988471317116,0.08661556621019473,0.0774,0
17,10,Bimodal,20.0,0.05,upper,0.0,Percentile,500,0.5,0.0,0.6790495049504951,0.39025742574257427,7.104635163186357,8.927763850544567,0.7273999999999999,0.11720372616454526,0.037322332981377035,0.056,0
17,10,Bimodal,20.0,0.05,upper,0.0,QFactor,500,0.5,0.0,0.8102574257425742,0.4660990099009901,8.772567013178756,11.43175743434135,0.818,0.11993652295726334,0.09709268180236433,0.1242,0
18,15,Normal,20.0,0.0,clean,0.0,MaxMin,500,0.0,0.0,0.7796435643564357,0.584019801980198,11.9346063512499,14.11167199493866,0.9965333333333333,0.015406031374644934,0.07861194130745341,0.0004,0
18,15,Normal,20.0,0.0,clean,0.0,MeanSD,500,0.0,0.0,0.8256435643564355,0.1753069306930693,2.656729395485423,3.3558300222369737,0.9329333333333334,0.04416341791154672,0.0725058626622882,0.0002666666666666667,0
18,15,Normal,20.0,0.0,clean,0.0,MedianMAD,500,0.0,0.0,0.7841782178217822,0.2274059405940594,3.6847559313827745,4.63301824440105,0.9216000000000001,0.07325568245704026,0.07387012238398162,0.0004,0
18,15,Normal,20.0,0.0,clean,0.0,Percentile,500,0.0,0.0,0.8142178217821782,0.20178217821782177,3.2787574228597682,4.1076145418177425,0.9298666666666668,0.015406031374644935,0.004454279204883475,0.00013333333333333334,0
18,15,Normal,20.0,0.0,clean,0.0,QFactor,500,0.0,0.0,0.8718613861386137,0.49964356435643564,9.103601255787718,11.316699208204804,0.9965333333333333,0.015406031374644934,0.07269571042692952,0.0033333333333333335,0
19,15,Normal,20.0,0.05,lower,0.0,MaxMin,500,0.75,1.0,0.7785148514851484,0.5885346534653465,12.282173758534782,14.547948920171546,0.9301333333333335,0.014265354324423067,0.0760275169339594,0.0002666666666666667,0
19,15,Normal,20.0,0.05,lower,0.0,MeanSD,500,0.75,1.0,0.8192079207920793,0.18219801980198022,2.7775374845889327,3.4913682567221436,0.8753333333333335,0.04411983438589887,0.07105302121538579,0.00013333333333333334,0
19,15,Normal,20.0,0.05,lower,0.0,MedianMAD,500,0.75,1.0,0.7827722772277228,0.22776237623762374,3.7295113478108797,4.729566820432653,0.8636000000000001,0.07036767643200638,0.06980793300241464,0.00013333333333333334,0
19,15,Normal,20.0,0.05,lower,0.0,Percentile,500,0.75,1.0,0.811960396039604,0.20883168316831682,3.41203339808568,4.235421448021599,0.8634666666666669,0.014265354324423066,0.007132677162211555,0.0,0
19,15,Normal,20.0,0.05,lower,0.0,QFactor,500,0.75,1.0,0.8603366336633664,0.5020990099009901,9.253305190311556,11.519483518277232,0.9301333333333335,0.014265354324423067,0.06886597918465723,0.0032,0
20,15,Normal,20.0,0.05,upper,0.0,MaxMin,500,0.75,1.0,0.8180198019801981,0.5879603960396039,12.979599454002583,15.334401280184323,0.9970666666666668,0.01368670020992583,0.06989239140383607,0.0004,0
20,15,Normal,20.0,0.05,upper,0.0,MeanSD,500,0.75,1.0,0.8397821782178216,0.26592079207920793,4.149080795557945,5.10294450018552,0.9697333333333333,0.03774328785655951,0.0665083168358474,0.0002666666666666667,0
20,15,Normal,20.0,0.05,upper,0.0,MedianMAD,500,0.75,1.0,0.7777425742574258,0.22875247524752473,3.7525096601488834,4.939537997881455,0.9298666666666668,0.0702857354921451,0.06962008810171821,0.00013333333333333334,0
20,15,Normal,20.0,0.05,upper,0.0,Percentile,500,0.75,1.0,0.795920792079208,0.21695049504950495,3.485381907691659,4.496489631060514,0.9305333333333334,0.01338600152174453,0.0033465003804362104,0.0,0
20,15,Normal,20.0,0.05,upper,0.0,QFactor,500,0.75,1.0,0.9712871287128713,0.07493069306930693,1.080700119583036,1.4038253921395452,0.9970666666666668,0.01368670020992583,0.06115317657522888,0.0026666666666666666,0
21,15,Compressed Normal,20.0,0.0,clean,0.0,MaxMin,500,0.0,0.0,0.9251485148514851,0.22637623762376236,4.794643521234325,5.7082241765635695,1.0,0.0,0.07841097566830596,0.0,0
21,15,Compressed Normal,20.0,0.0,clean,0.0,MeanSD,500,0.0,0.0,0.9407128712871288,0.05928712871287129,0.9133553388522172,1.1687787646907126,0.936,0.043165751699641985,0.07247369070475794,0.0,0
21,15,Compressed Normal,20.0,0.0,clean,0.0,MedianMAD,500,0.0,0.0,0.9283960396039604,0.07485148514851485,1.221574718465747,1.547034522437775,0.9172,0.07677060132781457,0.07354278182757198,0.0,0
21,15,Compressed Normal,20.0,0.0,clean,0.0,Percentile,500,0.0,0.0,0.938059405940594,0.06920792079207921,1.1158847493226551,1.409650111493843,0.9333333333333335,1.111334915764742e-16,3.0214418022353927e-16,0.0,0
21,15,Compressed Normal,20.0,0.0,clean,0.0,QFactor,500,0.0,0.0,0.9536831683168318,0.244019801980198,3.670839919389544,4.530208841262032,1.0,0.0,0.052338263146050744,0.0,0
22,15,Compressed Normal,20.0,0.05,lower,0.0,MaxMin,500,0.75,1.0,0.922970297029703,0.22671287128712872,4.812618307847869,5.739527490194676,0.9333333333333335,1.111334915764742e-16,0.07581986206687985,0.0,0
22,15,Compressed Normal,20.0,0.05,lower,0.0,MeanSD,500,0.75,1.0,0.9375643564356436,0.062435643564356436,0.942346233827135,1.19846431588612,0.877466666666667,0.04024839375345056,0.07232266717263133,0.0,0
22,15,Compressed Normal,20.0,0.05,lower,0.0,MedianMAD,500,0.75,1.0,0.9273663366336632,0.07502970297029703,1.2170185230510049,1.5600081946359803,0.8653333333333335,0.06882284707617416,0.0701733595669177,0.0,0
22,15,Compressed Normal,20.0,0.05,lower,0.0,Percentile,500,0.75,1.0,0.935920792079208,0.07,1.1350388950272086,1.4328217204146505,0.8666666666666669,2.222669831529484e-16,1.0418764835294457e-16,0.0,0
22,15,Compressed Normal,20.0,0.05,lower,0.0,QFactor,500,0.75,1.0,0.9531485148514851,0.2433069306930693,3.6596820149679044,4.525272588127359,0.9333333333333335,1.111334915764742e-16,0.05085117513013355,0.0,0
23,15,Compressed Normal,20.0,0.05,upper,0.0,MaxMin,500,0.75,1.0,0.928990099009901,0.46324752475247527,15.216954453782066,15.727609584477047,1.0,0.0,0.05203517754828479,0.0,0
23,15,Compressed Normal,20.0,0.05,upper,0.0,MeanSD,500,0.75,1.0,0.9477227722772277,0.2873861386138614,6.112642075920187,7.192354148517295,1.0,0.0,0.042065273944680195,0.0,0
23,15,Compressed Normal,20.0,0.05,upper,0.0,MedianMAD,500,0.75,1.0,0.9234257425742574,0.08188118811881187,1.328476769179588,1.6910058819373364,0.9329333333333334,0.07291872838005195,0.07052268123847762,0.0,0
23,15,Compressed Normal,20.0,0.05,upper,0.0,Percentile,500,0.75,1.0,0.928990099009901,0.08807920792079209,1.3863568885279705,1.8433441301904054,0.9333333333333335,1.111334915764742e-16,3.0214418022353927e-16,0.0,0
23,15,Compressed Normal,20.0,0.05,upper,0.0,QFactor,500,0.75,1.0,0.9730297029702971,0.5278613861386139,9.731057450825944,11.707120166030606,1.0,0.0,0.0276555627535863,0.0,0
24,15,Uniform,20.0,0.0,clean,0.0,MaxMin,500,0.0,0.0,0.6858613861386139,0.44718811881188114,7.867191903955983,9.983897291832285,0.7929333333333334,0.10515046317767521,0.08107627734725828,0.08626666666666667,0
24,15,Uniform,20.0,0.0,clean,0.0,MeanSD,500,0.0,0.0,0.6919207920792078,0.31116831683168317,4.864116869562493,6.214446874272332,0.7561333333333333,0.10477438092086376,0.07610423538915864,0.0804,0
24,15,Uniform,20.0,0.0,clean,0.0,MedianMAD,500,0.0,0.0,0.6193861386138614,0.4014653465346535,6.952249724145302,8.886030476812921,0.7434666666666667,0.11841933800084536,0.07419078801339454,0.08026666666666667,0
24,15,Uniform,20.0,0.0,clean,0.0,Percentile,500,0.0,0.0,0.6824158415841585,0.3617227722772277,6.14991544713583,7.806000632991413,0.7361333333333332,0.10398936279807806,0.0333743900672045,0.0612,0
24,15,Uniform,20.0,0.0,clean,0.0,QFactor,500,0.0,0.0,0.8260396039603961,0.389049504950495,6.535943837840805,8.793056886393835,0.7929333333333334,0.10515046317767521,0.08085451720274985,0.12933333333333333,0
25,15,Uniform,20.0,0.05,lower,0.0,MaxMin,500,0.75,1.0,0.6634653465346534,0.450970297029703,8.073115671248113,10.285537936544289,0.7348,0.09892578227426323,0.07774527498840711,0.07973333333333334,0
25,15,Uniform,20.0,0.05,lower,0.0,MeanSD,500,0.75,1.0,0.6919207920792079,0.31091089108910896,4.804604975757241,6.060005787506844,0.702,0.09477792252463155,0.07249943153813748,0.0744,0
25,15,Uniform,20.0,0.05,lower,0.0,MedianMAD,500,0.75,1.0,0.6232475247524752,0.39992079207920794,6.911452290368042,8.791593826477879,0.686,0.10639536305635279,0.06913036953603453,0.0716,0
25,15,Uniform,20.0,0.05,lower,0.0,Percentile,500,0.75,1.0,0.683009900990099,0.36334653465346545,6.134053194129688,7.718455386470962,0.6821333333333333,0.0962021178182852,0.030861786592891155,0.05413333333333333,0
25,15,Uniform,20.0,0.05,lower,0.0,QFactor,500,0.75,1.0,0.8183366336633664,0.39083168316831685,6.637388944242272,8.928661137148813,0.7348,0.09892578227426323,0.07747171782121087,0.12253333333333333,0
26,15,Uniform,20.0,0.05,upper,0.0,MaxMin,500,0.75,1.0,0.7608316831683167,0.3992079207920791,7.114385857486185,9.474687621580289,0.7930666666666667,0.09945708779929123,0.07862464733404023,0.08546666666666666,0
26,15,Uniform,20.0,0.05,upper,0.0,MeanSD,500,0.75,1.0,0.712138613861386,0.36390099009900995,5.776616378197728,7.053848798210912,0.7677333333333333,0.09619211831032644,0.07053764698745339,0.08533333333333333,0
26,15,Uniform,20.0,0.05,upper,0.0,MedianMAD,500,0.75,1.0,0.6038415841584159,0.4141782178217822,7.2371520672740575,9.330116535106088,0.7533333333333333,0.10462474429446321,0.0698855594791213,0.08426666666666667,0
26,15,Uniform,20.0,0.05,upper,0.0,Percentile,500,0.75,1.0,0.6670495049504952,0.37087128712871287,6.257707752142208,7.852406955903972,0.7387999999999999,0.09632008909657212,0.031614306766562086,0.055466666666666664,0
26,15,Uniform,20.0,0.05,upper,0.0,QFactor,500,0.75,1.0,0.973009900990099,0.06291089108910891,0.9852490676424163,1.2962231935574073,0.7930666666666667,0.09945708779929123,0.0777848425252471,0.12506666666666666,0
27,15,Right-skewed,20.0,0.0,clean,0.0,MaxMin,500,0.0,0.0,0.8277029702970297,0.44338613861386134,10.980711334811053,14.464076452524914,0.5982666666666666,0.12365192021364983,0.0762958253725692,0.13946666666666666,0
27,15,Right-skewed,20.0,0.0,clean,0.0,MeanSD,500,0.0,0.0,0.8316237623762376,0.17019801980198018,2.743771540894843,3.7362322422028607,0.5934666666666667,0.12027571679960536,0.07102415227950307,0.16373333333333334,0
27,15,Right-skewed,20.0,0.0,clean,0.0,MedianMAD,500,0.0,0.0,0.8036435643564357,0.20792079207920788,3.8020317622273616,5.093446863678194,0.5902666666666666,0.12349623645526614,0.06781652737974705,0.16733333333333333,0
27,15,Right-skewed,20.0,0.0,clean,0.0,Percentile,500,0.0,0.0,0.8247326732673268,0.2051683168316831,3.5500904832228835,4.597872471859599,0.5656,0.11896053919867522,0.03715358610393414,0.10626666666666666,0
27,15,Right-skewed,20.0,0.0,clean,0.0,QFactor,500,0.0,0.0,0.8682970297029702,0.468019801980198,13.346610531620588,16.448255977794364,0.5976,0.12403632540526213,0.07471203421739173,0.14466666666666667,0
28,15,Right-skewed,20.0,0.05,lower,0.0,MaxMin,500,0.75,1.0,0.8107128712871288,0.445009900990099,10.96206277228022,14.411385277560154,0.5664000000000001,0.11492853539311428,0.07374428854373856,0.1204,0
28,15,Right-skewed,20.0,0.05,lower,0.0,MeanSD,500,0.75,1.0,0.8158019801980196,0.1897029702970297,3.145490552678642,4.193646918743657,0.5606666666666668,0.11289395753028258,0.06858453201472553,0.14733333333333334,0
28,15,Right-skewed,20.0,0.05,lower,0.0,MedianMAD,500,0.75,1.0,0.7964950495049504,0.21805940594059406,4.129872350661753,5.486466498648441,0.5564000000000001,0.1171601168741818,0.06482419290378263,0.14813333333333334,0
28,15,Right-skewed,20.0,0.05,lower,0.0,Percentile,500,0.75,1.0,0.8153663366336634,0.21427722772277225,3.854573891562206,4.975116082288432,0.5309333333333333,0.11227697406180669,0.03578388678084346,0.08853333333333334,0
28,15,Right-skewed,20.0,0.05,lower,0.0,QFactor,500,0.75,1.0,0.856950495049505,0.4663564356435644,13.21856042373273,16.358053466457577,0.5650666666666666,0.1153817784508709,0.0727026448547908,0.1288,0
29,15,Right-skewed,20.0,0.05,upper,0.0,MaxMin,500,0.75,1.0,0.8775049504950495,0.6298415841584158,11.147592072172282,12.12388371508214,0.6361333333333332,0.11825638922116513,0.058748532956847274,0.1216,0
29,15,Right-skewed,20.0,0.05,upper,0.0,MeanSD,500,0.75,1.0,0.8173069306930694,0.47451485148514844,10.230628648711201,13.576357190439785,0.6670666666666666,0.11289521983380274,0.05902194591840346,0.3021333333333333,0
29,15,Right-skewed,20.0,0.05,upper,0.0,MedianMAD,500,0.75,1.0,0.7788118811881187,0.2331485148514851,4.286861857518285,5.893980361215272,0.6333333333333333,0.11776134964809924,0.06503507427191449,0.15893333333333334,0
29,15,Right-skewed,20.0,0.05,upper,0.0,Percentile,500,0.75,1.0,0.7724752475247526,0.3560594059405941,5.968949603122154,8.726482525088956,0.6021333333333333,0.11432619444050551,0.036265654026077815,0.0904,0
29,15,Right-skewed,20.0,0.05,upper,0.0,QFactor,500,0.75,1.0,0.9720198019801981,0.4553465346534653,7.097961634873872,8.547696129887273,0.6361333333333332,0.11825638922116513,0.057101821230836874,0.13306666666666667,0
30,15,Left-skewed,20.0,0.0,clean,0.0,MaxMin,500,0.0,0.0,0.7731485148514851,0.5757029702970297,13.943901896224629,17.42854735661388,0.9987999999999999,0.008872284647695848,0.0769020255000496,0.0002666666666666667,0
30,15,Left-skewed,20.0,0.0,clean,0.0,MeanSD,500,0.0,0.0,0.8116633663366336,0.1898613861386139,2.9213846719674703,3.7272648353571936,0.9220000000000002,0.04226392249846882,0.07299963913537558,0.0,0
30,15,Left-skewed,20.0,0.0,clean,0.0,MedianMAD,500,0.0,0.0,0.7683366336633662,0.2452079207920792,4.059616275933973,5.189440685219971,0.8973333333333335,0.08206855837850711,0.07492728721049337,0.0,0
30,15,Left-skewed,20.0,0.0,clean,0.0,Percentile,500,0.0,0.0,0.8008118811881189,0.21566336633663366,3.5399862686305084,4.5038186559925375,0.9321333333333335,0.008872284647695846,0.002218071161924042,0.0,0
30,15,Left-skewed,20.0,0.0,clean,0.0,QFactor,500,0.0,0.0,0.9097227722772276,0.2883366336633663,4.32357867298336,5.543528847585231,0.9987999999999999,0.008872284647695848,0.06406904269875904,0.0012,0
31,15,Left-skewed,20.0,0.05,lower,0.0,MaxMin,500,0.75,1.0,0.7674851485148515,0.5767524752475248,14.050709029501531,17.580166370099736,0.9321333333333335,0.008872284647695846,0.07428142913024469,0.0,0
31,15,Left-skewed,20.0,0.05,lower,0.0,MeanSD,500,0.75,1.0,0.8045148514851483,0.19714851485148518,3.0177413197255114,3.8207526993585925,0.8661333333333335,0.04199097569281791,0.07168441206269849,0.0,0
31,15,Left-skewed,20.0,0.05,lower,0.0,MedianMAD,500,0.75,1.0,0.7617029702970297,0.24966336633663366,4.119858128708035,5.245985095354472,0.8469333333333334,0.07420277693057328,0.06982053760459764,0.0,0
31,15,Left-skewed,20.0,0.05,lower,0.0,Percentile,500,0.75,1.0,0.7977227722772278,0.2224752475247525,3.6784026837091868,4.647703578873054,0.8654666666666669,0.008872284647695848,0.004436142323847965,0.0,0
31,15,Left-skewed,20.0,0.05,lower,0.0,QFactor,500,0.75,1.0,0.9079207920792078,0.30536633663366336,4.594774001322525,5.874579940466286,0.9321333333333335,0.008872284647695846,0.06207378247969554,0.0012,0
32,15,Left-skewed,20.0,0.05,upper,0.0,MaxMin,500,0.75,1.0,0.7859999999999999,0.6336831683168317,15.784963053984807,18.637957426610694,0.9981333333333334,0.011009196374378067,0.07546082774727894,0.00013333333333333334,0
32,15,Left-skewed,20.0,0.05,upper,0.0,MeanSD,500,0.75,1.0,0.820039603960396,0.21879207920792082,3.234945622387908,3.9759078602908904,0.9352,0.041526001705380566,0.06961946618416298,0.0,0
32,15,Left-skewed,20.0,0.05,upper,0.0,MedianMAD,500,0.75,1.0,0.7550297029702971,0.2506336633663366,4.1949938648869605,5.374319512646636,0.9058666666666668,0.08276710772750541,0.07142569575714972,0.00013333333333333334,0
32,15,Left-skewed,20.0,0.05,upper,0.0,Percentile,500,0.75,1.0,0.794950495049505,0.2172871287128713,3.4970663785760565,4.408383073838102,0.9314666666666667,0.011009196374378067,0.0027522990935945927,0.0,0
32,15,Left-skewed,20.0,0.05,upper,0.0,QFactor,500,0.75,1.0,0.9719207920792081,0.04574257425742574,0.7532292735455153,1.0386180782782575,0.9981333333333334,0.011009196374378067,0.06329533483250367,0.0018666666666666666,0
33,15,Bimodal,20.0,0.0,clean,0.0,MaxMin,500,0.0,0.0,0.7104950495049505,0.44445544554455446,7.766542288749304,9.737788445518918,0.8133333333333332,0.10295132699113817,0.08096278599937662,0.0876,0
33,15,Bimodal,20.0,0.0,clean,0.0,MeanSD,500,0.0,0.0,0.704831683168317,0.2964158415841584,4.542974540958624,5.706837712468854,0.7717333333333334,0.10441647934052987,0.0763915676216089,0.08106666666666666,0
33,15,Bimodal,20.0,0.0,clean,0.0,MedianMAD,500,0.0,0.0,0.6305940594059407,0.3882178217821782,6.685892144436037,8.445672190950795,0.7618666666666667,0.11552434362575947,0.07348800182962674,0.082,0
33,15,Bimodal,20.0,0.0,clean,0.0,Percentile,500,0.0,0.0,0.6936039603960397,0.35219801980198023,5.8190663174343165,7.258813990945932,0.7552000000000001,0.10209159748698117,0.03269527645656927,0.0644,0
33,15,Bimodal,20.0,0.0,clean,0.0,QFactor,500,0.0,0.0,0.8331683168316831,0.4280990099009901,7.4422477465101196,9.677905427532242,0.8133333333333332,0.10295132699113817,0.08237267817423559,0.12266666666666666,0
34,15,Bimodal,20.0,0.05,lower,0.0,MaxMin,500,0.75,1.0,0.7131287128712872,0.4509306930693069,8.005743649060564,10.082671687366217,0.7625333333333334,0.09620165490104779,0.0779828366264918,0.07386666666666666,0
34,15,Bimodal,20.0,0.05,lower,0.0,MeanSD,500,0.75,1.0,0.691861386138614,0.3101980198019802,4.810695695938778,5.99452942581574,0.7233333333333333,0.09109785871218992,0.07164742857558665,0.06973333333333333,0
34,15,Bimodal,20.0,0.05,lower,0.0,MedianMAD,500,0.75,1.0,0.6328910891089109,0.3862376237623763,6.635527515912786,8.430697669916869,0.7122666666666665,0.10484041163937845,0.06953005162901904,0.07106666666666667,0
34,15,Bimodal,20.0,0.05,lower,0.0,Percentile,500,0.75,1.0,0.6944950495049506,0.3525544554455446,5.95787986831044,7.534838164195669,0.7042666666666665,0.09404215999067346,0.03050333531971813,0.053066666666666665,0
34,15,Bimodal,20.0,0.05,lower,0.0,QFactor,500,0.75,1.0,0.8343564356435643,0.4299405940594059,7.485097455788215,9.716163024226008,0.7625333333333334,0.09620165490104779,0.07890617577111306,0.10986666666666667,0
35,15,Bimodal,20.0,0.05,upper,0.0,MaxMin,500,0.75,1.0,0.7717029702970297,0.41021782178217825,7.205629165954321,9.442962359587321,0.8293333333333334,0.0955570572551888,0.07829066393490207,0.0772,0
35,15,Bimodal,20.0,0.05,upper,0.0,MeanSD,500,0.75,1.0,0.7049306930693067,0.3734059405940594,5.875923553258331,7.18854184239295,0.8038666666666667,0.09204947698072409,0.07089677581480115,0.07733333333333334,0
35,15,Bimodal,20.0,0.05,upper,0.0,MedianMAD,500,0.75,1.0,0.6049702970297031,0.4124950495049504,7.1589534713768455,9.031749661735894,0.7813333333333332,0.10960547455962324,0.07169296868517228,0.07493333333333334,0
35,15,Bimodal,20.0,0.05,upper,0.0,Percentile,500,0.75,1.0,0.6674455445544555,0.36598019801980197,6.190965742136456,7.781407819142689,0.7724,0.09136886708873815,0.03014728587447892,0.05226666666666667,0
35,15,Bimodal,20.0,0.05,upper,0.0,QFactor,500,0.75,1.0,0.9706138613861386,0.04653465346534653,0.7332115130167971,1.0219242917448177,0.8293333333333334,0.0955570572551888,0.07902913420768981,0.10933333333333334,0
36,20,Normal,20.0,0.0,clean,0.0,MaxMin,500,0.0,0.0,0.7807722772277228,0.5731287128712871,11.332352229923371,13.398494885691981,0.9954999999999999,0.01466902725886905,0.07245279418163605,0.0008,0
36,20,Normal,20.0,0.0,clean,0.0,MeanSD,500,0.0,0.0,0.850059405940594,0.15152475247524752,2.2448227014422435,2.8537526136656175,0.9321999999999999,0.03585709780400319,0.06295255116396026,0.0003,0
36,20,Normal,20.0,0.0,clean,0.0,MedianMAD,500,0.0,0.0,0.8107326732673268,0.19386138613861384,3.0046257242313357,3.8478374742635615,0.919,0.06721633783645378,0.06424058950466552,0.0005,0
36,20,Normal,20.0,0.0,clean,0.0,Percentile,500,0.0,0.0,0.8331287128712873,0.1793465346534653,2.7898182100736673,3.5053929834920377,0.8955000000000001,0.014669027258869049,0.010974968776583572,0.0003,0
36,20,Normal,20.0,0.0,clean,0.0,QFactor,500,0.0,0.0,0.8695643564356434,0.4917227722772277,8.799410088498766,10.952637058241375,0.9954999999999999,0.01466902725886905,0.06456231242339894,0.0044,0
37,20,Normal,20.0,0.05,lower,0.0,MaxMin,500,1.0,1.0,0.7755643564356435,0.57409900990099,11.430074487955737,13.531524457049867,0.9461999999999998,0.013998282173453098,0.06981366754106358,0.0012,0
37,20,Normal,20.0,0.05,lower,0.0,MeanSD,500,1.0,1.0,0.8352871287128714,0.16647524752475248,2.490943529881461,3.1617260842711166,0.8862000000000001,0.0381112179005043,0.061266464164605454,0.0004,0
37,20,Normal,20.0,0.05,lower,0.0,MedianMAD,500,1.0,1.0,0.7942376237623763,0.21172277227722772,3.398307944585522,4.361483059574981,0.8722,0.065312260585326,0.06315797855105536,0.0006,0
37,20,Normal,20.0,0.05,lower,0.0,Percentile,500,1.0,1.0,0.822970297029703,0.18956435643564357,3.0121717928457667,3.79224085863331,0.8461999999999998,0.013998282173453098,0.004114549809444696,0.0003,0
37,20,Normal,20.0,0.05,lower,0.0,QFactor,500,1.0,1.0,0.8727722772277229,0.49297029702970296,8.85992028705824,11.02247128490418,0.9461999999999998,0.013998282173453098,0.06299000638538016,0.0036,0
38,20,Normal,20.0,0.05,upper,0.0,MaxMin,500,1.0,1.0,0.8317623762376238,0.5730297029702971,12.058840845421985,14.261348759768476,0.9963,0.014551064116890831,0.06311068916540871,0.0011,0
38,20,Normal,20.0,0.05,upper,0.0,MeanSD,500,1.0,1.0,0.8542574257425742,0.22578217821782176,3.3895750844692345,4.157186828526775,0.9608,0.03457964000688862,0.059555702727132454,0.0006,0
38,20,Normal,20.0,0.05,upper,0.0,MedianMAD,500,1.0,1.0,0.8004554455445545,0.20512871287128712,3.1884685810293143,4.084194049608557,0.9279,0.061352410192859946,0.06026843237838231,0.0005,0
38,20,Normal,20.0,0.05,upper,0.0,Percentile,500,1.0,1.0,0.8160990099009902,0.1939207920792079,3.0186499512203753,3.836819633991441,0.8963000000000002,0.01455106411689083,0.01014280308780877,0.0,0
38,20,Normal,20.0,0.05,upper,0.0,QFactor,500,1.0,1.0,0.9727524752475248,0.0727920792079208,1.0729084959664719,1.3960999904980824,0.9963,0.014551064116890831,0.05349713219014744,0.0036,0
39,20,Compressed Normal,20.0,0.0,clean,0.0,MaxMin,500,0.0,0.0,0.9222178217821783,0.22245544554455446,4.555759195307137,5.430411928571673,1.0,0.0,0.07188270214554687,0.0,0
39,20,Compressed Normal,20.0,0.0,clean,0.0,MeanSD,500,0.0,0.0,0.9465346534653465,0.05346534653465347,0.8053469481441364,1.0114463700743077,0.9391999999999999,0.036960684306012744,0.06350439001537464,0.0,0
39,20,Compressed Normal,20.0,0.0,clean,0.0,MedianMAD,500,0.0,0.0,0.9358613861386138,0.06532673267326733,1.0210514091343497,1.3074441378651682,0.9262,0.0627809117946812,0.06353904651102717,0.0,0
39,20,Compressed Normal,20.0,0.0,clean,0.0,Percentile,500,0.0,0.0,0.9417425742574259,0.06259405940594061,0.9801031454021504,1.2305585179351555,0.9000000000000002,2.222669831529484e-16,1.0939703077059182e-15,0.0,0
39,20,Compressed Normal,20.0,0.0,clean,0.0,QFactor,500,0.0,0.0,0.9570495049504951,0.23431683168316833,3.501038774428628,4.3112784056384,1.0,0.0,0.0504319382269698,0.0,0
40,20,Compressed Normal,20.0,0.05,lower,0.0,MaxMin,500,1.0,1.0,0.9224554455445544,0.22247524752475245,4.534876218119612,5.413166145521827,0.9499999999999997,2.222669831529484e-16,0.06768532380293107,0.0,0
40,20,Compressed Normal,20.0,0.05,lower,0.0,MeanSD,500,1.0,1.0,0.9474455445544555,0.05300990099009902,0.7764741195558569,0.9937726417654025,0.8884,0.0368531723549717,0.06177442992048055,0.0,0
40,20,Compressed Normal,20.0,0.05,lower,0.0,MedianMAD,500,1.0,1.0,0.9317821782178217,0.07037623762376238,1.094403311341029,1.3988885413223455,0.8725,0.06601109702057464,0.06319091142432096,0.0,0
40,20,Compressed Normal,20.0,0.05,lower,0.0,Percentile,500,1.0,1.0,0.9432079207920792,0.06047524752475248,0.9374134708106509,1.1919556953269324,0.8499999999999998,2.222669831529484e-16,4.5147980952942655e-16,0.0,0
40,20,Compressed Normal,20.0,0.05,lower,0.0,QFactor,500,1.0,1.0,0.9564554455445545,0.2312277227722772,3.4397054816973927,4.246657888396734,0.9499999999999997,2.222669831529484e-16,0.04746821086840574,0.0,0
41,20,Compressed Normal,20.0,0.05,upper,0.0,MaxMin,500,1.0,1.0,0.9295841584158416,0.4624752475247525,14.906539803727492,15.465146605677864,1.0,0.0,0.04671300681683744,0.0,0
41,20,Compressed Normal,20.0,0.05,upper,0.0,MeanSD,500,1.0,1.0,0.9524554455445545,0.2511089108910891,4.995707170625631,5.863249361581702,0.9995,0.004979919597583563,0.03949700109056792,0.0,0
41,20,Compressed Normal,20.0,0.05,upper,0.0,MedianMAD,500,1.0,1.0,0.9302178217821782,0.07356435643564356,1.119442435000066,1.412830176122242,0.9355,0.05815077837872941,0.05990846450702529,0.0,0
41,20,Compressed Normal,20.0,0.05,upper,0.0,Percentile,500,1.0,1.0,0.937049504950495,0.06730693069306931,1.0290946568868382,1.3259693872437746,0.9000000000000002,2.222669831529484e-16,1.0939703077059182e-15,0.0,0
41,20,Compressed Normal,20.0,0.05,upper,0.0,QFactor,500,1.0,1.0,0.972059405940594,0.5274851485148514,9.733727767640938,11.71109432245625,1.0,0.0,0.02513363502967725,0.0,0
42,20,Uniform,20.0,0.0,clean,0.0,MaxMin,500,0.0,0.0,0.711009900990099,0.4061980198019802,6.779053292110446,8.696021515266091,0.7928,0.0909103370291713,0.07264507805050727,0.0974,0
42,20,Uniform,20.0,0.0,clean,0.0,MeanSD,500,0.0,0.0,0.7176039603960397,0.2842178217821782,4.279483245295213,5.395077547280681,0.7532000000000001,0.09031097466138087,0.0658986243482604,0.0816,0
42,20,Uniform,20.0,0.0,clean,0.0,MedianMAD,500,0.0,0.0,0.6353663366336634,0.3767128712871288,6.219330666722263,7.894548781218486,0.7462000000000001,0.09846293668076127,0.0638007094613035,0.086,0
42,20,Uniform,20.0,0.0,clean,0.0,Percentile,500,0.0,0.0,0.6950891089108912,0.33714851485148517,5.483948619036836,6.9235751597669095,0.7203999999999999,0.07227924029176226,0.029862534917843138,0.0678,0
42,20,Uniform,20.0,0.0,clean,0.0,QFactor,500,0.0,0.0,0.8449306930693069,0.35461386138613865,5.721124464006304,7.742911865473285,0.7928,0.0909103370291713,0.07225202339709175,0.1274,0
43,20,Uniform,20.0,0.05,lower,0.0,MaxMin,500,1.0,1.0,0.7043168316831683,0.4062178217821782,6.684881761322577,8.508966737884196,0.7535,0.09032756022539601,0.06947913900140625,0.0951,0
43,20,Uniform,20.0,0.05,lower,0.0,MeanSD,500,1.0,1.0,0.7205940594059406,0.28178217821782175,4.182153208350005,5.244316234892086,0.7178,0.08745545674129004,0.0639923240643489,0.0809,0
43,20,Uniform,20.0,0.05,lower,0.0,MedianMAD,500,1.0,1.0,0.6396039603960395,0.37150495049504956,6.08956850451432,7.726102062104789,0.7064,0.09781705553074788,0.06277052262831226,0.0832,0
43,20,Uniform,20.0,0.05,lower,0.0,Percentile,500,1.0,1.0,0.6920990099009902,0.33697029702970294,5.417775612838999,6.79947934502324,0.6932,0.06806633567413636,0.02894734995569613,0.0669,0
43,20,Uniform,20.0,0.05,lower,0.0,QFactor,500,1.0,1.0,0.842059405940594,0.3622970297029703,5.840655510799541,7.813518662166034,0.7535,0.09032756022539601,0.06827580018992654,0.1194,0
44,20,Uniform,20.0,0.05,upper,0.0,MaxMin,500,1.0,1.0,0.7918811881188119,0.34526732673267324,5.684124042135444,7.667798889301189,0.801,0.08935865900896095,0.07248236302071555,0.0906,0
44,20,Uniform,20.0,0.05,upper,0.0,MeanSD,500,1.0,1.0,0.7393069306930692,0.30384158415841583,4.627220331663223,5.693632116325757,0.7711999999999999,0.09059235038288714,0.06476097282100375,0.0815,0
44,20,Uniform,20.0,0.05,upper,0.0,MedianMAD,500,1.0,1.0,0.6217623762376238,0.39158415841584154,6.455954946078248,8.197737267968733,0.7549,0.10194004878895335,0.06385068188920459,0.0805,0
44,20,Uniform,20.0,0.05,upper,0.0,Percentile,500,1.0,1.0,0.6789108910891091,0.3412673267326733,5.450112809496886,6.768431953594378,0.7296,0.07234852187318322,0.029955561340406427,0.0621,0
44,20,Uniform,20.0,0.05,upper,0.0,QFactor,500,1.0,1.0,0.9725346534653465,0.06093069306930693,0.9469985967970432,1.2639446344823162,0.801,0.08935865900896095,0.07125788448758671,0.1186,0
45,20,Right-skewed,20.0,0.0,clean,0.0,MaxMin,500,0.0,0.0,0.8252475247524752,0.43330693069306925,10.277554287538912,13.602019821031112,0.6123999999999999,0.10572888533597986,0.0684961313066988,0.147,0
45,20,Right-skewed,20.0,0.0,clean,0.0,MeanSD,500,0.0,0.0,0.8444752475247524,0.1568910891089109,2.4337072134799778,3.2817061203797158,0.6075,0.10416549765543102,0.06091248040109777,0.1518,0
45,20,Right-skewed,20.0,0.0,clean,0.0,MedianMAD,500,0.0,0.0,0.8173267326732674,0.187960396039604,3.2601106569974276,4.396243375992322,0.6086999999999999,0.1091473145457326,0.06051635029928323,0.1611,0
45,20,Right-skewed,20.0,0.0,clean,0.0,Percentile,500,0.0,0.0,0.8304158415841584,0.190019801980198,3.149188626624962,4.094760407366699,0.5887,0.09594645091344321,0.032224686398025115,0.1083,0
45,20,Right-skewed,20.0,0.0,clean,0.0,QFactor,500,0.0,0.0,0.8651089108910892,0.46180198019801977,12.483537069004221,15.4014307246932,0.6122000000000001,0.10579956093570697,0.06590656147436054,0.1385,0
46,20,Right-skewed,20.0,0.05,lower,0.0,MaxMin,500,1.0,1.0,0.8282970297029703,0.4315841584158415,10.267716777243976,13.627030399144154,0.5789000000000001,0.1007973720909473,0.06713553558148733,0.142,0
46,20,Right-skewed,20.0,0.05,lower,0.0,MeanSD,500,1.0,1.0,0.8455841584158416,0.15596039603960396,2.4173471155638264,3.2910971296504656,0.5739000000000001,0.09931524069380356,0.06080525004208018,0.1569,0
46,20,Right-skewed,20.0,0.05,lower,0.0,MedianMAD,500,1.0,1.0,0.8164752475247524,0.1911089108910891,3.2530705028386198,4.3680667226532535,0.5739000000000001,0.10141182730547198,0.058589642965713645,0.1615,0
46,20,Right-skewed,20.0,0.05,lower,0.0,Percentile,500,1.0,1.0,0.8293465346534654,0.19239603960396034,3.1741480820945362,4.142340146786559,0.5569000000000001,0.09558065349559652,0.03103389117128577,0.1035,0
46,20,Right-skewed,20.0,0.05,lower,0.0,QFactor,500,1.0,1.0,0.8655049504950495,0.4597821782178218,12.478640471844987,15.435350781019912,0.5785,0.10096106315082606,0.06529653280942,0.1335,0
47,20,Right-skewed,20.0,0.05,upper,0.0,MaxMin,500,1.0,1.0,0.9025346534653466,0.618990099009901,10.476392533238558,11.477462850576623,0.6285,0.10292685692156106,0.052613793933515486,0.1444,0
47,20,Right-skewed,20.0,0.05,upper,0.0,MeanSD,500,1.0,1.0,0.8487326732673268,0.40958415841584156,8.210038927879708,10.884578882679566,0.6542,0.09742352223857818,0.05296385379515105,0.3019,0
47,20,Right-skewed,20.0,0.05,upper,0.0,MedianMAD,500,1.0,1.0,0.7993465346534654,0.20835643564356432,3.5425988100522425,4.886138526285632,0.6276,0.1018773674374833,0.05737274545954786,0.1694,0
47,20,Right-skewed,20.0,0.05,upper,0.0,Percentile,500,1.0,1.0,0.781940594059406,0.2636039603960396,4.322854572598355,6.094954910502955,0.603,0.08987298987247078,0.030911453282408307,0.1039,0
47,20,Right-skewed,20.0,0.05,upper,0.0,QFactor,500,1.0,1.0,0.97390099009901,0.45544554455445546,7.0836031116964095,8.528872768221943,0.6285,0.10292685692156106,0.04923497719841763,0.1357,0
48,20,Left-skewed,20.0,0.0,clean,0.0,MaxMin,500,0.0,0.0,0.776930693069307,0.5638415841584159,12.997348832191609,16.255410440930785,0.9982000000000001,0.009846517547622176,0.06930677769967042,0.0006,0
48,20,Left-skewed,20.0,0.0,clean,0.0,MeanSD,500,0.0,0.0,0.8365346534653466,0.16372277227722773,2.43674958805255,3.126681088047224,0.9208999999999999,0.03620513255391412,0.06356854245416364,0.0,0
48,20,Left-skewed,20.0,0.0,clean,0.0,MedianMAD,500,0.0,0.0,0.7883762376237624,0.21542574257425742,3.3728440282191627,4.32238234798699,0.9097999999999999,0.06650417739678045,0.06426925804199975,0.0,0
48,20,Left-skewed,20.0,0.0,clean,0.0,Percentile,500,0.0,0.0,0.819069306930693,0.19207920792079206,2.9781611176630265,3.7892341944555272,0.8982000000000001,0.009846517547622176,0.007179405633283351,0.0,0
48,20,Left-skewed,20.0,0.0,clean,0.0,QFactor,500,0.0,0.0,0.9185544554455446,0.26950495049504947,4.012948984569753,5.110313764458071,0.9982000000000001,0.009846517547622176,0.056758086887202006,0.0018,0
49,20,Left-skewed,20.0,0.05,lower,0.0,MaxMin,500,1.0,1.0,0.7778811881188119,0.5665742574257425,13.119377808914459,16.371453107156526,0.9486999999999998,0.007964726847010812,0.06815496817460151,0.0003,0
49,20,Left-skewed,20.0,0.05,lower,0.0,MeanSD,500,1.0,1.0,0.840990099009901,0.15966336633663367,2.379067681299987,3.0589901934650103,0.8743,0.036567531619422645,0.06267039210241804,0.0001,0
49,20,Left-skewed,20.0,0.05,lower,0.0,MedianMAD,500,1.0,1.0,0.7854257425742576,0.22005940594059406,3.449719372924597,4.395709315774202,0.859,0.06861790461437403,0.06565519288635902,0.0001,0
49,20,Left-skewed,20.0,0.05,lower,0.0,Percentile,500,1.0,1.0,0.8207722772277227,0.19097029702970297,2.975920743645971,3.791606779271853,0.8486999999999998,0.007964726847010812,0.0019911817117529325,0.0001,0
49,20,Left-skewed,20.0,0.05,lower,0.0,QFactor,500,1.0,1.0,0.915128712871287,0.27653465346534656,4.125862130080636,5.266362319038255,0.9486999999999998,0.007964726847010812,0.05551379567256515,0.0013,0
50,20,Left-skewed,20.0,0.05,upper,0.0,MaxMin,500,1.0,1.0,0.7975841584158417,0.6190693069306931,14.59589385128249,17.28526859344122,0.998,0.00980777165158015,0.06762585925070427,0.0001,0
50,20,Left-skewed,20.0,0.05,upper,0.0,MeanSD,500,1.0,1.0,0.8395049504950496,0.18487128712871284,2.676153841469106,3.380848475687598,0.9308,0.03555119935460829,0.06097012424813214,0.0,0
50,20,Left-skewed,20.0,0.05,upper,0.0,MedianMAD,500,1.0,1.0,0.7803762376237624,0.22518811881188114,3.5433624213212145,4.517388521389534,0.9099,0.0644616211493506,0.061344134066704345,0.0,0
50,20,Left-skewed,20.0,0.05,upper,0.0,Percentile,500,1.0,1.0,0.80809900990099,0.19877227722772278,3.0938587077492867,3.901607764373568,0.8980000000000002,0.00980777165158015,0.007355828738685443,0.0,0
50,20,Left-skewed,20.0,0.05,upper,0.0,QFactor,500,1.0,1.0,0.9735643564356437,0.04477227722772278,0.744892421467227,1.0201142064122737,0.998,0.00980777165158015,0.05558155676603737,0.002,0
51,20,Bimodal,20.0,0.0,clean,0.0,MaxMin,500,0.0,0.0,0.7401782178217822,0.4091683168316831,6.796567809877607,8.582011438992389,0.8181,0.08509919945272687,0.07176555532335012,0.0918,0
51,20,Bimodal,20.0,0.0,clean,0.0,MeanSD,500,0.0,0.0,0.7396039603960396,0.2610891089108911,3.900269892263093,4.889799196066425,0.7716000000000001,0.085428543661614,0.06488948841047326,0.0742,0
51,20,Bimodal,20.0,0.0,clean,0.0,MedianMAD,500,0.0,0.0,0.6549108910891088,0.3561782178217822,5.771984497354089,7.278783979832286,0.7643,0.09751681423280928,0.06549974962594231,0.0775,0
51,20,Bimodal,20.0,0.0,clean,0.0,Percentile,500,0.0,0.0,0.7120000000000001,0.31576237623762377,4.9869453025555135,6.288768602316131,0.7400999999999999,0.06772121030112575,0.028255869129535725,0.0649,0
51,20,Bimodal,20.0,0.0,clean,0.0,QFactor,500,0.0,0.0,0.8618217821782179,0.40481188118811884,6.662888253844161,8.587443782828,0.8181,0.08509919945272687,0.07122503780361517,0.1167,0
52,20,Bimodal,20.0,0.05,lower,0.0,MaxMin,500,1.0,1.0,0.7323168316831683,0.411049504950495,6.829503996830637,8.692753450775623,0.7710999999999999,0.08846152204073546,0.07063828389516671,0.0884,0
52,20,Bimodal,20.0,0.05,lower,0.0,MeanSD,500,1.0,1.0,0.7361188118811881,0.2648910891089109,4.008919126822874,5.085741072279132,0.7315999999999999,0.0847100441693093,0.06386215004200704,0.0762,0
52,20,Bimodal,20.0,0.05,lower,0.0,MedianMAD,500,1.0,1.0,0.6462970297029704,0.3604950495049506,5.8565680077234825,7.345227076711231,0.7235,0.09628755155870534,0.06486693415876646,0.0807,0
52,20,Bimodal,20.0,0.05,lower,0.0,Percentile,500,1.0,1.0,0.7050891089108913,0.3222178217821783,5.2047154234198425,6.601898018119677,0.7035,0.06842597626966615,0.028895896857213874,0.0629,0
52,20,Bimodal,20.0,0.05,lower,0.0,QFactor,500,1.0,1.0,0.8489306930693068,0.4090693069306931,6.868381224590102,8.909470549632536,0.7710999999999999,0.08846152204073546,0.07031316512840721,0.112,0
53,20,Bimodal,20.0,0.05,upper,0.0,MaxMin,500,1.0,1.0,0.8184554455445545,0.36247524752475246,5.794822411279619,7.572751065269076,0.8239,0.08430899128814226,0.06974363949354982,0.0904,0
53,20,Bimodal,20.0,0.05,upper,0.0,MeanSD,500,1.0,1.0,0.7552871287128713,0.3132673267326732,4.623995137238602,5.648151676480338,0.7922,0.08380457274412688,0.06259478103243746,0.0835,0
53,20,Bimodal,20.0,0.05,upper,0.0,MedianMAD,500,1.0,1.0,0.6335643564356436,0.37702970297029703,6.0755863439660756,7.633633370784466,0.7829,0.09439497243838407,0.06329333373084747,0.0842,0
53,20,Bimodal,20.0,0.05,upper,0.0,Percentile,500,1.0,1.0,0.6951485148514851,0.32522772277227724,5.10663660117895,6.382834412799927,0.7457999999999999,0.0680560301993364,0.02870006665124173,0.0628,0
53,20,Bimodal,20.0,0.05,upper,0.0,QFactor,500,1.0,1.0,0.9721386138613862,0.04445544554455446,0.7093738539293828,0.9969036649797348,0.8239,0.08430899128814226,0.06816801460131594,0.1133,0
54,25,Normal,20.0,0.0,clean,0.0,MaxMin,500,0.0,0.0,0.7987128712871288,0.5643960396039603,10.875152027267925,12.858878272752369,0.99504,0.013673783115487061,0.0650679311402496,0.00048,0
54,25,Normal,20.0,0.0,clean,0.0,MeanSD,500,0.0,0.0,0.8605346534653467,0.14025742574257427,2.0619954500465014,2.5919216541037224,0.93048,0.03548362686579686,0.05712615085796592,0.00016,0
54,25,Normal,20.0,0.0,clean,0.0,MedianMAD,500,0.0,0.0,0.81190099009901,0.19203960396039604,2.9338793047070544,3.745937521313422,0.92688,0.05722249932376001,0.05871335158631545,0.00048,0
54,25,Normal,20.0,0.0,clean,0.0,Percentile,500,0.0,0.0,0.8402772277227722,0.1660792079207921,2.5297841919498953,3.169798868818957,0.9151200000000002,0.013585091439472832,0.003920605688797524,0.00024,0
54,25,Normal,20.0,0.0,clean,0.0,QFactor,500,0.0,0.0,0.8888316831683168,0.48021782178217826,8.287587439387908,10.26457163429456,0.99504,0.013673783115487061,0.05839161817045479,0.00456,0
55,25,Normal,20.0,0.05,lower,0.0,MaxMin,500,1.25,1.0,0.7848118811881187,0.563920792079208,10.93878310682223,12.952002299623905,0.9559200000000002,0.012636176078694971,0.06513238785508454,0.00072,0
55,25,Normal,20.0,0.05,lower,0.0,MeanSD,500,1.25,1.0,0.8561584158415841,0.14443564356435645,2.1176782360195374,2.66612457831721,0.8926400000000001,0.037307023843454905,0.05710621839475908,0.00032,0
55,25,Normal,20.0,0.05,lower,0.0,MedianMAD,500,1.25,1.0,0.813920792079208,0.18942574257425743,2.901105081377525,3.693283884627508,0.88624,0.062386268464991325,0.057108191481598305,0.00032,0
55,25,Normal,20.0,0.05,lower,0.0,Percentile,500,1.25,1.0,0.837841584158416,0.16996039603960397,2.598129968465097,3.2562981883276274,0.8759200000000001,0.012636176078695,0.0060162510252977,0.00024,0
55,25,Normal,20.0,0.05,lower,0.0,QFactor,500,1.25,1.0,0.8772673267326733,0.47560396039603964,8.210321867031604,10.206734070590937,0.9559200000000002,0.012636176078694971,0.05807444608464989,0.004,0
56,25,Normal,20.0,0.05,upper,0.0,MaxMin,500,1.25,1.0,0.8394653465346534,0.5671485148514851,11.705243158199591,13.829421822374774,0.9950399999999999,0.014134991899254282,0.059123994755740816,0.00112,0
56,25,Normal,20.0,0.05,upper,0.0,MeanSD,500,1.25,1.0,0.8715643564356437,0.19071287128712872,2.819299435641207,3.4800374470139963,0.9546399999999999,0.03203314916286846,0.05411247638872705,0.00072,0
56,25,Normal,20.0,0.05,upper,0.0,MedianMAD,500,1.25,1.0,0.8133861386138614,0.1905940594059406,2.9089686447720857,3.7234175595615846,0.92848,0.05581325863698838,0.056108242802334424,0.00072,0
56,25,Normal,20.0,0.05,upper,0.0,Percentile,500,1.25,1.0,0.8339207920792079,0.17429702970297029,2.6537657377963404,3.3611991237551075,0.9150400000000001,0.014134991899254289,0.004212064758816452,0.00032,0
56,25,Normal,20.0,0.05,upper,0.0,QFactor,500,1.25,1.0,0.9709306930693069,0.07374257425742574,1.080056045391295,1.4112928851854485,0.9950399999999999,0.014134991899254282,0.04819007920206317,0.0048,0
57,25,Compressed Normal,20.0,0.0,clean,0.0,MaxMin,500,0.0,0.0,0.9252871287128713,0.21825742574257426,4.336955650310218,5.166654669308836,1.0,0.0,0.06612819539414679,0.0,0
57,25,Compressed Normal,20.0,0.0,clean,0.0,MeanSD,500,0.0,0.0,0.951980198019802,0.04805940594059406,0.7071949024944938,0.8867730547217101,0.9348000000000001,0.03343045303882016,0.05631202119195654,0.0,0
57,25,Compressed Normal,20.0,0.0,clean,0.0,MedianMAD,500,0.0,0.0,0.9372673267326733,0.0636039603960396,0.9700606844972244,1.2265936661447028,0.92272,0.060503909345530585,0.0587104485244954,0.0,0
57,25,Compressed Normal,20.0,0.0,clean,0.0,Percentile,500,0.0,0.0,0.9458613861386139,0.05740594059405941,0.8683363462620751,1.0853562833390038,0.9200000000000002,1.111334915764742e-16,1.4690458417765185e-15,0.0,0
57,25,Compressed Normal,20.0,0.0,clean,0.0,QFactor,500,0.0,0.0,0.9583366336633663,0.22516831683168317,3.342243967288977,4.120076238610056,1.0,0.0,0.04548104093830765,0.0,0
58,25,Compressed Normal,20.0,0.05,lower,0.0,MaxMin,500,1.25,1.0,0.9218415841584158,0.2191287128712871,4.375025068951978,5.219338757828373,0.9600000000000002,2.222669831529484e-16,0.06449065791264184,0.0,0
58,25,Compressed Normal,20.0,0.05,lower,0.0,MeanSD,500,1.25,1.0,0.9515445544554455,0.04845544554455446,0.7198801034208606,0.9260336956394408,0.8997600000000001,0.03106561676661484,0.05594483068599419,0.0,0
58,25,Compressed Normal,20.0,0.05,lower,0.0,MedianMAD,500,1.25,1.0,0.937108910891089,0.06364356435643566,0.9708119335874571,1.2241696136104028,0.89192,0.05497597945133188,0.0560187680611562,0.0,0
58,25,Compressed Normal,20.0,0.05,lower,0.0,Percentile,500,1.25,1.0,0.9467524752475247,0.05730693069306931,0.8809851984181707,1.11533476736516,0.8800000000000002,2.222669831529484e-16,1.5020385970882843e-15,0.0,0
58,25,Compressed Normal,20.0,0.05,lower,0.0,QFactor,500,1.25,1.0,0.9550495049504951,0.22368316831683166,3.336408973017243,4.133945374947426,0.9600000000000002,2.222669831529484e-16,0.045914659101754074,0.0,0
59,25,Compressed Normal,20.0,0.05,upper,0.0,MaxMin,500,1.25,1.0,0.9292475247524752,0.46172277227722774,14.657598187460428,15.259747577711392,1.0,0.0,0.04551103776947485,0.0,0
59,25,Compressed Normal,20.0,0.05,upper,0.0,MeanSD,500,1.25,1.0,0.9558019801980198,0.22572277227722773,4.251036307142344,4.985493740609586,0.9992000000000001,0.005605608414024549,0.039186552908708705,0.0,0
59,25,Compressed Normal,20.0,0.05,upper,0.0,MedianMAD,500,1.25,1.0,0.9337821782178217,0.06875247524752476,1.0346851582085805,1.3273360841822477,0.9348800000000002,0.054336825276807665,0.05677926334375198,0.0,0
59,25,Compressed Normal,20.0,0.05,upper,0.0,Percentile,500,1.25,1.0,0.9430297029702971,0.06057425742574258,0.8991035783164287,1.1368317376611703,0.9200000000000002,1.111334915764742e-16,1.4690458417765185e-15,0.0,0
59,25,Compressed Normal,20.0,0.05,upper,0.0,QFactor,500,1.25,1.0,0.9695247524752475,0.5271089108910891,9.739955752033902,11.72008379245189,1.0,0.0,0.022540783348327695,0.0,0
60,25,Uniform,20.0,0.0,clean,0.0,MaxMin,500,0.0,0.0,0.724910891089109,0.3720990099009901,5.968258424033054,7.724108124644752,0.78472,0.08360682869004908,0.0673072597371168,0.10896,0
60,25,Uniform,20.0,0.0,clean,0.0,MeanSD,500,0.0,0.0,0.7440396039603961,0.2576435643564356,3.8066718992071222,4.79207593901401,0.7486399999999999,0.08263538960536497,0.060466961642292816,0.08368,0
60,25,Uniform,20.0,0.0,clean,0.0,MedianMAD,500,0.0,0.0,0.6557821782178217,0.3514257425742574,5.605040271151805,7.097506394678486,0.7432000000000001,0.08970760787034532,0.060097060858463905,0.08864,0
60,25,Uniform,20.0,0.0,clean,0.0,Percentile,500,0.0,0.0,0.7065148514851486,0.31403960396039604,4.932556719439313,6.1877385305132195,0.7193599999999999,0.07975658358562321,0.025710272697736715,0.06944,0
60,25,Uniform,20.0,0.0,clean,0.0,QFactor,500,0.0,0.0,0.858871287128713,0.32473267326732674,5.065179579300055,6.834544033148204,0.78472,0.08360682869004908,0.06632481124560784,0.13,0
61,25,Uniform,20.0,0.05,lower,0.0,MaxMin,500,1.25,1.0,0.733128712871287,0.36831683168316826,5.898995646921171,7.629677946443184,0.7587200000000001,0.07902183559625785,0.06403088509367602,0.10192,0
61,25,Uniform,20.0,0.05,lower,0.0,MeanSD,500,1.25,1.0,0.7497623762376238,0.2506138613861386,3.6757562155266816,4.623018804441626,0.7216800000000001,0.0793585102323159,0.05708078997225789,0.08048,0
61,25,Uniform,20.0,0.05,lower,0.0,MedianMAD,500,1.25,1.0,0.6691485148514852,0.33732673267326724,5.327371121093441,6.8304447907918595,0.7193599999999999,0.0896373812660794,0.0574161834664302,0.08832,0
61,25,Uniform,20.0,0.05,lower,0.0,Percentile,500,1.25,1.0,0.7127128712871288,0.30528712871287134,4.7538473936992816,5.976139479230981,0.6926399999999999,0.07592997512342863,0.025380443425666907,0.06856,0
61,25,Uniform,20.0,0.05,lower,0.0,QFactor,500,1.25,1.0,0.8541386138613861,0.3175841584158416,4.954001708100049,6.74548893677564,0.7587200000000001,0.07902183559625785,0.0626148963028844,0.1268,0
62,25,Uniform,20.0,0.05,upper,0.0,MaxMin,500,1.25,1.0,0.8067920792079207,0.3232079207920792,5.206299568848935,7.137688387333671,0.8018400000000001,0.08019899099310804,0.06491287371534302,0.0996,0
62,25,Uniform,20.0,0.05,upper,0.0,MeanSD,500,1.25,1.0,0.7634455445544555,0.2633663366336634,3.9881430398059776,5.055911577949835,0.77152,0.08088742269537706,0.0579458088340333,0.0832,0
62,25,Uniform,20.0,0.05,upper,0.0,MedianMAD,500,1.25,1.0,0.6593267326732675,0.3481980198019802,5.535623913774692,7.169662397432765,0.76488,0.09258796175163726,0.05846140603408629,0.08672,0
62,25,Uniform,20.0,0.05,upper,0.0,Percentile,500,1.25,1.0,0.7014653465346534,0.3146930693069307,4.890058314329878,6.091374155468055,0.73432,0.0766203560283808,0.02499373313412935,0.0668,0
62,25,Uniform,20.0,0.05,upper,0.0,QFactor,500,1.25,1.0,0.9731881188118812,0.06146534653465346,0.9533526936674579,1.2666992623897104,0.8018400000000001,0.08019899099310804,0.06238801643114242,0.11912,0
63,25,Right-skewed,20.0,0.0,clean,0.0,MaxMin,500,0.0,0.0,0.8347722772277228,0.42734653465346534,9.901739744320986,13.158229688124576,0.6099199999999998,0.09904146618486671,0.06535618847646209,0.15768,0
63,25,Right-skewed,20.0,0.0,clean,0.0,MeanSD,500,0.0,0.0,0.8606930693069308,0.14023762376237625,2.1099444092182438,2.8396057990153825,0.6059200000000001,0.09776743088105651,0.05691935574014132,0.15888,0
63,25,Right-skewed,20.0,0.0,clean,0.0,MedianMAD,500,0.0,0.0,0.8286336633663367,0.17673267326732675,2.9614133143385937,4.051159829025697,0.6028,0.1030912975534915,0.05647066466042689,0.17168,0
63,25,Right-skewed,20.0,0.0,clean,0.0,Percentile,500,0.0,0.0,0.8401188118811882,0.17752475247524752,2.813497708090756,3.6821589768008876,0.57872,0.08543629393086573,0.029563466451268842,0.11408,0
63,25,Right-skewed,20.0,0.0,clean,0.0,QFactor,500,0.0,0.0,0.8667524752475246,0.4580198019801981,12.037000259557027,14.854396709168672,0.6092799999999999,0.09929754077119136,0.06202703371621522,0.13792,0
64,25,Right-skewed,20.0,0.05,lower,0.0,MaxMin,500,1.25,1.0,0.8315445544554456,0.43,9.985507925715472,13.221832210597505,0.58456,0.0966036797533291,0.061112403298452994,0.14856,0
64,25,Right-skewed,20.0,0.05,lower,0.0,MeanSD,500,1.25,1.0,0.8514653465346533,0.14928712871287128,2.275728323856747,3.049397544786087,0.58016,0.09456563709635164,0.05452597747780297,0.15176,0
64,25,Right-skewed,20.0,0.05,lower,0.0,MedianMAD,500,1.25,1.0,0.8201188118811882,0.1825940594059406,3.030374837249838,4.06130726745468,0.58048,0.09577743070507233,0.05433766157324321,0.16416,0
64,25,Right-skewed,20.0,0.05,lower,0.0,Percentile,500,1.25,1.0,0.8332673267326732,0.18346534653465343,2.9633602016925673,3.8824392968381627,0.5568000000000001,0.08093244170442704,0.028817418869221054,0.108,0
64,25,Right-skewed,20.0,0.05,lower,0.0,QFactor,500,1.25,1.0,0.8670693069306932,0.4584950495049505,12.09043418257277,14.910118003602449,0.58408,0.09649235798912058,0.059347097417645836,0.13328,0
65,25,Right-skewed,20.0,0.05,upper,0.0,MaxMin,500,1.25,1.0,0.9105544554455446,0.6102772277227724,10.122765037650193,11.167913558696405,0.63376,0.0977146801531626,0.04948990723396866,0.15,0
65,25,Right-skewed,20.0,0.05,upper,0.0,MeanSD,500,1.25,1.0,0.8796237623762375,0.3591881188118812,6.707705520059285,8.908800462642022,0.6516000000000001,0.09524065079117347,0.049486797596291474,0.2904,0
65,25,Right-skewed,20.0,0.05,upper,0.0,MedianMAD,500,1.25,1.0,0.8234257425742574,0.18312871287128712,2.969749579792999,4.141867768923716,0.63176,0.09859586547811605,0.0537512137038841,0.16896,0
65,25,Right-skewed,20.0,0.05,upper,0.0,Percentile,500,1.25,1.0,0.8154851485148515,0.19700990099009902,3.103095249737139,4.274509904901575,0.59984,0.08595085513825906,0.02939268990233855,0.10384,0
65,25,Right-skewed,20.0,0.05,upper,0.0,QFactor,500,1.25,1.0,0.9714059405940594,0.4544554455445544,7.0816597520091085,8.528987238498464,0.63376,0.0977146801531626,0.04477239812137746,0.13544,0
66,25,Left-skewed,20.0,0.0,clean,0.0,MaxMin,500,0.0,0.0,0.7783168316831683,0.5585148514851485,12.65218060263838,15.819771530971526,0.9985600000000001,0.0074590666541264755,0.06374681350550755,0.00016,0
66,25,Left-skewed,20.0,0.0,clean,0.0,MeanSD,500,0.0,0.0,0.8488712871287127,0.1512673267326733,2.233265921131979,2.8625102516523357,0.92104,0.03362707183089005,0.057257071230392614,0.0,0
66,25,Left-skewed,20.0,0.0,clean,0.0,MedianMAD,500,0.0,0.0,0.8033663366336634,0.20231683168316839,3.1280430664767196,4.042491292129255,0.9084000000000001,0.06683092656466003,0.059883094319990574,0.0,0
66,25,Left-skewed,20.0,0.0,clean,0.0,Percentile,500,0.0,0.0,0.8292277227722773,0.17708910891089108,2.7067259324648094,3.496336893785915,0.9185599999999999,0.007459066654126473,0.001864766663532739,0.0,0
66,25,Left-skewed,20.0,0.0,clean,0.0,QFactor,500,0.0,0.0,0.9225148514851486,0.2549108910891089,3.7819949225655978,4.832343854607958,0.9985600000000001,0.0074590666541264755,0.05324885040436852,0.00144,0
67,25,Left-skewed,20.0,0.05,lower,0.0,MaxMin,500,1.25,1.0,0.7821386138613861,0.5548514851485148,12.326987123733016,15.418586360299965,0.9587200000000002,0.007047050577630842,0.06099471807701824,0.00024,0
67,25,Left-skewed,20.0,0.05,lower,0.0,MeanSD,500,1.25,1.0,0.8498415841584157,0.1513069306930693,2.228244765428606,2.862988137820057,0.8820000000000001,0.033392065825885074,0.05604711469666522,0.0,0
67,25,Left-skewed,20.0,0.05,lower,0.0,MedianMAD,500,1.25,1.0,0.7966336633663366,0.20697029702970296,3.1897909576549854,4.089214918482753,0.87016,0.06058477887111352,0.05669655668494228,0.0,0
67,25,Left-skewed,20.0,0.05,lower,0.0,Percentile,500,1.25,1.0,0.826930693069307,0.1785940594059406,2.7189421294742266,3.4775226869192313,0.8787200000000002,0.007047050577630863,0.0035235252888160466,0.0,0
67,25,Left-skewed,20.0,0.05,lower,0.0,QFactor,500,1.25,1.0,0.9230297029702971,0.25774257425742575,3.841199487493416,4.904269196155704,0.9587200000000002,0.007047050577630842,0.05158237931726645,0.0012,0
68,25,Left-skewed,20.0,0.05,upper,0.0,MaxMin,500,1.25,1.0,0.8031881188118812,0.6164158415841584,14.420200122881127,17.05984883006437,0.9992000000000001,0.005605608414024549,0.06225188156110589,0.0,0
68,25,Left-skewed,20.0,0.05,upper,0.0,MeanSD,500,1.25,1.0,0.8540990099009901,0.1699207920792079,2.424990047250646,2.9931611580981436,0.93072,0.0325330354684832,0.054448472076797705,0.0,0
68,25,Left-skewed,20.0,0.05,upper,0.0,MedianMAD,500,1.25,1.0,0.7942574257425741,0.20815841584158412,3.2204442748210815,4.113936097017047,0.914,0.062126640331485454,0.058165251002626955,0.0,0
68,25,Left-skewed,20.0,0.05,upper,0.0,Percentile,500,1.25,1.0,0.8279207920792079,0.18011881188118817,2.7403678391057555,3.4739916901003407,0.9192,0.00560560841402455,0.0014014021035072626,0.0,0
68,25,Left-skewed,20.0,0.05,upper,0.0,QFactor,500,1.25,1.0,0.9716831683168319,0.04681188118811881,0.7737973638573673,1.067453715677677,0.9992000000000001,0.005605608414024549,0.04945416926233816,0.0008,0
69,25,Bimodal,20.0,0.0,clean,0.0,MaxMin,500,0.0,0.0,0.7714851485148515,0.3741782178217822,5.913015687122128,7.4639424495964715,0.81824,0.07282519769171708,0.06530042499988115,0.10216,0
69,25,Bimodal,20.0,0.0,clean,0.0,MeanSD,500,0.0,0.0,0.7798811881188118,0.22027722772277228,3.230218960036926,4.111005427452146,0.77304,0.07417386280791702,0.05919804001544712,0.07968,0
69,25,Bimodal,20.0,0.0,clean,0.0,MedianMAD,500,0.0,0.0,0.6779999999999999,0.32837623762376233,5.194755744654929,6.588396695560248,0.7664000000000001,0.08623405722364279,0.05796576880290195,0.08248,0
69,25,Bimodal,20.0,0.0,clean,0.0,Percentile,500,0.0,0.0,0.7397623762376239,0.278990099009901,4.248122240127625,5.395346278679789,0.7474400000000001,0.07139496398040639,0.023017486393386022,0.07008,0
69,25,Bimodal,20.0,0.0,clean,0.0,QFactor,500,0.0,0.0,0.8731881188118813,0.3706138613861386,5.8761341822327005,7.582056863556872,0.81824,0.07282519769171708,0.06418992663948597,0.12056,0
70,25,Bimodal,20.0,0.05,lower,0.0,MaxMin,500,1.25,1.0,0.753009900990099,0.3860792079207921,6.257563766674686,7.9782609624321585,0.788,0.07406870016875805,0.06353817845179263,0.0896,0
70,25,Bimodal,20.0,0.05,lower,0.0,MeanSD,500,1.25,1.0,0.7611881188118812,0.2394851485148515,3.5478113111448755,4.516943953576631,0.74576,0.07419050385139224,0.057134069771169124,0.06896,0
70,25,Bimodal,20.0,0.05,lower,0.0,MedianMAD,500,1.25,1.0,0.6753861386138613,0.330039603960396,5.234042071633512,6.697626155161922,0.7441599999999999,0.08378983155337816,0.057715569311744416,0.07536,0
70,25,Bimodal,20.0,0.05,lower,0.0,Percentile,500,1.25,1.0,0.724930693069307,0.2968118811881188,4.566093227550416,5.758269656676925,0.71944,0.07142190544331835,0.02383080540223768,0.06088,0
70,25,Bimodal,20.0,0.05,lower,0.0,QFactor,500,1.25,1.0,0.8610891089108911,0.38562376237623763,6.272527073492321,8.14099228909412,0.788,0.07406870016875805,0.06272441618129199,0.10832,0
71,25,Bimodal,20.0,0.05,upper,0.0,MaxMin,500,1.25,1.0,0.815980198019802,0.3398613861386139,5.363222791261337,7.110538746425461,0.82872,0.07293971486102764,0.0625848712042747,0.09184,0
71,25,Bimodal,20.0,0.05,upper,0.0,MeanSD,500,1.25,1.0,0.7722376237623764,0.27760396039603963,4.076821419305349,5.06422622504945,0.79104,0.07266828578904995,0.056913356658557616,0.07544,0
71,25,Bimodal,20.0,0.05,upper,0.0,MedianMAD,500,1.25,1.0,0.6655247524752476,0.34712871287128716,5.449207348994107,6.834193532084,0.78304,0.08395269208916434,0.056411933105235,0.0748,0
71,25,Bimodal,20.0,0.05,upper,0.0,Percentile,500,1.25,1.0,0.7196039603960397,0.3036039603960396,4.65987865156064,5.80950023105369,0.75968,0.07054254106707811,0.022729175042382085,0.05984,0
71,25,Bimodal,20.0,0.05,upper,0.0,QFactor,500,1.25,1.0,0.9729504950495049,0.045346534653465345,0.7283003246388862,1.0144899381119248,0.82872,0.07293971486102764,0.06072563118175657,0.11032,0
72,30,Normal,20.0,0.0,clean,0.0,MaxMin,500,0.0,0.0,0.7873465346534654,0.553089108910891,10.410368642567915,12.315392146134831,0.9959333333333334,0.011896345913438477,0.06076747332461896,0.0010666666666666667,0
72,30,Normal,20.0,0.0,clean,0.0,MeanSD,500,0.0,0.0,0.8688514851485147,0.13142574257425743,1.9140225012385377,2.41399669553404,0.9326666666666668,0.032412120194696845,0.05170706986980935,6.666666666666667e-05,0
72,30,Normal,20.0,0.0,clean,0.0,MedianMAD,500,0.0,0.0,0.8252871287128711,0.1766336633663366,2.6736955441946098,3.433691612949419,0.9275333333333335,0.052712274038741076,0.05271698080439405,0.00013333333333333334,0
72,30,Normal,20.0,0.0,clean,0.0,Percentile,500,0.0,0.0,0.8472475247524752,0.15801980198019802,2.3814469283061492,2.988845823919927,0.9292666666666668,0.011896345913438477,0.0032173794298279434,0.0,0
72,30,Normal,20.0,0.0,clean,0.0,QFactor,500,0.0,0.0,0.8842376237623761,0.4609702970297029,7.7265348311222875,9.623105253647013,0.9959333333333334,0.011896345913438477,0.05404938950645488,0.004066666666666666,0
73,30,Normal,20.0,0.05,lower,0.0,MaxMin,500,1.5,2.0,0.7857029702970296,0.5584752475247524,10.596153432374374,12.502384730429421,0.9294000000000001,0.011562229373002662,0.05809489607800832,0.0012,0
73,30,Normal,20.0,0.05,lower,0.0,MeanSD,500,1.5,2.0,0.8651683168316833,0.13487128712871288,1.961340999805961,2.4940201476697426,0.868066666666667,0.030071465386732568,0.04978777616533308,0.0002666666666666667,0
73,30,Normal,20.0,0.05,lower,0.0,MedianMAD,500,1.5,2.0,0.8311485148514851,0.17209900990099009,2.6104021899205607,3.3644648103237227,0.8622666666666668,0.05282675246498158,0.05141977369867623,0.0004,0
73,30,Normal,20.0,0.05,lower,0.0,Percentile,500,1.5,2.0,0.8468316831683168,0.15845544554455446,2.3931218755061905,3.026672778841869,0.8627333333333336,0.011562229373002664,0.0034506882947941946,0.00013333333333333334,0
73,30,Normal,20.0,0.05,lower,0.0,QFactor,500,1.5,2.0,0.8761980198019802,0.46796039603960393,8.012222452137811,10.004832578855575,0.9294000000000001,0.011562229373002662,0.05094746094612075,0.0038666666666666667,0
74,30,Normal,20.0,0.05,upper,0.0,MaxMin,500,1.5,2.0,0.8477425742574257,0.5693069306930693,11.448887322384078,13.403833799973615,0.9962666666666666,0.010522743126794059,0.051271941910927515,0.0006,0
74,30,Normal,20.0,0.05,upper,0.0,MeanSD,500,1.5,2.0,0.884059405940594,0.25655445544554456,3.8759425078802754,4.66323153187497,0.9612666666666667,0.027102237634405862,0.046803114824107615,0.0003333333333333333,0
74,30,Normal,20.0,0.05,upper,0.0,MedianMAD,500,1.5,2.0,0.8228910891089108,0.18825742574257426,2.8321472923248034,3.6178571218686693,0.9331333333333335,0.049242355947278514,0.04977337803534664,0.0003333333333333333,0
74,30,Normal,20.0,0.05,upper,0.0,Percentile,500,1.5,2.0,0.8305346534653465,0.20659405940594058,3.1393825252531085,4.218474545053421,0.9296666666666668,0.010440103893947155,0.0026100259734872684,0.0002,0
74,30,Normal,20.0,0.05,upper,0.0,QFactor,500,1.5,2.0,0.9803168316831683,0.05398019801980198,0.8178348075470285,1.0778805574631862,0.9962666666666666,0.010522743126794059,0.043080201589627116,0.0036,0
75,30,Compressed Normal,20.0,0.0,clean,0.0,MaxMin,500,0.0,0.0,0.9247722772277228,0.21546534653465346,4.156834814294286,4.952752133100313,1.0,0.0,0.0617127554819705,0.0,0
75,30,Compressed Normal,20.0,0.0,clean,0.0,MeanSD,500,0.0,0.0,0.9571683168316832,0.04283168316831683,0.628373588407744,0.7891076527088889,0.9351333333333335,0.030998452062688343,0.05313275692320302,0.0,0
75,30,Compressed Normal,20.0,0.0,clean,0.0,MedianMAD,500,0.0,0.0,0.9438811881188118,0.05611881188118812,0.85375236488785,1.1053328099939388,0.9252,0.05314076792599879,0.05372898898942346,0.0,0
75,30,Compressed Normal,20.0,0.0,clean,0.0,Percentile,500,0.0,0.0,0.9482376237623763,0.05283168316831684,0.7854888993842604,0.9949804374371832,0.9333333333333335,1.111334915764742e-16,6.980572439647287e-16,0.0,0
75,30,Compressed Normal,20.0,0.0,clean,0.0,QFactor,500,0.0,0.0,0.9597821782178219,0.2151881188118812,3.174930354869515,3.9188472810503447,1.0,0.0,0.04412950765726146,0.0,0
76,30,Compressed Normal,20.0,0.05,lower,0.0,MaxMin,500,1.5,2.0,0.9257821782178218,0.2166138613861386,4.262535797031047,5.0915714664005085,0.9333333333333335,1.111334915764742e-16,0.05978736969202293,0.0,0
76,30,Compressed Normal,20.0,0.05,lower,0.0,MeanSD,500,1.5,2.0,0.9559603960396039,0.044198019801980196,0.6467371983516589,0.8101557526097216,0.8753333333333335,0.02832046153450715,0.05110245442844834,0.0,0
76,30,Compressed Normal,20.0,0.05,lower,0.0,MedianMAD,500,1.5,2.0,0.9405544554455446,0.06045544554455446,0.9040153836949548,1.1485836751714593,0.8683333333333335,0.0513403078484684,0.05133281871834833,0.0,0
76,30,Compressed Normal,20.0,0.05,lower,0.0,Percentile,500,1.5,2.0,0.9482574257425742,0.05417821782178217,0.801589954593523,1.0083451791928104,0.8666666666666669,2.222669831529484e-16,3.577109260117764e-16,0.0,0
76,30,Compressed Normal,20.0,0.05,lower,0.0,QFactor,500,1.5,2.0,0.9596633663366335,0.2184356435643564,3.221148721758112,3.972964199082585,0.9333333333333335,1.111334915764742e-16,0.041949083687125785,0.0,0
77,30,Compressed Normal,20.0,0.05,upper,0.0,MaxMin,500,1.5,2.0,0.9385742574257425,0.46647524752475245,14.815105355432664,15.45684653924947,1.0,0.0,0.0402950239009719,0.0,0
77,30,Compressed Normal,20.0,0.05,upper,0.0,MeanSD,500,1.5,2.0,0.9636633663366336,0.28213861386138617,5.964466833022259,7.018002123222395,1.0,0.0,0.028732732832050745,0.0,0
77,30,Compressed Normal,20.0,0.05,upper,0.0,MedianMAD,500,1.5,2.0,0.9404356435643565,0.06532673267326733,0.9493136726466338,1.2140445740236967,0.9357333333333334,0.05050200011030645,0.049318492120308824,0.0,0
77,30,Compressed Normal,20.0,0.05,upper,0.0,Percentile,500,1.5,2.0,0.941980198019802,0.08598019801980199,1.25530819263584,1.8188293448654642,0.9333333333333335,1.111334915764742e-16,6.980572439647287e-16,0.0,0
77,30,Compressed Normal,20.0,0.05,upper,0.0,QFactor,500,1.5,2.0,0.9802772277227723,0.5366930693069307,9.989277338772842,12.01376597234986,1.0,0.0,0.018632231311143013,0.0,0
78,30,Uniform,20.0,0.0,clean,0.0,MaxMin,500,0.0,0.0,0.7564950495049505,0.3398415841584158,5.26459718872173,6.882486733756072,0.7822000000000001,0.06951852739595833,0.05920961413518777,0.1162,0
78,30,Uniform,20.0,0.0,clean,0.0,MeanSD,500,0.0,0.0,0.7697425742574259,0.2336831683168317,3.3766308519432964,4.242141034477768,0.7417333333333334,0.06532122636721639,0.05117109616142616,0.08646666666666666,0
78,30,Uniform,20.0,0.0,clean,0.0,MedianMAD,500,0.0,0.0,0.6745544554455446,0.3344950495049504,5.169355832559375,6.509217543755864,0.7396666666666666,0.07671370286093285,0.05204841450221698,0.09193333333333334,0
78,30,Uniform,20.0,0.0,clean,0.0,Percentile,500,0.0,0.0,0.7315247524752475,0.28796039603960394,4.364886226507926,5.444913381319939,0.7298666666666666,0.06773676898907635,0.020087009077405203,0.07566666666666666,0
78,30,Uniform,20.0,0.0,clean,0.0,QFactor,500,0.0,0.0,0.8625742574257425,0.3060990099009901,4.707899269338737,6.3806324200018425,0.7822000000000001,0.06951852739595833,0.05737333012744475,0.13373333333333334,0
79,30,Uniform,20.0,0.05,lower,0.0,MaxMin,500,1.5,2.0,0.7505940594059406,0.3462574257425743,5.376081424170357,6.969787573489741,0.7321333333333333,0.07266520194879826,0.05837281968035972,0.1056,0
79,30,Uniform,20.0,0.05,lower,0.0,MeanSD,500,1.5,2.0,0.7584158415841583,0.24241584158415846,3.5351127327271907,4.431475846511131,0.6943333333333332,0.07075868399354794,0.05119121256737866,0.0806,0
79,30,Uniform,20.0,0.05,lower,0.0,MedianMAD,500,1.5,2.0,0.6644554455445545,0.34255445544554447,5.275482331789527,6.563641647978487,0.6916666666666668,0.08065847355666211,0.051916677112359325,0.0856,0
79,30,Uniform,20.0,0.05,lower,0.0,Percentile,500,1.5,2.0,0.7181584158415842,0.29914851485148514,4.543687900841762,5.66312403769039,0.6777333333333333,0.07142173584367767,0.02116837332583372,0.07126666666666667,0
79,30,Uniform,20.0,0.05,lower,0.0,QFactor,500,1.5,2.0,0.8652079207920793,0.30386138613861385,4.692826511224603,6.384515953723271,0.7321333333333333,0.07266520194879826,0.05719976047206166,0.1218,0
80,30,Uniform,20.0,0.05,upper,0.0,MaxMin,500,1.5,2.0,0.8262178217821782,0.30702970297029697,4.813773599371591,6.577306870608915,0.805,0.07005024121879845,0.05726980833937189,0.10086666666666666,0
80,30,Uniform,20.0,0.05,upper,0.0,MeanSD,500,1.5,2.0,0.7823564356435644,0.31724752475247525,4.839134252246622,5.843463003621814,0.7725333333333334,0.06881171649418417,0.05077390268792577,0.07913333333333333,0
80,30,Uniform,20.0,0.05,upper,0.0,MedianMAD,500,1.5,2.0,0.6683762376237624,0.3557821782178219,5.540637087546582,7.075243404615866,0.7721333333333333,0.07527211823488919,0.05272352603848053,0.08506666666666667,0
80,30,Uniform,20.0,0.05,upper,0.0,Percentile,500,1.5,2.0,0.7278415841584157,0.34837623762376235,5.394704564370361,6.610636839558671,0.7505333333333333,0.06774137097992658,0.02010657090927613,0.0632,0
80,30,Uniform,20.0,0.05,upper,0.0,QFactor,500,1.5,2.0,0.9805940594059405,0.04304950495049506,0.6996240825189882,0.942662597929938,0.805,0.07005024121879845,0.05624615612055496,0.11573333333333333,0
81,30,Right-skewed,20.0,0.0,clean,0.0,MaxMin,500,0.0,0.0,0.8384356435643564,0.4184356435643564,9.386865829577586,12.51721556466505,0.6062,0.08897974370371696,0.0576823328876066,0.16773333333333335,0
81,30,Right-skewed,20.0,0.0,clean,0.0,MeanSD,500,0.0,0.0,0.8633861386138614,0.13675247524752476,2.0374032283990977,2.7434521174933115,0.6025333333333333,0.08722843470947964,0.05141535470696331,0.16193333333333335,0
81,30,Right-skewed,20.0,0.0,clean,0.0,MedianMAD,500,0.0,0.0,0.8328910891089109,0.16902970297029699,2.740071571238592,3.7234331028268444,0.603,0.09050871836815354,0.05114926777953044,0.17253333333333334,0
81,30,Right-skewed,20.0,0.0,clean,0.0,Percentile,500,0.0,0.0,0.8387128712871288,0.16934653465346533,2.631644467253186,3.4514568903724636,0.5787333333333332,0.0833430588847197,0.026350172038410183,0.1192,0
81,30,Right-skewed,20.0,0.0,clean,0.0,QFactor,500,0.0,0.0,0.8693861386138615,0.4506732673267327,11.372558122357354,14.06649020687229,0.606,0.08880562789462265,0.056047231499237626,0.14153333333333334,0
82,30,Right-skewed,20.0,0.05,lower,0.0,MaxMin,500,1.5,2.0,0.8356633663366336,0.421029702970297,9.44748502107758,12.561914360236944,0.5726666666666665,0.08726273618107083,0.05579471773017011,0.15493333333333334,0
82,30,Right-skewed,20.0,0.05,lower,0.0,MeanSD,500,1.5,2.0,0.8639009900990098,0.13635643564356437,2.0480994371345633,2.7961453013176123,0.5673333333333332,0.0865710381412008,0.04959360996761249,0.15026666666666666,0
82,30,Right-skewed,20.0,0.05,lower,0.0,MedianMAD,500,1.5,2.0,0.83,0.1721782178217822,2.810902594495157,3.8217044706992267,0.5670666666666666,0.08654696013247315,0.049802479624183785,0.162,0
82,30,Right-skewed,20.0,0.05,lower,0.0,Percentile,500,1.5,2.0,0.8418019801980199,0.1708118811881188,2.7071015650850616,3.5446127811061623,0.5427333333333334,0.07903388470830972,0.025740881480191158,0.10946666666666667,0
82,30,Right-skewed,20.0,0.05,lower,0.0,QFactor,500,1.5,2.0,0.8636435643564357,0.4525544554455445,11.48358074591402,14.202464873622926,0.572,0.08768783319228325,0.054266485058442566,0.1296,0
83,30,Right-skewed,20.0,0.05,upper,0.0,MaxMin,500,1.5,2.0,0.9191683168316832,0.6123762376237624,10.158731326036182,11.255469025263556,0.6439333333333334,0.08399454446768553,0.043802893149365335,0.1482,0
83,30,Right-skewed,20.0,0.05,upper,0.0,MeanSD,500,1.5,2.0,0.8770495049504949,0.4527524752475247,9.612133353251021,12.741412120388226,0.6670666666666666,0.08350920652928215,0.04285077873699901,0.2994,0
83,30,Right-skewed,20.0,0.05,upper,0.0,MedianMAD,500,1.5,2.0,0.8241980198019802,0.1883366336633663,3.0029390796889555,4.287278329899721,0.6421333333333333,0.08328524998900744,0.047627453279090015,0.17406666666666668,0
83,30,Right-skewed,20.0,0.05,upper,0.0,Percentile,500,1.5,2.0,0.7974455445544555,0.4844950495049506,7.384800387709374,13.579503977691632,0.612,0.08084391221948979,0.02499897022452886,0.1006,0
83,30,Right-skewed,20.0,0.05,upper,0.0,QFactor,500,1.5,2.0,0.9800594059405939,0.46637623762376235,7.326081321110766,8.816700967891952,0.6439333333333334,0.08399454446768553,0.040595653754398546,0.125,0
84,30,Left-skewed,20.0,0.0,clean,0.0,MaxMin,500,0.0,0.0,0.7932871287128713,0.5494851485148515,11.971093879264291,14.965608813627759,0.9983333333333334,0.0072721073195816345,0.0580793374156716,0.00046666666666666666,0
84,30,Left-skewed,20.0,0.0,clean,0.0,MeanSD,500,0.0,0.0,0.8635643564356437,0.13691089108910892,2.0037040847635503,2.563446945012219,0.9222666666666669,0.030099959646101668,0.05225360974991397,0.0,0
84,30,Left-skewed,20.0,0.0,clean,0.0,MedianMAD,500,0.0,0.0,0.8104356435643566,0.192019801980198,2.9131661958065704,3.718229517308466,0.9063333333333334,0.059631280020569395,0.05484078004297893,0.0,0
84,30,Left-skewed,20.0,0.0,clean,0.0,Percentile,500,0.0,0.0,0.839940594059406,0.1646138613861386,2.4791848462943338,3.1732649254105794,0.9316666666666668,0.0072721073195816345,0.0018180268298958846,0.0,0
84,30,Left-skewed,20.0,0.0,clean,0.0,QFactor,500,0.0,0.0,0.9297821782178216,0.23708910891089108,3.51157485578943,4.475793296882747,0.9983333333333334,0.0072721073195816345,0.04722418628559877,0.0016666666666666668,0
85,30,Left-skewed,20.0,0.05,lower,0.0,MaxMin,500,1.5,2.0,0.7915643564356436,0.5543168316831684,12.28103877444628,15.349955916231846,0.9315333333333334,0.00783116202371831,0.0556410298176273,0.0002,0
85,30,Left-skewed,20.0,0.05,lower,0.0,MeanSD,500,1.5,2.0,0.8575247524752475,0.14263366336633662,2.094035913177842,2.649658964908499,0.8605333333333335,0.029357856998341512,0.04906775656774333,0.0,0
85,30,Left-skewed,20.0,0.05,lower,0.0,MedianMAD,500,1.5,2.0,0.809128712871287,0.19231683168316835,2.895460167599286,3.6869329370008486,0.8525333333333334,0.05442175943724104,0.0514511769349914,0.0,0
85,30,Left-skewed,20.0,0.05,lower,0.0,Percentile,500,1.5,2.0,0.8352871287128714,0.17063366336633662,2.561158778788333,3.2473084225593896,0.864866666666667,0.007831162023718313,0.0022605866641625446,0.0,0
85,30,Left-skewed,20.0,0.05,lower,0.0,QFactor,500,1.5,2.0,0.926990099009901,0.24102970297029705,3.5720992127767697,4.5672521192499085,0.9315333333333334,0.00783116202371831,0.04598250089343511,0.0018,0
86,30,Left-skewed,20.0,0.05,upper,0.0,MaxMin,500,1.5,2.0,0.8084950495049505,0.6167524752475247,13.845911779944831,16.267189028255913,0.9984000000000001,0.007132677162211535,0.05611932310901904,0.0005333333333333334,0
86,30,Left-skewed,20.0,0.05,upper,0.0,MeanSD,500,1.5,2.0,0.8727722772277229,0.18368316831683165,2.6183680414860833,3.206543505694447,0.9322,0.028719498937803158,0.04861973662447489,0.0,0
86,30,Left-skewed,20.0,0.05,upper,0.0,MedianMAD,500,1.5,2.0,0.8054059405940593,0.1991485148514852,3.0727827048062006,3.9723493701044235,0.9192000000000001,0.05725308578289318,0.05113572133348343,6.666666666666667e-05,0
86,30,Left-skewed,20.0,0.05,upper,0.0,Percentile,500,1.5,2.0,0.8357425742574258,0.1859405940594059,2.8169030983963452,3.532647691523617,0.9317333333333333,0.007132677162211534,0.0017831692905533572,0.0,0
86,30,Left-skewed,20.0,0.05,upper,0.0,QFactor,500,1.5,2.0,0.9806534653465345,0.025524752475247523,0.4872981724597555,0.7080811469476216,0.9984000000000001,0.007132677162211535,0.044312633576442405,0.0016,0
87,30,Bimodal,20.0,0.0,clean,0.0,MaxMin,500,0.0,0.0,0.7752475247524753,0.36047524752475246,5.6782565594923105,7.271021879354961,0.8118000000000001,0.07110073891735327,0.05986169380434615,0.10786666666666667,0
87,30,Bimodal,20.0,0.0,clean,0.0,MeanSD,500,0.0,0.0,0.7836831683168316,0.21641584158415839,3.1706701940599014,3.9955923400365005,0.766,0.0691230818564618,0.05290330223362698,0.0784,0
87,30,Bimodal,20.0,0.0,clean,0.0,MedianMAD,500,0.0,0.0,0.6968118811881188,0.30990099009900995,4.729408417099289,5.9213712094814035,0.7646666666666667,0.08295102685816955,0.05356361049520265,0.0822,0
87,30,Bimodal,20.0,0.0,clean,0.0,Percentile,500,0.0,0.0,0.7472871287128713,0.26942574257425744,4.051233981037107,5.121196687650123,0.7560666666666666,0.06816025623447135,0.020241641796296415,0.07253333333333334,0
87,30,Bimodal,20.0,0.0,clean,0.0,QFactor,500,0.0,0.0,0.8742574257425744,0.366930693069307,5.81973762716949,7.538304193255305,0.8118000000000001,0.07110073891735327,0.05820259659184215,0.12326666666666666,0
88,30,Bimodal,20.0,0.05,lower,0.0,MaxMin,500,1.5,2.0,0.7673267326732673,0.3708118811881188,5.8903782203398976,7.450702071806892,0.763,0.06800510151531769,0.058002772065577426,0.09106666666666667,0
88,30,Bimodal,20.0,0.05,lower,0.0,MeanSD,500,1.5,2.0,0.7632079207920792,0.23716831683168318,3.4969820625460124,4.4357812554649545,0.7206666666666667,0.06726187203736643,0.051144016744920945,0.07213333333333333,0
88,30,Bimodal,20.0,0.05,lower,0.0,MedianMAD,500,1.5,2.0,0.6836633663366339,0.3228316831683169,5.013662314870322,6.334757677972594,0.7208666666666665,0.07976058028249715,0.052819410775431994,0.0764,0
88,30,Bimodal,20.0,0.05,lower,0.0,Percentile,500,1.5,2.0,0.7281584158415843,0.288039603960396,4.408292525141757,5.565897172212824,0.7062666666666666,0.06640442744921914,0.019833148140648828,0.06466666666666666,0
88,30,Bimodal,20.0,0.05,lower,0.0,QFactor,500,1.5,2.0,0.875049504950495,0.3667920792079208,5.802112833962808,7.496464806835541,0.763,0.06800510151531769,0.05745028760870648,0.1092,0
89,30,Bimodal,20.0,0.05,upper,0.0,MaxMin,500,1.5,2.0,0.8394455445544555,0.3315643564356436,5.056863615598075,6.57876307317386,0.8258000000000002,0.06975897685549923,0.056669837783114456,0.09653333333333333,0
89,30,Bimodal,20.0,0.05,upper,0.0,MeanSD,500,1.5,2.0,0.8027524752475249,0.3352673267326733,4.950067025168545,5.955521047054429,0.7918666666666668,0.06929090217998682,0.050368301334461116,0.07893333333333333,0
89,30,Bimodal,20.0,0.05,upper,0.0,MedianMAD,500,1.5,2.0,0.6790495049504951,0.34269306930693066,5.367658083996447,6.840537634018991,0.787,0.07840752466627826,0.051613788329121404,0.08086666666666667,0
89,30,Bimodal,20.0,0.05,upper,0.0,Percentile,500,1.5,2.0,0.743861386138614,0.3490891089108911,5.312471598146243,6.510548760523074,0.7690666666666667,0.06807804603405378,0.020267193720237865,0.06333333333333334,0
89,30,Bimodal,20.0,0.05,upper,0.0,QFactor,500,1.5,2.0,0.9806336633663367,0.02534653465346534,0.45018852952273314,0.6694447707681029,0.8258000000000002,0.06975897685549923,0.055493946041414194,0.11246666666666667,0
90,40,Normal,20.0,0.0,clean,0.0,MaxMin,500,0.0,0.0,0.7902772277227724,0.5376435643564357,9.795119305151276,11.59898793588091,0.99575,0.010044365512918893,0.05595555544380844,0.00115,0
90,40,Normal,20.0,0.0,clean,0.0,MeanSD,500,0.0,0.0,0.8881782178217821,0.11231683168316833,1.622742008286134,2.060898506762436,0.931,0.02757754597646729,0.04567302961477524,0.0002,0
90,40,Normal,20.0,0.0,clean,0.0,MedianMAD,500,0.0,0.0,0.845960396039604,0.15722772277227723,2.308679972001537,2.9346246534910905,0.92495,0.049153633226025485,0.0476094500474292,0.0003,0
90,40,Normal,20.0,0.0,clean,0.0,Percentile,500,0.0,0.0,0.8663762376237623,0.1375841584158416,2.049895151844601,2.6009277869837653,0.9208000000000002,0.010003005560354404,0.005205262077036173,0.00025,0
90,40,Normal,20.0,0.0,clean,0.0,QFactor,500,0.0,0.0,0.8856039603960396,0.4451089108910891,7.304534905417186,9.111966321236268,0.99575,0.010044365512918893,0.04994249870357385,0.0041,0
91,40,Normal,20.0,0.05,lower,0.0,MaxMin,500,2.0,2.0,0.7890693069306931,0.5434851485148514,9.973966443825185,11.799962010294898,0.9461499999999998,0.009956191616426708,0.054634680648693146,0.00095,0
91,40,Normal,20.0,0.05,lower,0.0,MeanSD,500,2.0,2.0,0.8872079207920792,0.11283168316831683,1.630419389562083,2.0395733792143904,0.8830500000000001,0.02669968626207033,0.04428374203701836,0.00015,0
91,40,Normal,20.0,0.05,lower,0.0,MedianMAD,500,2.0,2.0,0.8517227722772277,0.15099009900990099,2.213966135384986,2.8048024957074094,0.8774,0.046648603241348376,0.04589251556845653,0.0002,0
91,40,Normal,20.0,0.05,lower,0.0,Percentile,500,2.0,2.0,0.8647524752475247,0.13928712871287127,2.05635802542133,2.602789914463295,0.8711499999999999,0.009956191616426744,0.0030176423757371992,5e-05,0
91,40,Normal,20.0,0.05,lower,0.0,QFactor,500,2.0,2.0,0.8868118811881188,0.4516237623762377,7.481818995579751,9.331465639932187,0.9461499999999998,0.009956191616426708,0.04811247730436886,0.0036,0
92,40,Normal,20.0,0.05,upper,0.0,MaxMin,500,2.0,2.0,0.8521386138613861,0.548118811881188,10.582868774991208,12.444919484206062,0.9956499999999998,0.010001377660613594,0.04818539160053155,0.00115,0
92,40,Normal,20.0,0.05,upper,0.0,MeanSD,500,2.0,2.0,0.8939009900990098,0.21031683168316828,3.087531268212575,3.7733170043873403,0.9548499999999999,0.02557411916649885,0.04250717059134608,0.0004,0
92,40,Normal,20.0,0.05,upper,0.0,MedianMAD,500,2.0,2.0,0.8396039603960396,0.16487128712871288,2.4470227538223477,3.1663664497205697,0.9314,0.04419214739955014,0.04477156088585732,0.0003,0
92,40,Normal,20.0,0.05,upper,0.0,Percentile,500,2.0,2.0,0.8521782178217822,0.17128712871287127,2.5409468234568298,3.3261369411017037,0.9207000000000001,0.00996034220464676,0.005207552546226308,5e-05,0
92,40,Normal,20.0,0.05,upper,0.0,QFactor,500,2.0,2.0,0.9821386138613861,0.05318811881188119,0.8109379265283658,1.0632158410688501,0.9956499999999998,0.010001377660613594,0.03854174915433812,0.0042,0
93,40,Compressed Normal,20.0,0.0,clean,0.0,MaxMin,500,0.0,0.0,0.9246336633663366,0.21007920792079207,3.9572672355638825,4.729807287185629,1.0,0.0,0.056798452232428354,0.0,0
93,40,Compressed Normal,20.0,0.0,clean,0.0,MeanSD,500,0.0,0.0,0.9604752475247526,0.039524752475247525,0.5720241173986557,0.714366176220584,0.9353500000000001,0.02618202622017606,0.04466545915381906,0.0,0
93,40,Compressed Normal,20.0,0.0,clean,0.0,MedianMAD,500,0.0,0.0,0.9477623762376238,0.052237623762376235,0.7716375573511408,0.9903240405241489,0.9298,0.045288653371992595,0.046902593775821164,0.0,0
93,40,Compressed Normal,20.0,0.0,clean,0.0,Percentile,500,0.0,0.0,0.9527128712871286,0.04728712871287129,0.6961798535659319,0.8728573733078655,0.9250000000000003,2.222669831529484e-16,6.32071733341197e-16,0.0,0
93,40,Compressed Normal,20.0,0.0,clean,0.0,QFactor,500,0.0,0.0,0.9605148514851485,0.2056039603960396,3.029624007229338,3.744373527650148,1.0,0.0,0.04201386823844488,0.0,0
94,40,Compressed Normal,20.0,0.05,lower,0.0,MaxMin,500,2.0,2.0,0.9277821782178217,0.2126930693069307,4.008392451062702,4.774909443716131,0.9499999999999997,2.222669831529484e-16,0.05242473945394362,0.0,0
94,40,Compressed Normal,20.0,0.05,lower,0.0,MeanSD,500,2.0,2.0,0.9624950495049504,0.03782178217821783,0.5488151054211383,0.6904399715586649,0.8869000000000001,0.024791515453415812,0.04341068755013217,0.0,0
94,40,Compressed Normal,20.0,0.05,lower,0.0,MedianMAD,500,2.0,2.0,0.9488316831683168,0.05205940594059406,0.7743481413890773,0.9935249365393233,0.87775,0.044974803678636155,0.04466463788923376,0.0,0
94,40,Compressed Normal,20.0,0.05,lower,0.0,Percentile,500,2.0,2.0,0.9558019801980198,0.04568316831683169,0.677289874584788,0.8506029687091703,0.875,0.0,4.1501413260589586e-16,0.0,0
94,40,Compressed Normal,20.0,0.05,lower,0.0,QFactor,500,2.0,2.0,0.9625544554455444,0.21089108910891086,3.102330132412737,3.822564086965977,0.9499999999999997,2.222669831529484e-16,0.03837241380574463,0.0,0
95,40,Compressed Normal,20.0,0.05,upper,0.0,MaxMin,500,2.0,2.0,0.9398415841584159,0.46586138613861394,14.619345530060581,15.290104265410346,1.0,0.0,0.03883846730047793,0.0,0
95,40,Compressed Normal,20.0,0.05,upper,0.0,MeanSD,500,2.0,2.0,0.9672871287128713,0.2475049504950495,4.878183016427466,5.724491910121848,0.9997,0.002724857739295542,0.02870115367738976,0.0,0
95,40,Compressed Normal,20.0,0.05,upper,0.0,MedianMAD,500,2.0,2.0,0.9481386138613861,0.05493069306930693,0.7941863219128461,1.0177151545818244,0.9369,0.04463602524305897,0.04486764951459479,0.0,0
95,40,Compressed Normal,20.0,0.05,upper,0.0,Percentile,500,2.0,2.0,0.9504356435643564,0.05887128712871287,0.8567122783720785,1.1431215038468092,0.9250000000000003,2.222669831529484e-16,6.32071733341197e-16,0.0,0
95,40,Compressed Normal,20.0,0.05,upper,0.0,QFactor,500,2.0,2.0,0.9813465346534652,0.5366336633663367,9.977746141780218,11.999504797728251,1.0,0.0,0.017356077352868742,0.0,0
96,40,Uniform,20.0,0.0,clean,0.0,MaxMin,500,0.0,0.0,0.7805544554455446,0.302930693069307,4.556746159241593,6.025594518915238,0.7847999999999999,0.06544100434819287,0.05343859438882077,0.12325,0
96,40,Uniform,20.0,0.0,clean,0.0,MeanSD,500,0.0,0.0,0.7952475247524753,0.20536633663366333,2.9606648795663104,3.7413533306186353,0.7435000000000002,0.06456459691153268,0.04604149396340673,0.0853,0
96,40,Uniform,20.0,0.0,clean,0.0,MedianMAD,500,0.0,0.0,0.7102178217821782,0.2946930693069307,4.434655840963465,5.627166955626106,0.74295,0.07501868504720957,0.04714468421503107,0.0899,0
96,40,Uniform,20.0,0.0,clean,0.0,Percentile,500,0.0,0.0,0.7496633663366336,0.2583960396039604,3.868393145231633,4.888583863738378,0.72965,0.056666123911896404,0.01855972874140631,0.07895,0
96,40,Uniform,20.0,0.0,clean,0.0,QFactor,500,0.0,0.0,0.8823366336633665,0.2674257425742574,4.038255054692404,5.5093186293142065,0.7847999999999999,0.06544100434819287,0.05140120564985932,0.13175,0
97,40,Uniform,20.0,0.05,lower,0.0,MaxMin,500,2.0,2.0,0.7962376237623762,0.29730693069306935,4.452077571862536,5.851133140160807,0.7473,0.061544988188659895,0.051664434410119274,0.11445,0
97,40,Uniform,20.0,0.05,lower,0.0,MeanSD,500,2.0,2.0,0.7920990099009902,0.20855445544554452,3.048913150031047,3.8779012135963353,0.7085499999999999,0.0605638792262671,0.04541162275429214,0.07945,0
97,40,Uniform,20.0,0.05,lower,0.0,MedianMAD,500,2.0,2.0,0.7002970297029701,0.303980198019802,4.609219127630303,5.836765490620367,0.7092,0.07117226272898683,0.046587761345506726,0.08555,0
97,40,Uniform,20.0,0.05,lower,0.0,Percentile,500,2.0,2.0,0.7473069306930693,0.261980198019802,3.9300022740527627,5.002491926791393,0.6974499999999999,0.050272279679843615,0.01779024461487136,0.0728,0
97,40,Uniform,20.0,0.05,lower,0.0,QFactor,500,2.0,2.0,0.8896633663366338,0.2616039603960396,3.9278593233101295,5.338985733802356,0.7473,0.061544988188659895,0.05033809250397403,0.1235,0
98,40,Uniform,20.0,0.05,upper,0.0,MaxMin,500,2.0,2.0,0.8391287128712872,0.2810495049504951,4.248694480803579,5.795351322926426,0.7936500000000001,0.061976686902728825,0.05023678858995513,0.11555,0
98,40,Uniform,20.0,0.05,upper,0.0,MeanSD,500,2.0,2.0,0.8071881188118815,0.25605940594059406,3.8656676407374078,4.765823432934472,0.75955,0.06148258058532401,0.04414409900022066,0.0854,0
98,40,Uniform,20.0,0.05,upper,0.0,MedianMAD,500,2.0,2.0,0.7107128712871288,0.3002574257425743,4.49996313551475,5.813928874628587,0.7606499999999999,0.06726348379696825,0.04539740973880695,0.09395,0
98,40,Uniform,20.0,0.05,upper,0.0,Percentile,500,2.0,2.0,0.7431485148514853,0.29457425742574256,4.456736018266713,5.568271015693376,0.73625,0.052870389218467324,0.0178726804898081,0.07285,0
98,40,Uniform,20.0,0.05,upper,0.0,QFactor,500,2.0,2.0,0.981089108910891,0.04421782178217821,0.7267557264578266,0.9743852958038274,0.7936500000000001,0.061976686902728825,0.04862861154938872,0.127,0
99,40,Right-skewed,20.0,0.0,clean,0.0,MaxMin,500,0.0,0.0,0.8359207920792079,0.4089306930693069,8.883468276200256,11.904124576927146,0.61285,0.08143642478992512,0.05316230255912367,0.1774,0
99,40,Right-skewed,20.0,0.0,clean,0.0,MeanSD,500,0.0,0.0,0.8818217821782177,0.1182772277227723,1.7319172756684078,2.362265880193966,0.60895,0.0799620870834515,0.04487076112582104,0.15865,0
99,40,Right-skewed,20.0,0.0,clean,0.0,MedianMAD,500,0.0,0.0,0.8496039603960396,0.15233663366336633,2.3544393034425526,3.1737294429271445,0.6065499999999999,0.0822153649415055,0.045538321916023944,0.1733,0
99,40,Right-skewed,20.0,0.0,clean,0.0,Percentile,500,0.0,0.0,0.8561782178217822,0.1513069306930693,2.2909774297724264,3.0280304190460066,0.5941000000000001,0.07779649471009832,0.02268911425675046,0.1195,0
99,40,Right-skewed,20.0,0.0,clean,0.0,QFactor,500,0.0,0.0,0.8638415841584159,0.4444158415841584,10.742813426071168,13.324963332784781,0.6125499999999999,0.08156011036779201,0.04972415261063783,0.13755,0
100,40,Right-skewed,20.0,0.05,lower,0.0,MaxMin,500,2.0,2.0,0.8415643564356436,0.41200000000000003,8.975174808050134,11.979687597576094,0.582,0.07572958431075506,0.0501394400281602,0.1717,0
100,40,Right-skewed,20.0,0.05,lower,0.0,MeanSD,500,2.0,2.0,0.884871287128713,0.11512871287128713,1.680930517933963,2.3061707226565042,0.57815,0.07443055363645536,0.04319584271324751,0.15825,0
100,40,Right-skewed,20.0,0.05,lower,0.0,MedianMAD,500,2.0,2.0,0.8497425742574257,0.15112871287128715,2.3504574629639485,3.226608536199076,0.5808499999999999,0.07576944977389023,0.04384590918074762,0.1761,0
100,40,Right-skewed,20.0,0.05,lower,0.0,Percentile,500,2.0,2.0,0.8575841584158416,0.14924752475247524,2.2415764034820396,2.946733861770653,0.5634499999999999,0.07270432819768954,0.021507256640822127,0.11775,0
100,40,Right-skewed,20.0,0.05,lower,0.0,QFactor,500,2.0,2.0,0.8698415841584158,0.44540594059405947,10.839391682320578,13.415585522727406,0.5813499999999999,0.07581175597946124,0.048151662851687475,0.13545,0
101,40,Right-skewed,20.0,0.05,upper,0.0,MaxMin,500,2.0,2.0,0.9338613861386138,0.6050297029702971,9.897741576055362,11.030665359783285,0.6294000000000001,0.0738854391354106,0.03946868521570992,0.17,0
101,40,Right-skewed,20.0,0.05,upper,0.0,MeanSD,500,2.0,2.0,0.8993663366336634,0.39689108910891086,7.875816396124394,10.445567688420477,0.6472,0.07311190533287178,0.038474230961933115,0.303,0
101,40,Right-skewed,20.0,0.05,upper,0.0,MedianMAD,500,2.0,2.0,0.8427128712871288,0.17225742574257424,2.6161657623446266,3.649789864442571,0.6291000000000001,0.07519640282617242,0.04249291207286161,0.1815,0
101,40,Right-skewed,20.0,0.05,upper,0.0,Percentile,500,2.0,2.0,0.8074257425742576,0.3091683168316831,4.638061575525843,7.9931728001386055,0.6097,0.06966431103847169,0.02112848725227415,0.1127,0
101,40,Right-skewed,20.0,0.05,upper,0.0,QFactor,500,2.0,2.0,0.9816435643564356,0.4681782178217822,7.3734437863437075,8.871736838247884,0.6294000000000001,0.0738854391354106,0.035201055387861446,0.1345,0
102,40,Left-skewed,20.0,0.0,clean,0.0,MaxMin,500,0.0,0.0,0.7883762376237624,0.5365544554455446,11.249141697423582,14.084851984046246,0.99835,0.006213268819135202,0.052316336493664364,0.0004,0
102,40,Left-skewed,20.0,0.0,clean,0.0,MeanSD,500,0.0,0.0,0.8801980198019802,0.1198019801980198,1.7392162803389204,2.2065455562316303,0.9186000000000001,0.02637102314517672,0.0444391553051952,0.0,0
102,40,Left-skewed,20.0,0.0,clean,0.0,MedianMAD,500,0.0,0.0,0.8379801980198021,0.16370297029702974,2.4265880279276977,3.133821431625071,0.9068499999999999,0.05277212611397401,0.046916615917019074,0.0,0
102,40,Left-skewed,20.0,0.0,clean,0.0,Percentile,500,0.0,0.0,0.8585346534653465,0.14400000000000002,2.1074830593788607,2.6888899273944493,0.9233500000000001,0.006213268819135202,0.0031066344095680137,0.0,0
102,40,Left-skewed,20.0,0.0,clean,0.0,QFactor,500,0.0,0.0,0.9332871287128713,0.21853465346534656,3.2467114112782314,4.149651111006435,0.99835,0.006213268819135202,0.04256891083863331,0.00165,0
103,40,Left-skewed,20.0,0.05,lower,0.0,MaxMin,500,2.0,2.0,0.7941584158415841,0.5387722772277227,11.402320119845708,14.293733241336316,0.9484499999999998,0.006034926733719513,0.049103471019900036,0.00045,0
103,40,Left-skewed,20.0,0.05,lower,0.0,MeanSD,500,2.0,2.0,0.8807920792079209,0.1192079207920792,1.7383658610426853,2.2219453508079074,0.8744,0.025067843816075915,0.04450604460914866,0.0,0
103,40,Left-skewed,20.0,0.05,lower,0.0,MedianMAD,500,2.0,2.0,0.8396435643564356,0.16108910891089104,2.390619971192891,3.067188959760507,0.86405,0.04683197591321417,0.04543343269558365,0.0,0
103,40,Left-skewed,20.0,0.05,lower,0.0,Percentile,500,2.0,2.0,0.8586930693069308,0.14504950495049504,2.14197405742798,2.7540930309201945,0.8735,0.005943117135187998,0.001485779283797212,0.0,0
103,40,Left-skewed,20.0,0.05,lower,0.0,QFactor,500,2.0,2.0,0.9355445544554456,0.22075247524752475,3.284668985360517,4.192612835051862,0.9484499999999998,0.006034926733719513,0.04066836482594443,0.00145,0
104,40,Left-skewed,20.0,0.05,upper,0.0,MaxMin,500,2.0,2.0,0.8195445544554456,0.6093861386138614,13.196900125233302,15.479112524919953,0.9985,0.005943117135187998,0.04878295517435153,0.0003,0
104,40,Left-skewed,20.0,0.05,upper,0.0,MeanSD,500,2.0,2.0,0.88609900990099,0.15443564356435643,2.167023547672545,2.664634757486283,0.92795,0.02648490892568072,0.04276758331469719,0.0,0
104,40,Left-skewed,20.0,0.05,upper,0.0,MedianMAD,500,2.0,2.0,0.8313663366336634,0.1726138613861386,2.5786890524137265,3.282586105995164,0.9122,0.04856312133200474,0.04514182399399839,5e-05,0
104,40,Left-skewed,20.0,0.05,upper,0.0,Percentile,500,2.0,2.0,0.8534059405940594,0.1601980198019802,2.3794967047458773,2.981894519373678,0.9235000000000001,0.005943117135187998,0.002971558567594418,0.0,0
104,40,Left-skewed,20.0,0.05,upper,0.0,QFactor,500,2.0,2.0,0.9796237623762376,0.026673267326732673,0.496856770261542,0.722844409946111,0.9985,0.005943117135187998,0.03893337114338037,0.0015,0
105,40,Bimodal,20.0,0.0,clean,0.0,MaxMin,500,0.0,0.0,0.8085148514851485,0.32089108910891084,4.848862623976588,6.2078859136785,0.8215,0.061321044846628016,0.052675825411688956,0.10745,0
105,40,Bimodal,20.0,0.0,clean,0.0,MeanSD,500,0.0,0.0,0.8146930693069306,0.18530693069306928,2.6872905050989626,3.440894356788214,0.7734,0.060702632720817606,0.046594620210004704,0.0768,0
105,40,Bimodal,20.0,0.0,clean,0.0,MedianMAD,500,0.0,0.0,0.7225544554455446,0.27922772277227725,4.206851503798496,5.331668289429533,0.7774500000000001,0.07132968068548595,0.04801565915318719,0.08295,0
105,40,Bimodal,20.0,0.0,clean,0.0,Percentile,500,0.0,0.0,0.7754455445544555,0.23613861386138615,3.4695881604681356,4.408812268589876,0.7596499999999999,0.05535572248669553,0.017725093450716583,0.0722,0
105,40,Bimodal,20.0,0.0,clean,0.0,QFactor,500,0.0,0.0,0.890970297029703,0.3338811881188119,5.11265506475239,6.5946753005213585,0.8215,0.061321044846628016,0.05193521088549314,0.11695,0
106,40,Bimodal,20.0,0.05,lower,0.0,MaxMin,500,2.0,2.0,0.8022178217821783,0.3269108910891089,4.948588819804368,6.29199858400999,0.7791000000000001,0.05907766363594081,0.050889702252705296,0.1035,0
106,40,Bimodal,20.0,0.05,lower,0.0,MeanSD,500,2.0,2.0,0.8096633663366337,0.1903366336633663,2.7689967301048966,3.481603794996773,0.7347,0.06006768059867977,0.044448455468280385,0.07375,0
106,40,Bimodal,20.0,0.05,lower,0.0,MedianMAD,500,2.0,2.0,0.7232277227722773,0.27902970297029706,4.177445672104763,5.276377603331313,0.73595,0.07059614104368964,0.04581216889667234,0.07995,0
106,40,Bimodal,20.0,0.05,lower,0.0,Percentile,500,2.0,2.0,0.7659603960396039,0.24257425742574257,3.5784592771742143,4.522893378042115,0.7213999999999999,0.048803725341560036,0.017337066557566345,0.0701,0
106,40,Bimodal,20.0,0.05,lower,0.0,QFactor,500,2.0,2.0,0.8911089108910892,0.333960396039604,5.098301736803898,6.555655006696349,0.7791000000000001,0.05907766363594081,0.049472429077549875,0.1127,0
107,40,Bimodal,20.0,0.05,upper,0.0,MaxMin,500,2.0,2.0,0.8630693069306931,0.2836435643564356,4.148996397667711,5.48573515675599,0.82775,0.061593628323879414,0.05004600927380645,0.0996,0
107,40,Bimodal,20.0,0.05,upper,0.0,MeanSD,500,2.0,2.0,0.8320000000000001,0.26190099009900986,3.7775088870862197,4.635020839035607,0.789,0.05952803687632154,0.04370129148705315,0.07565,0
107,40,Bimodal,20.0,0.05,upper,0.0,MedianMAD,500,2.0,2.0,0.7255049504950496,0.28200000000000003,4.212621647072513,5.387585303720634,0.7891000000000001,0.06620011261183503,0.045819979773642945,0.08055,0
107,40,Bimodal,20.0,0.05,upper,0.0,Percentile,500,2.0,2.0,0.7669306930693071,0.26780198019801976,3.9800070133549523,5.025452966559111,0.7664500000000001,0.055219978196156226,0.01763638890614927,0.06585,0
107,40,Bimodal,20.0,0.05,upper,0.0,QFactor,500,2.0,2.0,0.9814653465346534,0.025386138613861388,0.45940270224671464,0.6761677976187971,0.82775,0.061593628323879414,0.04860814819195515,0.1085,0
108,50,Normal,20.0,0.0,clean,0.0,MaxMin,500,0.0,0.0,0.8052871287128713,0.5251485148514852,9.265191094723363,10.962000070938023,0.99524,0.009916606181366324,0.050827081748717265,0.0018,0
108,50,Normal,20.0,0.0,clean,0.0,MeanSD,500,0.0,0.0,0.9058217821782178,0.0946138613861386,1.3588355191695851,1.7516054521207884,0.92924,0.02442571659670446,0.03958687876045047,0.00036,0
108,50,Normal,20.0,0.0,clean,0.0,MedianMAD,500,0.0,0.0,0.8680990099009901,0.1325940594059406,1.9368011269182779,2.497970838620963,0.92776,0.04080088018226192,0.04125052746802239,0.00044,0
108,50,Normal,20.0,0.0,clean,0.0,Percentile,500,0.0,0.0,0.882990099009901,0.11976237623762376,1.7564492198095012,2.2312662003691894,0.91524,0.009916606181366324,0.004464176254442119,0.00028,0
108,50,Normal,20.0,0.0,clean,0.0,QFactor,500,0.0,0.0,0.8952277227722772,0.4343168316831683,6.967836381146923,8.680122662902187,0.99524,0.009916606181366324,0.04439489932580648,0.00468,0
109,50,Normal,20.0,0.05,lower,0.0,MaxMin,500,2.5,2.0,0.8055643564356435,0.5278811881188118,9.35702790045458,11.063683150315368,0.95624,0.008509242882234458,0.04946762355520676,0.00108,0
109,50,Normal,20.0,0.05,lower,0.0,MeanSD,500,2.5,2.0,0.8958415841584157,0.10415841584158415,1.506862304511634,1.9009184003638397,0.8946800000000001,0.02340926284987097,0.039000175477604454,8e-05,0
109,50,Normal,20.0,0.05,lower,0.0,MedianMAD,500,2.5,2.0,0.8564752475247526,0.14475247524752477,2.1241363514943954,2.7031493612922293,0.89188,0.040105891900446,0.040935408042136,0.00016,0
109,50,Normal,20.0,0.05,lower,0.0,Percentile,500,2.5,2.0,0.8758019801980198,0.12768316831683169,1.8911679885242672,2.3983143215424993,0.8762800000000002,0.008288485868721267,0.0025293331575870874,4e-05,0
109,50,Normal,20.0,0.05,lower,0.0,QFactor,500,2.5,2.0,0.8901980198019802,0.4345742574257425,7.010090339384421,8.751124277803646,0.95624,0.008509242882234458,0.04432906432670108,0.00372,0
110,50,Normal,20.0,0.05,upper,0.0,MaxMin,500,2.5,2.0,0.8512277227722771,0.5392673267326733,10.214520534558654,12.0470023517105,0.9958400000000001,0.008879870731515013,0.04525200682630356,0.00136,0
110,50,Normal,20.0,0.05,upper,0.0,MeanSD,500,2.5,2.0,0.8981386138613862,0.17435643564356434,2.5253434453402828,3.0908368453210557,0.9534,0.023115116638997707,0.038079681859734024,0.00036,0
110,50,Normal,20.0,0.05,upper,0.0,MedianMAD,500,2.5,2.0,0.8556237623762377,0.14772277227722774,2.1639798257039926,2.7781113848040655,0.93216,0.04054901781413924,0.03994993048226092,0.00028,0
110,50,Normal,20.0,0.05,upper,0.0,Percentile,500,2.5,2.0,0.8645940594059407,0.14625742574257428,2.150277081031439,2.765970711894382,0.91584,0.008879870731515013,0.004166489142179486,0.00012,0
110,50,Normal,20.0,0.05,upper,0.0,QFactor,500,2.5,2.0,0.9796435643564356,0.055366336633663374,0.8333803844984058,1.1021357376531067,0.9958400000000001,0.008879870731515013,0.03567018714296445,0.00408,0
111,50,Compressed Normal,20.0,0.0,clean,0.0,MaxMin,500,0.0,0.0,0.9274455445544554,0.2073861386138614,3.822024370848755,4.5762729146116765,1.0,0.0,0.051575355805253006,0.0,0
111,50,Compressed Normal,20.0,0.0,clean,0.0,MeanSD,500,0.0,0.0,0.966891089108911,0.033623762376237626,0.4788739436222109,0.6106544310961379,0.93568,0.023186479371635996,0.04031020522143842,0.0,0
111,50,Compressed Normal,20.0,0.0,clean,0.0,MedianMAD,500,0.0,0.0,0.9556435643564357,0.04467326732673268,0.6562260827570641,0.8383251050847976,0.9305599999999999,0.04383068168891089,0.042253685948947114,0.0,0
111,50,Compressed Normal,20.0,0.0,clean,0.0,Percentile,500,0.0,0.0,0.9593069306930693,0.04120792079207921,0.6029945939602819,0.7649204514506479,0.9200000000000002,1.111334915764742e-16,1.4516812337176945e-15,0.0,0
111,50,Compressed Normal,20.0,0.0,clean,0.0,QFactor,500,0.0,0.0,0.9606930693069307,0.1918217821782178,2.8096347373100325,3.4896217206952094,1.0,0.0,0.03883762114885038,0.0,0
112,50,Compressed Normal,20.0,0.05,lower,0.0,MaxMin,500,2.5,2.0,0.9275049504950494,0.2066138613861386,3.7923754800936798,4.537444080739731,0.9600000000000002,2.222669831529484e-16,0.05118539587751361,0.0,0
112,50,Compressed Normal,20.0,0.05,lower,0.0,MeanSD,500,2.5,2.0,0.9648514851485147,0.03514851485148515,0.5075173319936439,0.6436308594712793,0.8962400000000003,0.0229371887828155,0.039444019703660245,0.0,0
112,50,Compressed Normal,20.0,0.05,lower,0.0,MedianMAD,500,2.5,2.0,0.9536831683168315,0.046475247524752475,0.6823338511289501,0.8774233349240328,0.89048,0.041172319825820834,0.04071254597576232,0.0,0
112,50,Compressed Normal,20.0,0.05,lower,0.0,Percentile,500,2.5,2.0,0.9579207920792079,0.04225742574257427,0.6303077020885438,0.8011994213826915,0.8800000000000002,2.222669831529484e-16,1.0713963172294468e-15,0.0,0
112,50,Compressed Normal,20.0,0.05,lower,0.0,QFactor,500,2.5,2.0,0.9621584158415841,0.19584158415841585,2.8740506454192807,3.5599920538063623,0.9600000000000002,2.222669831529484e-16,0.038303966226625956,0.0,0
113,50,Compressed Normal,20.0,0.05,upper,0.0,MaxMin,500,2.5,2.0,0.9386930693069307,0.46499009900990096,14.325248499278297,15.053385301238073,1.0,0.0,0.03804590865482364,0.0,0
113,50,Compressed Normal,20.0,0.05,upper,0.0,MeanSD,500,2.5,2.0,0.9727524752475246,0.22368316831683166,4.169548526427947,4.878490588808144,0.9989199999999999,0.004698697214230992,0.02811694086231164,0.0,0
113,50,Compressed Normal,20.0,0.05,upper,0.0,MedianMAD,500,2.5,2.0,0.9531287128712871,0.04994059405940594,0.7108104166277324,0.9195687848026257,0.9313199999999999,0.0397065589247329,0.041024026237689075,0.0,0
113,50,Compressed Normal,20.0,0.05,upper,0.0,Percentile,500,2.5,2.0,0.9546336633663366,0.05079207920792079,0.7253961276685619,0.935597760735417,0.9200000000000002,1.111334915764742e-16,1.4516812337176945e-15,0.0,0
113,50,Compressed Normal,20.0,0.05,upper,0.0,QFactor,500,2.5,2.0,0.9792871287128715,0.5360396039603961,9.978637392136227,12.001718931541344,1.0,0.0,0.016009168413527616,0.0,0
114,50,Uniform,20.0,0.0,clean,0.0,MaxMin,500,0.0,0.0,0.8102970297029704,0.2682376237623762,3.935161497201681,5.218424104628476,0.7867199999999999,0.05775736686219089,0.047330951081083754,0.12584,0
114,50,Uniform,20.0,0.0,clean,0.0,MeanSD,500,0.0,0.0,0.8170693069306931,0.18344554455445544,2.637299491856974,3.3215669588246115,0.74344,0.05625028523641775,0.04067645582131278,0.08496,0
114,50,Uniform,20.0,0.0,clean,0.0,MedianMAD,500,0.0,0.0,0.7349306930693069,0.26752475247524754,3.942406665119644,4.986809375606745,0.74592,0.0647993171492263,0.041909880758606244,0.09104,0
114,50,Uniform,20.0,0.0,clean,0.0,Percentile,500,0.0,0.0,0.7737425742574257,0.23398019801980197,3.433107444796174,4.313717283499598,0.73948,0.055860275157587284,0.01605760524469107,0.08036,0
114,50,Uniform,20.0,0.0,clean,0.0,QFactor,500,0.0,0.0,0.8935445544554455,0.2415049504950495,3.592371323114923,4.900739952691991,0.7867199999999999,0.05775736686219089,0.045517235202103545,0.12928,0
115,50,Uniform,20.0,0.05,lower,0.0,MaxMin,500,2.5,2.0,0.8081188118811882,0.2718811881188119,3.963584219681255,5.222867053071131,0.7575599999999999,0.05589539328048385,0.04675574945365503,0.12028,0
115,50,Uniform,20.0,0.05,lower,0.0,MeanSD,500,2.5,2.0,0.8176237623762375,0.18285148514851482,2.6423194407691586,3.3803203192456954,0.7173599999999999,0.056407393025878716,0.0401330607476662,0.08148,0
115,50,Uniform,20.0,0.05,lower,0.0,MedianMAD,500,2.5,2.0,0.7264356435643563,0.27562376237623765,4.101309784255161,5.203471984462771,0.72068,0.06619593192036509,0.04244539584229032,0.08668,0
115,50,Uniform,20.0,0.05,lower,0.0,Percentile,500,2.5,2.0,0.7709702970297029,0.234990099009901,3.470151682092633,4.361432451388055,0.7104400000000001,0.05473022194719091,0.0158506707265921,0.07756,0
115,50,Uniform,20.0,0.05,lower,0.0,QFactor,500,2.5,2.0,0.893881188118812,0.24265346534653467,3.6197758032722955,4.931503250104512,0.7575599999999999,0.05589539328048385,0.04472918118685695,0.12512,0
116,50,Uniform,20.0,0.05,upper,0.0,MaxMin,500,2.5,2.0,0.8624752475247524,0.24388118811881185,3.599987904101746,5.0070617174242225,0.79348,0.05689255774046817,0.04595499191680342,0.12404,0
116,50,Uniform,20.0,0.05,upper,0.0,MeanSD,500,2.5,2.0,0.8226138613861387,0.22580198019801978,3.4027970858732983,4.191014308357759,0.7557999999999999,0.05479018094381247,0.03956394539509618,0.08692,0
116,50,Uniform,20.0,0.05,upper,0.0,MedianMAD,500,2.5,2.0,0.7253267326732674,0.28493069306930696,4.197862806984495,5.34886434176296,0.75676,0.06241549316936581,0.041290725335972014,0.09236,0
116,50,Uniform,20.0,0.05,upper,0.0,Percentile,500,2.5,2.0,0.7662970297029702,0.2640792079207921,3.9350028037285565,4.8883939583976606,0.7446799999999999,0.05398450011350489,0.015654760551857085,0.07816,0
116,50,Uniform,20.0,0.05,upper,0.0,QFactor,500,2.5,2.0,0.9807524752475248,0.045148514851485154,0.7307220064194738,0.9754428027316092,0.79348,0.05689255774046817,0.04372968948781688,0.12924,0
117,50,Right-skewed,20.0,0.0,clean,0.0,MaxMin,500,0.0,0.0,0.8456237623762375,0.39592079207920794,8.263762166349107,11.146157380485855,0.6158799999999999,0.06780723591538716,0.04631703754638814,0.18332,0
117,50,Right-skewed,20.0,0.0,clean,0.0,MeanSD,500,0.0,0.0,0.8937821782178218,0.10621782178217822,1.538203082452368,2.105623018415008,0.6126,0.06827123789596683,0.039881013968157845,0.15668,0
117,50,Right-skewed,20.0,0.0,clean,0.0,MedianMAD,500,0.0,0.0,0.8653267326732673,0.13493069306930694,2.0367619611886427,2.7571622431086396,0.6134,0.06967747053244398,0.04103444907481395,0.17532,0
117,50,Right-skewed,20.0,0.0,clean,0.0,Percentile,500,0.0,0.0,0.8672277227722772,0.13704950495049503,2.010579377175182,2.653983735989599,0.59624,0.0631715417523963,0.019082426838276077,0.12248,0
117,50,Right-skewed,20.0,0.0,clean,0.0,QFactor,500,0.0,0.0,0.8652871287128712,0.4338613861386139,10.001378648531073,12.459481634494686,0.61544,0.0678558415352792,0.044054805976432035,0.13708,0
118,50,Right-skewed,20.0,0.05,lower,0.0,MaxMin,500,2.5,2.0,0.855861386138614,0.40451485148514854,8.553875645505846,11.432301297676322,0.58928,0.06749067775008881,0.045911155488601765,0.1748,0
118,50,Right-skewed,20.0,0.05,lower,0.0,MeanSD,500,2.5,2.0,0.9007524752475248,0.09924752475247525,1.434600780356856,1.979414438550725,0.58648,0.06680520541800529,0.03948849317899532,0.15304,0
118,50,Right-skewed,20.0,0.05,lower,0.0,MedianMAD,500,2.5,2.0,0.8684752475247526,0.131980198019802,2.0014426952440463,2.7402007459089943,0.58848,0.06856158532271499,0.03967061621961895,0.17208,0
118,50,Right-skewed,20.0,0.05,lower,0.0,Percentile,500,2.5,2.0,0.8698019801980198,0.1356039603960396,1.9815515657475966,2.618922596455704,0.57096,0.060854621598855414,0.018852226313814495,0.11924,0
118,50,Right-skewed,20.0,0.05,lower,0.0,QFactor,500,2.5,2.0,0.8777623762376238,0.4406732673267327,10.355184914552137,12.801708957883767,0.58896,0.0674746178062254,0.043062618333185476,0.13172,0
119,50,Right-skewed,20.0,0.05,upper,0.0,MaxMin,500,2.5,2.0,0.9397029702970296,0.5937425742574258,9.553207297886008,10.716470678649763,0.6320399999999999,0.06902584686239017,0.035802904665451905,0.17748,0
119,50,Right-skewed,20.0,0.05,upper,0.0,MeanSD,500,2.5,2.0,0.9140792079207921,0.35186138613861384,6.5059854242696735,8.599231568540304,0.6486799999999999,0.06342794185227225,0.03498487407618595,0.29112,0
119,50,Right-skewed,20.0,0.05,upper,0.0,MedianMAD,500,2.5,2.0,0.8621386138613861,0.14873267326732673,2.166873865721058,2.979335976155465,0.63276,0.06730707901678354,0.039673665174082946,0.18164,0
119,50,Right-skewed,20.0,0.05,upper,0.0,Percentile,500,2.5,2.0,0.8426138613861386,0.1911287128712871,2.8435065498962864,4.327181430467961,0.6114,0.0625096385353462,0.018789892602507404,0.11632,0
119,50,Right-skewed,20.0,0.05,upper,0.0,QFactor,500,2.5,2.0,0.9811287128712871,0.46653465346534656,7.333626889636921,8.824951580388335,0.6320399999999999,0.06902584686239017,0.03225326484108465,0.13048,0
120,50,Left-skewed,20.0,0.0,clean,0.0,MaxMin,500,0.0,0.0,0.8003960396039604,0.5292475247524753,10.826570311977632,13.577560749380478,0.9984400000000001,0.005368803227553832,0.04804114198399151,0.0004,0
120,50,Left-skewed,20.0,0.0,clean,0.0,MeanSD,500,0.0,0.0,0.8955049504950495,0.10477227722772278,1.510380646444025,1.9031999182783825,0.9210799999999999,0.0237816048545702,0.04151565323175944,0.0,0
120,50,Left-skewed,20.0,0.0,clean,0.0,MedianMAD,500,0.0,0.0,0.8507128712871288,0.1508712871287129,2.2023233395699724,2.815761610550913,0.91144,0.04526836477827974,0.04312510313592023,0.0,0
120,50,Left-skewed,20.0,0.0,clean,0.0,Percentile,500,0.0,0.0,0.8711089108910891,0.13025742574257426,1.906416160902165,2.4128364256677886,0.91844,0.005368803227553832,0.0026844016137775187,0.0,0
120,50,Left-skewed,20.0,0.0,clean,0.0,QFactor,500,0.0,0.0,0.9410693069306931,0.20178217821782177,3.0110481723075555,3.8296637589889966,0.9984400000000001,0.005368803227553832,0.03704784573844655,0.00152,0
121,50,Left-skewed,20.0,0.05,lower,0.0,MaxMin,500,2.5,2.0,0.8031683168316832,0.5299009900990098,10.820333246404916,13.56885673137788,0.9578800000000001,0.006291642833082485,0.046686344021123205,0.00052,0
121,50,Left-skewed,20.0,0.05,lower,0.0,MeanSD,500,2.5,2.0,0.8908118811881187,0.10918811881188117,1.5883846955067757,1.9794663142799873,0.8836000000000002,0.02257563550904548,0.03978722374658922,4e-05,0
121,50,Left-skewed,20.0,0.05,lower,0.0,MedianMAD,500,2.5,2.0,0.8517029702970296,0.15061386138613864,2.2117862545118427,2.8762054585030814,0.8737600000000001,0.045996671483653585,0.04226224819324448,8e-05,0
121,50,Left-skewed,20.0,0.05,lower,0.0,Percentile,500,2.5,2.0,0.8683168316831682,0.1352277227722772,1.9750235056106866,2.5187672203634843,0.8778800000000001,0.006291642833082487,0.0017674406863645046,8e-05,0
121,50,Left-skewed,20.0,0.05,lower,0.0,QFactor,500,2.5,2.0,0.9411089108910891,0.20980198019801985,3.1247322607124475,3.9607871501952645,0.9578800000000001,0.006291642833082485,0.03699315787365481,0.00212,0
122,50,Left-skewed,20.0,0.05,upper,0.0,MaxMin,500,2.5,2.0,0.8144158415841585,0.5952475247524753,12.378853299599657,14.582565001562958,0.9984,0.00543129800287114,0.045839323804361225,0.0004,0
122,50,Left-skewed,20.0,0.05,upper,0.0,MeanSD,500,2.5,2.0,0.8908514851485149,0.13954455445544556,1.9539449907461142,2.4002777097009975,0.9243199999999999,0.02241299365477841,0.03964219917070301,0.0,0
122,50,Left-skewed,20.0,0.05,upper,0.0,MedianMAD,500,2.5,2.0,0.8397623762376236,0.16184158415841587,2.3959759753242267,3.0133475404411025,0.9123600000000001,0.045880720144325586,0.041838179012164904,0.0,0
122,50,Left-skewed,20.0,0.05,upper,0.0,Percentile,500,2.5,2.0,0.8622970297029704,0.14473267326732672,2.1346346814565913,2.691772778068785,0.9184000000000001,0.00543129800287114,0.002715649001436164,0.0,0
122,50,Left-skewed,20.0,0.05,upper,0.0,QFactor,500,2.5,2.0,0.9813465346534653,0.025386138613861388,0.4788687537704652,0.6952214463156607,0.9984,0.00543129800287114,0.03617449407587149,0.00156,0
123,50,Bimodal,20.0,0.0,clean,0.0,MaxMin,500,0.0,0.0,0.8273069306930693,0.29827722772277226,4.433094641010815,5.660749901140234,0.8171600000000001,0.05540101935787629,0.04790451468852992,0.11324,0
123,50,Bimodal,20.0,0.0,clean,0.0,MeanSD,500,0.0,0.0,0.8312475247524753,0.16875247524752476,2.451768063652513,3.097468507091825,0.7681200000000001,0.0538578400408681,0.041619856437813005,0.07704,0
123,50,Bimodal,20.0,0.0,clean,0.0,MedianMAD,500,0.0,0.0,0.748118811881188,0.25376237623762377,3.76536509925704,4.768574152797351,0.77232,0.06467598910827935,0.04397580721080342,0.08364,0
123,50,Bimodal,20.0,0.0,clean,0.0,Percentile,500,0.0,0.0,0.7910495049504951,0.21926732673267327,3.1795761158919102,4.018430059502569,0.7656799999999999,0.05108578191853832,0.014991892968223303,0.07344,0
123,50,Bimodal,20.0,0.0,clean,0.0,QFactor,500,0.0,0.0,0.903960396039604,0.3154059405940594,4.748581145578797,6.07043588751656,0.8171600000000001,0.05540101935787629,0.04651137749507624,0.11924,0
124,50,Bimodal,20.0,0.05,lower,0.0,MaxMin,500,2.5,2.0,0.8201782178217821,0.3031485148514852,4.529284831340626,5.824162447402245,0.78324,0.05519052807119673,0.047272664074748894,0.10908,0
124,50,Bimodal,20.0,0.05,lower,0.0,MeanSD,500,2.5,2.0,0.817049504950495,0.18295049504950497,2.6513992931728327,3.3082552237524405,0.73724,0.05346118776453053,0.0403960340314766,0.07568,0
124,50,Bimodal,20.0,0.05,lower,0.0,MedianMAD,500,2.5,2.0,0.736910891089109,0.2647722772277228,3.95533925643807,5.0061847626818645,0.74276,0.0640357991059241,0.04275573855784391,0.08296,0
124,50,Bimodal,20.0,0.05,lower,0.0,Percentile,500,2.5,2.0,0.7775445544554455,0.23039603960396038,3.3708874228204384,4.2485514306207115,0.73288,0.05367931200261557,0.01550124013134103,0.07312,0
124,50,Bimodal,20.0,0.05,lower,0.0,QFactor,500,2.5,2.0,0.8961188118811882,0.31891089108910886,4.838517534331352,6.242066924643778,0.78324,0.05519052807119673,0.04569024076888632,0.11604,0
125,50,Bimodal,20.0,0.05,upper,0.0,MaxMin,500,2.5,2.0,0.8768712871287128,0.2542574257425742,3.66355949327282,4.884071034829334,0.82228,0.051654020905942094,0.04506191649025286,0.11096,0
125,50,Bimodal,20.0,0.05,upper,0.0,MeanSD,500,2.5,2.0,0.8334059405940595,0.23655445544554454,3.3969391567422873,4.1849186642680065,0.78444,0.05275844298890203,0.039968839940261056,0.08056,0
125,50,Bimodal,20.0,0.05,upper,0.0,MedianMAD,500,2.5,2.0,0.7383960396039604,0.27194059405940596,4.0299602127151655,5.096822498905707,0.78596,0.061813592683818024,0.04127854972852893,0.08708,0
125,50,Bimodal,20.0,0.05,upper,0.0,Percentile,500,2.5,2.0,0.7831485148514852,0.24889108910891086,3.6540191184239155,4.5424827099868255,0.772,0.04838058869759079,0.014301358387750974,0.07172,0
125,50,Bimodal,20.0,0.05,upper,0.0,QFactor,500,2.5,2.0,0.9797821782178218,0.028376237623762377,0.4936047028854488,0.7179684951484739,0.82228,0.051654020905942094,0.04405008937252938,0.1158,0
126,75,Normal,20.0,0.0,clean,0.0,MaxMin,500,0.0,0.0,0.8222178217821782,0.5071089108910891,8.647132698607738,10.225626718080882,0.9957866666666666,0.00759875530362233,0.04430193440244703,0.0017866666666666667,0
126,75,Normal,20.0,0.0,clean,0.0,MeanSD,500,0.0,0.0,0.9193465346534654,0.08093069306930692,1.1706867050997363,1.484265815845618,0.92976,0.020452141484296908,0.03173171671834674,0.0002933333333333333,0
126,75,Normal,20.0,0.0,clean,0.0,MedianMAD,500,0.0,0.0,0.8853069306930693,0.11566336633663367,1.6742738300609656,2.116799775831479,0.9275466666666667,0.035275785302727354,0.03461409153225653,0.00024,0
126,75,Normal,20.0,0.0,clean,0.0,Percentile,500,0.0,0.0,0.8996039603960396,0.10211881188118813,1.487407592512567,1.8808319457887153,0.9291200000000002,0.007598755303622341,0.0022572550988746564,0.0002933333333333333,0
126,75,Normal,20.0,0.0,clean,0.0,QFactor,500,0.0,0.0,0.8982376237623761,0.40291089108910894,6.260071900667878,7.855501398536176,0.9957866666666666,0.00759875530362233,0.03884678003739551,0.004186666666666667,0
127,75,Normal,20.0,0.05,lower,0.0,MaxMin,500,3.75,4.0,0.8076435643564357,0.5102574257425743,8.761562401205158,10.366709497874018,0.9426400000000001,0.00744065514051432,0.043938974418486376,0.0014133333333333333,0
127,75,Normal,20.0,0.05,lower,0.0,MeanSD,500,3.75,4.0,0.9156435643564357,0.08443564356435644,1.2048150555560335,1.5195062837086162,0.8798666666666667,0.019660444199769846,0.032690317115836955,0.00016,0
127,75,Normal,20.0,0.05,lower,0.0,MedianMAD,500,3.75,4.0,0.8811881188118812,0.11936633663366338,1.7243097595036223,2.2330007763053192,0.8789866666666667,0.03442882285588689,0.033994718587409004,0.00013333333333333334,0
127,75,Normal,20.0,0.05,lower,0.0,Percentile,500,3.75,4.0,0.8952079207920792,0.10586138613861386,1.5351619248548205,1.946596622622852,0.8759733333333336,0.00744065514051432,0.00444357154367296,0.00013333333333333334,0
127,75,Normal,20.0,0.05,lower,0.0,QFactor,500,3.75,4.0,0.8940990099009901,0.4087722772277228,6.392703725705524,8.002855720065185,0.9426400000000001,0.00744065514051432,0.03770089572147625,0.003946666666666667,0
128,75,Normal,20.0,0.05,upper,0.0,MaxMin,500,3.75,4.0,0.8554653465346534,0.5257029702970297,9.549566770796075,11.197245843502216,0.9968533333333333,0.006542654183022989,0.03832947686244932,0.0011733333333333333,0
128,75,Normal,20.0,0.05,upper,0.0,MeanSD,500,3.75,4.0,0.927940594059406,0.20396039603960398,2.964667732619226,3.6015086083519083,0.9556533333333335,0.018043831933733392,0.030557228665184177,0.0002666666666666667,0
128,75,Normal,20.0,0.05,upper,0.0,MedianMAD,500,3.75,4.0,0.8884554455445546,0.12306930693069307,1.7845423051544884,2.305733619676447,0.9371466666666667,0.032221135279081985,0.03366808240665459,0.00010666666666666667,0
128,75,Normal,20.0,0.05,upper,0.0,Percentile,500,3.75,4.0,0.8888712871287129,0.15162376237623762,2.2203390426040617,3.1067258646324434,0.9301866666666667,0.006542654183022999,0.0018993789813670711,5.333333333333333e-05,0
128,75,Normal,20.0,0.05,upper,0.0,QFactor,500,3.75,4.0,0.9861188118811882,0.03910891089108911,0.6014531295404711,0.7983209358957247,0.9968533333333333,0.006542654183022989,0.027367717479017235,0.0030666666666666668,0
129,75,Compressed Normal,20.0,0.0,clean,0.0,MaxMin,500,0.0,0.0,0.9316633663366338,0.2016039603960396,3.5911992460205573,4.297464034038196,1.0,0.0,0.04567564227481742,0.0,0
129,75,Compressed Normal,20.0,0.0,clean,0.0,MeanSD,500,0.0,0.0,0.9715445544554456,0.028455445544554456,0.41750529451715934,0.5276691009436371,0.9335733333333334,0.0193673071223219,0.03309800815261825,0.0,0
129,75,Compressed Normal,20.0,0.0,clean,0.0,MedianMAD,500,0.0,0.0,0.9613069306930693,0.0386930693069307,0.5596325899908638,0.7129409634384876,0.9310933333333332,0.0341731898232266,0.03423965854895472,0.0,0
129,75,Compressed Normal,20.0,0.0,clean,0.0,Percentile,500,0.0,0.0,0.9651089108910891,0.03489108910891089,0.5172014649322707,0.6545466142721563,0.9333333333333335,1.111334915764742e-16,4.827361040353099e-16,0.0,0
129,75,Compressed Normal,20.0,0.0,clean,0.0,QFactor,500,0.0,0.0,0.9635643564356435,0.1845346534653465,2.7010417842754104,3.3466224501735615,1.0,0.0,0.03518666353149594,0.0,0
130,75,Compressed Normal,20.0,0.05,lower,0.0,MaxMin,500,3.75,4.0,0.9294257425742576,0.20231683168316833,3.6125144241580203,4.325151007867031,0.9466666666666668,1.111334915764742e-16,0.043864943260111214,0.0,0
130,75,Compressed Normal,20.0,0.05,lower,0.0,MeanSD,500,3.75,4.0,0.9716039603960397,0.028950495049504955,0.42467690081450876,0.5360940211648421,0.8840800000000001,0.01764775206570546,0.031851246464286324,0.0,0
130,75,Compressed Normal,20.0,0.05,lower,0.0,MedianMAD,500,3.75,4.0,0.959881188118812,0.04051485148514852,0.5888935724398541,0.7458983103800935,0.8789066666666666,0.0340674694369359,0.03399499927589891,0.0,0
130,75,Compressed Normal,20.0,0.05,lower,0.0,Percentile,500,3.75,4.0,0.9647326732673267,0.03566336633663367,0.5222672453055895,0.6584082616913831,0.8800000000000002,2.222669831529484e-16,4.566891919470738e-16,0.0,0
130,75,Compressed Normal,20.0,0.05,lower,0.0,QFactor,500,3.75,4.0,0.9624752475247526,0.18403960396039604,2.6980001098213324,3.3480836540857832,0.9466666666666668,1.111334915764742e-16,0.03431629771859737,0.0,0
131,75,Compressed Normal,20.0,0.05,upper,0.0,MaxMin,500,3.75,4.0,0.9466138613861387,0.4685544554455445,14.240566030782938,15.051492330609722,1.0,0.0,0.03246773171278141,0.0,0
131,75,Compressed Normal,20.0,0.05,upper,0.0,MeanSD,500,3.75,4.0,0.9753663366336633,0.25376237623762377,5.060088185209822,5.933130750179211,0.9997333333333333,0.0018685361380081777,0.02032123195917541,0.0,0
131,75,Compressed Normal,20.0,0.05,upper,0.0,MedianMAD,500,3.75,4.0,0.9604158415841584,0.0468910891089109,0.6366911737902582,0.8096838350770754,0.9377866666666667,0.03242570323429015,0.032714769934834735,0.0,0
131,75,Compressed Normal,20.0,0.05,upper,0.0,Percentile,500,3.75,4.0,0.9621980198019802,0.05502970297029703,0.7607109841318823,1.0584852958354727,0.9333333333333335,1.111334915764742e-16,4.827361040353099e-16,0.0,0
131,75,Compressed Normal,20.0,0.05,upper,0.0,QFactor,500,3.75,4.0,0.9861584158415841,0.5426732673267327,10.185678232266774,12.246129832904183,1.0,0.0,0.01186515909681238,0.0,0
132,75,Uniform,20.0,0.0,clean,0.0,MaxMin,500,0.0,0.0,0.8464950495049505,0.22168316831683169,3.166502094807741,4.228338310428165,0.7862133333333333,0.04695463019570971,0.03864103501953743,0.132,0
132,75,Uniform,20.0,0.0,clean,0.0,MeanSD,500,0.0,0.0,0.851069306930693,0.14952475247524752,2.142948136581285,2.708404886257956,0.7440533333333332,0.045027187412981486,0.03286340188343562,0.08402666666666667,0
132,75,Uniform,20.0,0.0,clean,0.0,MedianMAD,500,0.0,0.0,0.7735247524752474,0.2267326732673267,3.2960875634234337,4.148034123085501,0.7519733333333334,0.05308491913435703,0.034314254563190455,0.09258666666666666,0
132,75,Uniform,20.0,0.0,clean,0.0,Percentile,500,0.0,0.0,0.8111683168316831,0.19174257425742575,2.7759004493246264,3.4795578262179174,0.7407999999999999,0.040470182497027184,0.012495943883985974,0.08232,0
132,75,Uniform,20.0,0.0,clean,0.0,QFactor,500,0.0,0.0,0.9117425742574256,0.20150495049504946,2.9607003605222033,4.031720599079884,0.7862133333333333,0.04695463019570971,0.03684009196620761,0.1272,0
133,75,Uniform,20.0,0.05,lower,0.0,MaxMin,500,3.75,4.0,0.8479801980198022,0.22277227722772278,3.1946385384606963,4.259008670116504,0.7447466666666667,0.045046331081318655,0.03713889069444616,0.12549333333333335,0
133,75,Uniform,20.0,0.05,lower,0.0,MeanSD,500,3.75,4.0,0.8396435643564356,0.16132673267326733,2.3106438499196678,2.9002048370225952,0.7035466666666667,0.04606297955038304,0.032109258379093994,0.0804,0
133,75,Uniform,20.0,0.05,lower,0.0,MedianMAD,500,3.75,4.0,0.7647920792079208,0.23673267326732672,3.431339479515867,4.31622251428843,0.70912,0.051391059683217874,0.03368543371878027,0.08805333333333333,0
133,75,Uniform,20.0,0.05,lower,0.0,Percentile,500,3.75,4.0,0.8016633663366336,0.20380198019801976,2.956150833789021,3.6880211797212477,0.7018933333333333,0.042226680963229166,0.012344915284574666,0.07938666666666666,0
133,75,Uniform,20.0,0.05,lower,0.0,QFactor,500,3.75,4.0,0.913049504950495,0.19615841584158417,2.908842677864538,3.9720019541569744,0.7447466666666667,0.045046331081318655,0.03601875739738079,0.12282666666666667,0
134,75,Uniform,20.0,0.05,upper,0.0,MaxMin,500,3.75,4.0,0.8914455445544555,0.20134653465346533,2.8832754983121163,4.026580407768001,0.7982666666666667,0.044300345334422106,0.03648108427676954,0.12458666666666667,0
134,75,Uniform,20.0,0.05,upper,0.0,MeanSD,500,3.75,4.0,0.8632673267326733,0.23613861386138615,3.5744588534626773,4.280729495894903,0.7608533333333333,0.04540209332105344,0.03188271239684793,0.08221333333333333,0
134,75,Uniform,20.0,0.05,upper,0.0,MedianMAD,500,3.75,4.0,0.7722178217821781,0.25772277227722773,3.7129293694088923,4.700185803321561,0.7662133333333334,0.05111771248744203,0.03323016136477888,0.09090666666666666,0
134,75,Uniform,20.0,0.05,upper,0.0,Percentile,500,3.75,4.0,0.8100396039603961,0.28190099009900993,4.150121053986702,5.257863725902356,0.7497866666666666,0.038560709868725826,0.01219645359313311,0.07536,0
134,75,Uniform,20.0,0.05,upper,0.0,QFactor,500,3.75,4.0,0.9868514851485148,0.029821782178217817,0.5170035013308204,0.704216367675003,0.7982666666666667,0.044300345334422106,0.034362923680965704,0.12282666666666667,0
135,75,Right-skewed,20.0,0.0,clean,0.0,MaxMin,500,0.0,0.0,0.8607326732673267,0.3928514851485148,7.870100191614306,10.541071499794624,0.6138666666666666,0.05661638698287301,0.03933269500077739,0.20234666666666667,0
135,75,Right-skewed,20.0,0.0,clean,0.0,MeanSD,500,0.0,0.0,0.9158415841584159,0.08415841584158416,1.2109010836268659,1.6673906094963937,0.6113066666666668,0.05653215360309768,0.03313242666502514,0.16125333333333333,0
135,75,Right-skewed,20.0,0.0,clean,0.0,MedianMAD,500,0.0,0.0,0.8886534653465347,0.1114059405940594,1.6668750213645993,2.3164639626538204,0.6111200000000001,0.056326250083353326,0.03386778324722572,0.17861333333333335,0
135,75,Right-skewed,20.0,0.0,clean,0.0,Percentile,500,0.0,0.0,0.8881386138613862,0.11568316831683169,1.6594148617063802,2.1940552495874583,0.5995733333333333,0.053385038397001254,0.015301322153330299,0.12909333333333334,0
135,75,Right-skewed,20.0,0.0,clean,0.0,QFactor,500,0.0,0.0,0.877009900990099,0.42859405940594064,9.42327379726238,11.687843010148242,0.6134400000000001,0.05681980329744364,0.036492892276331595,0.13917333333333334,0
136,75,Right-skewed,20.0,0.05,lower,0.0,MaxMin,500,3.75,4.0,0.851069306930693,0.39118811881188126,7.835736079258596,10.519102293846437,0.5795733333333333,0.05431458053256019,0.03738631414854113,0.19218666666666667,0
136,75,Right-skewed,20.0,0.05,lower,0.0,MeanSD,500,3.75,4.0,0.9079009900990099,0.09215841584158417,1.308027054538917,1.7723845239870706,0.5769066666666667,0.053500366359712614,0.03184586348441555,0.1524,0
136,75,Right-skewed,20.0,0.05,lower,0.0,MedianMAD,500,3.75,4.0,0.8816435643564355,0.11883168316831685,1.737231172032897,2.3655892855961635,0.578,0.05451512959045482,0.03230382495305745,0.17354666666666665,0
136,75,Right-skewed,20.0,0.05,lower,0.0,Percentile,500,3.75,4.0,0.882950495049505,0.11932673267326732,1.7048843212380935,2.2483124733049613,0.5660266666666667,0.04899469613527228,0.01435267188950512,0.11936,0
136,75,Right-skewed,20.0,0.05,lower,0.0,QFactor,500,3.75,4.0,0.8691287128712871,0.4274257425742574,9.365965165868356,11.643232744202809,0.5790133333333333,0.05435318168184915,0.03488021606944023,0.13085333333333332,0
137,75,Right-skewed,20.0,0.05,upper,0.0,MaxMin,500,3.75,4.0,0.946970297029703,0.5899207920792079,9.503296705233847,10.721296530258432,0.6338400000000001,0.0512703132756188,0.028590071984788943,0.18565333333333334,0
137,75,Right-skewed,20.0,0.05,upper,0.0,MeanSD,500,3.75,4.0,0.9253465346534654,0.4010891089108911,8.02676233048506,10.631834154545942,0.6489866666666667,0.050526903530745425,0.027056450350753575,0.30050666666666664,0
137,75,Right-skewed,20.0,0.05,upper,0.0,MedianMAD,500,3.75,4.0,0.8814257425742574,0.14221782178217823,2.034327075676947,2.9101959325336564,0.6339733333333334,0.05089218873454776,0.031099622209558184,0.18290666666666666,0
137,75,Right-skewed,20.0,0.05,upper,0.0,Percentile,500,3.75,4.0,0.8345346534653465,0.4602178217821783,6.7359931707037655,13.693943458366874,0.6170933333333334,0.04859820955491969,0.013994029905923903,0.11536,0
137,75,Right-skewed,20.0,0.05,upper,0.0,QFactor,500,3.75,4.0,0.9849900990099011,0.47459405940594057,7.534229260058348,9.06172642711426,0.6338400000000001,0.0512703132756188,0.025536493688768133,0.1292,0
138,75,Left-skewed,20.0,0.0,clean,0.0,MaxMin,500,0.0,0.0,0.8163762376237624,0.5147920792079208,10.030557429998876,12.571666202347062,0.9982666666666665,0.0047955297227474806,0.04070921594842083,0.0006933333333333333,0
138,75,Left-skewed,20.0,0.0,clean,0.0,MeanSD,500,0.0,0.0,0.9115643564356434,0.08843564356435642,1.2777446793082354,1.6230806164138836,0.9184,0.018863736905209084,0.0331884560311098,0.0,0
138,75,Left-skewed,20.0,0.0,clean,0.0,MedianMAD,500,0.0,0.0,0.8720594059405943,0.12841584158415842,1.863890312038097,2.382623274403835,0.9113866666666668,0.03867473713947954,0.03587880488283049,2.6666666666666667e-05,0
138,75,Left-skewed,20.0,0.0,clean,0.0,Percentile,500,0.0,0.0,0.8891485148514852,0.11085148514851487,1.6143611423251183,2.0539396252158553,0.9316000000000001,0.004795529722747486,0.001294086270777135,0.0,0
138,75,Left-skewed,20.0,0.0,clean,0.0,QFactor,500,0.0,0.0,0.9488712871287127,0.17833663366336633,2.674693415027719,3.4027157275300444,0.9982666666666665,0.0047955297227474806,0.03171152507700016,0.0017333333333333333,0
139,75,Left-skewed,20.0,0.05,lower,0.0,MaxMin,500,3.75,4.0,0.8145742574257426,0.5163168316831683,10.170341592947237,12.769496120026862,0.9446666666666668,0.005055910954741546,0.0397680203640039,0.0005866666666666667,0
139,75,Left-skewed,20.0,0.05,lower,0.0,MeanSD,500,3.75,4.0,0.9111485148514851,0.08893069306930693,1.2905738995888127,1.6292191727232455,0.8683466666666667,0.01914737462476652,0.03227695631067083,0.0,0
139,75,Left-skewed,20.0,0.05,lower,0.0,MedianMAD,500,3.75,4.0,0.8680990099009901,0.1323168316831683,1.9127323613834648,2.4293137280973776,0.8609866666666667,0.03805215982132247,0.03458707411014293,0.0,0
139,75,Left-skewed,20.0,0.05,lower,0.0,Percentile,500,3.75,4.0,0.888950495049505,0.11287128712871289,1.6302630476551192,2.0586984790552356,0.8780000000000002,0.005055910954741546,0.0035016219813498667,0.0,0
139,75,Left-skewed,20.0,0.05,lower,0.0,QFactor,500,3.75,4.0,0.9508712871287129,0.1865940594059406,2.7929460178184473,3.525823001928028,0.9446666666666668,0.005055910954741546,0.031586806505872186,0.002,0
140,75,Left-skewed,20.0,0.05,upper,0.0,MaxMin,500,3.75,4.0,0.8331683168316832,0.5897821782178218,11.752117024436146,13.742220972961896,0.9982666666666666,0.004720653465175819,0.03803850866987992,0.0005866666666666667,0
140,75,Left-skewed,20.0,0.05,upper,0.0,MeanSD,500,3.75,4.0,0.9168316831683169,0.14122772277227721,1.9509356757926668,2.330346116523513,0.92712,0.018009839216862392,0.030529703746469582,0.0,0
140,75,Left-skewed,20.0,0.05,upper,0.0,MedianMAD,500,3.75,4.0,0.8677029702970299,0.14186138613861385,2.101456943036106,2.651180019972655,0.9188,0.03555808830881159,0.03331004237599853,0.0,0
140,75,Left-skewed,20.0,0.05,upper,0.0,Percentile,500,3.75,4.0,0.8901584158415841,0.1399207920792079,2.0651430115256897,2.568236218977512,0.9316000000000001,0.004720653465175822,0.0012687748679968054,0.0,0
140,75,Left-skewed,20.0,0.05,upper,0.0,QFactor,500,3.75,4.0,0.9857623762376237,0.01605940594059406,0.32173022034568005,0.4754392311526068,0.9982666666666666,0.004720653465175819,0.028596793264689873,0.0017066666666666667,0
141,75,Bimodal,20.0,0.0,clean,0.0,MaxMin,500,0.0,0.0,0.8596831683168317,0.25776237623762377,3.78561928503677,4.904973949871004,0.8126666666666666,0.04303245837547005,0.03912536807575652,0.12202666666666667,0
141,75,Bimodal,20.0,0.0,clean,0.0,MeanSD,500,0.0,0.0,0.8596831683168317,0.14031683168316833,2.020357088325534,2.553836217530352,0.7632266666666667,0.04268318818400926,0.03383827728648803,0.08114666666666667,0
141,75,Bimodal,20.0,0.0,clean,0.0,MedianMAD,500,0.0,0.0,0.7861386138613862,0.21407920792079208,3.1040129359673143,3.8866599875140584,0.7715733333333332,0.051833582598682815,0.03603355021727689,0.08816,0
141,75,Bimodal,20.0,0.0,clean,0.0,Percentile,500,0.0,0.0,0.8213267326732674,0.18376237623762376,2.632662658854553,3.3152984788961075,0.7612533333333333,0.0368551395837621,0.011653234239126129,0.08074666666666666,0
141,75,Bimodal,20.0,0.0,clean,0.0,QFactor,500,0.0,0.0,0.9132871287128712,0.2907326732673267,4.3110677836549,5.515150209188737,0.8126666666666666,0.04303245837547005,0.037677437447686216,0.122,0
142,75,Bimodal,20.0,0.05,lower,0.0,MaxMin,500,3.75,4.0,0.8520396039603961,0.25895049504950496,3.7915296834374046,4.912686949063339,0.7724266666666666,0.043648718182504855,0.03815296735051961,0.11261333333333333,0
142,75,Bimodal,20.0,0.05,lower,0.0,MeanSD,500,3.75,4.0,0.8549504950495049,0.14504950495049504,2.0919319441504225,2.6464206527002543,0.7240266666666666,0.04213580064311246,0.03200742276697066,0.07509333333333333,0
142,75,Bimodal,20.0,0.05,lower,0.0,MedianMAD,500,3.75,4.0,0.7730891089108912,0.22691089108910886,3.3106612503586064,4.132844126735706,0.7330133333333333,0.051080376845578,0.03442783123136599,0.08152,0
142,75,Bimodal,20.0,0.05,lower,0.0,Percentile,500,3.75,4.0,0.8175445544554456,0.18712871287128713,2.6844977561165413,3.4000661710900064,0.7252000000000001,0.03811151002801455,0.011835318506515998,0.07557333333333334,0
142,75,Bimodal,20.0,0.05,lower,0.0,QFactor,500,3.75,4.0,0.9066138613861388,0.28409900990099013,4.226308726830106,5.454695376625238,0.7724266666666666,0.043648718182504855,0.036938861694578794,0.11288,0
143,75,Bimodal,20.0,0.05,upper,0.0,MaxMin,500,3.75,4.0,0.9078415841584159,0.2185940594059406,3.061180827861368,4.036255291795369,0.8237599999999999,0.042881049582198745,0.036567165742559415,0.11376,0
143,75,Bimodal,20.0,0.05,upper,0.0,MeanSD,500,3.75,4.0,0.8645940594059406,0.25352475247524753,3.632954871510192,4.417199008760236,0.7842666666666667,0.042933202222049695,0.032473948582431016,0.07770666666666666,0
143,75,Bimodal,20.0,0.05,upper,0.0,MedianMAD,500,3.75,4.0,0.7834653465346533,0.23322772277227727,3.4282480333528738,4.386484650680869,0.7877333333333334,0.051181715728751874,0.03385514345046535,0.08333333333333333,0
143,75,Bimodal,20.0,0.05,upper,0.0,Percentile,500,3.75,4.0,0.8154059405940594,0.26253465346534655,3.84845761680182,4.945103764285023,0.77184,0.0378054318734233,0.011752505953804384,0.07208,0
143,75,Bimodal,20.0,0.05,upper,0.0,QFactor,500,3.75,4.0,0.9853069306930694,0.016396039603960397,0.31378332690028693,0.47120312756300303,0.8237599999999999,0.042881049582198745,0.03572917759624858,0.11282666666666667,0
144,100,Normal,20.0,0.0,clean,0.0,MaxMin,500,0.0,0.0,0.8185346534653465,0.4881584158415842,8.08664013213167,9.582385579511522,0.99624,0.006351620751614879,0.040640545259607475,0.00192,0
144,100,Normal,20.0,0.0,clean,0.0,MeanSD,500,0.0,0.0,0.9301782178217822,0.06982178217821781,1.0115135151083796,1.2705192227153317,0.9304199999999999,0.018294616311143094,0.02839029763920612,0.0002,0
144,100,Normal,20.0,0.0,clean,0.0,MedianMAD,500,0.0,0.0,0.9029108910891089,0.09734653465346535,1.4070328696400431,1.8144027721488918,0.9311,0.029125359622608808,0.030468193527502713,0.00026,0
144,100,Normal,20.0,0.0,clean,0.0,Percentile,500,0.0,0.0,0.9126930693069307,0.08823762376237625,1.2886520300438173,1.6223080348832253,0.92628,0.006343664884618098,0.0019542624865481763,0.00018,0
144,100,Normal,20.0,0.0,clean,0.0,QFactor,500,0.0,0.0,0.903089108910891,0.38647524752475254,5.895844016942434,7.39040926002295,0.99624,0.006351620751614879,0.034565329546632745,0.00362,0
145,100,Normal,20.0,0.05,lower,0.0,MaxMin,500,5.0,5.0,0.8207128712871287,0.49526732673267326,8.317861773270614,9.861058063671038,0.9464999999999998,0.00565809403033496,0.03821663576286996,0.00158,0
145,100,Normal,20.0,0.05,lower,0.0,MeanSD,500,5.0,5.0,0.9248910891089107,0.0751089108910891,1.0934640735789152,1.3801481780279405,0.8835400000000001,0.01655949376241119,0.02770897880013902,0.00018,0
145,100,Normal,20.0,0.05,lower,0.0,MedianMAD,500,5.0,5.0,0.8953069306930693,0.1051089108910891,1.510119178906771,1.9241233230278578,0.8828199999999999,0.03049766901963597,0.02932045279426574,0.00022,0
145,100,Normal,20.0,0.05,lower,0.0,Percentile,500,5.0,5.0,0.9057227722772276,0.09447524752475249,1.3781052803467126,1.737407288561487,0.8765200000000001,0.005617179488926956,0.0024020975629730694,0.0002,0
145,100,Normal,20.0,0.05,lower,0.0,QFactor,500,5.0,5.0,0.9039207920792078,0.3841980198019802,5.864876673911496,7.358188259094009,0.9464999999999998,0.00565809403033496,0.03338292436022242,0.00342,0
146,100,Normal,20.0,0.05,upper,0.0,MaxMin,500,5.0,5.0,0.864039603960396,0.5113069306930693,8.98518980668826,10.518575196376672,0.9964200000000001,0.006185476557265497,0.03480322401660956,0.0015,0
146,100,Normal,20.0,0.05,upper,0.0,MeanSD,500,5.0,5.0,0.9317227722772276,0.1913069306930693,2.7610002064224437,3.3576056817981472,0.95522,0.015589665658720882,0.026721948105118055,0.0003,0
146,100,Normal,20.0,0.05,upper,0.0,MedianMAD,500,5.0,5.0,0.8950495049504951,0.11386138613861387,1.645172914300103,2.1103359259443573,0.93658,0.03006511970449628,0.028533994703813778,0.00018,0
146,100,Normal,20.0,0.05,upper,0.0,Percentile,500,5.0,5.0,0.9003366336633664,0.14077227722772276,2.051687233165054,2.8330110748832826,0.9264399999999999,0.006180841820595517,0.0019463078246833455,0.00014,0
146,100,Normal,20.0,0.05,upper,0.0,QFactor,500,5.0,5.0,0.98590099009901,0.035762376237623766,0.5466182883000507,0.7319265020845495,0.9964200000000001,0.006185476557265497,0.02443652622081222,0.00334,0
147,100,Compressed Normal,20.0,0.0,clean,0.0,MaxMin,500,0.0,0.0,0.9320792079207919,0.19491089108910892,3.3361857211099597,3.991094532825402,1.0,0.0,0.041535756135391885,0.0,0
147,100,Compressed Normal,20.0,0.0,clean,0.0,MeanSD,500,0.0,0.0,0.9760792079207921,0.023920792079207925,0.3577569077003756,0.45234084161636806,0.93374,0.015745101347176677,0.027995756228219468,0.0,0
147,100,Compressed Normal,20.0,0.0,clean,0.0,MedianMAD,500,0.0,0.0,0.9662376237623763,0.033841584158415844,0.4899625447204218,0.6165539726947271,0.9306400000000001,0.02938225713025014,0.029765123545193152,0.0,0
147,100,Compressed Normal,20.0,0.0,clean,0.0,Percentile,500,0.0,0.0,0.9705742574257424,0.02950495049504951,0.4373991507202471,0.5568597818096026,0.9299999999999998,2.222669831529484e-16,6.181800468941379e-16,0.0,0
147,100,Compressed Normal,20.0,0.0,clean,0.0,QFactor,500,0.0,0.0,0.9600990099009901,0.1716237623762376,2.5247332939269356,3.1398799094243834,1.0,0.0,0.03219988956548934,0.0,0
148,100,Compressed Normal,20.0,0.05,lower,0.0,MaxMin,500,5.0,5.0,0.9334851485148515,0.19564356435643562,3.3789380517594596,4.051648338944552,0.9499999999999997,2.222669831529484e-16,0.04017273671988763,0.0,0
148,100,Compressed Normal,20.0,0.05,lower,0.0,MeanSD,500,5.0,5.0,0.974910891089109,0.025366336633663368,0.36764343284785517,0.4650094966071757,0.88698,0.016371182952448046,0.027273748505356465,0.0,0
148,100,Compressed Normal,20.0,0.05,lower,0.0,MedianMAD,500,5.0,5.0,0.9642178217821783,0.03613861386138614,0.5203238709399007,0.6621802311964696,0.88552,0.02922392299727575,0.0295203582416936,0.0,0
148,100,Compressed Normal,20.0,0.05,lower,0.0,Percentile,500,5.0,5.0,0.9691485148514851,0.031207920792079208,0.4565970860925169,0.5797089204563216,0.8800000000000002,2.222669831529484e-16,8.091907355412029e-16,0.0,0
148,100,Compressed Normal,20.0,0.05,lower,0.0,QFactor,500,5.0,5.0,0.9601584158415841,0.17015841584158417,2.508270189816844,3.1113813832340256,0.9499999999999997,2.222669831529484e-16,0.03125510731389285,0.0,0
149,100,Compressed Normal,20.0,0.05,upper,0.0,MaxMin,500,5.0,5.0,0.9457821782178218,0.4683366336633663,14.080801746792684,14.94851624865269,1.0,0.0,0.030906949512541162,0.0,0
149,100,Compressed Normal,20.0,0.05,upper,0.0,MeanSD,500,5.0,5.0,0.9807128712871286,0.24629702970297027,4.829835696544408,5.659480794593727,0.9994200000000001,0.0023397754375572887,0.018118396862400174,0.0,0
149,100,Compressed Normal,20.0,0.05,upper,0.0,MedianMAD,500,5.0,5.0,0.9671089108910891,0.04172277227722772,0.5567715606116626,0.7138564865286504,0.9380599999999999,0.027899698678887988,0.027973822358081046,0.0,0
149,100,Compressed Normal,20.0,0.05,upper,0.0,Percentile,500,5.0,5.0,0.9692277227722772,0.051801980198019806,0.7071445581082376,0.9890211274150484,0.9299999999999998,2.222669831529484e-16,6.181800468941379e-16,0.0,0
149,100,Compressed Normal,20.0,0.05,upper,0.0,QFactor,500,5.0,5.0,0.9865346534653465,0.5442376237623763,10.242538160175476,12.313846714367587,1.0,0.0,0.010474101913406818,0.0,0
150,100,Uniform,20.0,0.0,clean,0.0,MaxMin,500,0.0,0.0,0.8661782178217822,0.19150495049504948,2.7228750467380958,3.7095506473797513,0.78628,0.042053520627818884,0.03426374900450868,0.14014,0
150,100,Uniform,20.0,0.0,clean,0.0,MeanSD,500,0.0,0.0,0.8696633663366338,0.13176237623762377,1.8744057630039281,2.386303761901688,0.74124,0.04176063098902127,0.02943847913250086,0.08554,0
150,100,Uniform,20.0,0.0,clean,0.0,MedianMAD,500,0.0,0.0,0.8004356435643565,0.2012475247524752,2.9060980401043577,3.6864769776966053,0.7480800000000001,0.04903388873512867,0.03108808391600141,0.09268,0
150,100,Uniform,20.0,0.0,clean,0.0,Percentile,500,0.0,0.0,0.8338019801980198,0.17065346534653464,2.46934782202019,3.111959826026553,0.7406200000000001,0.03921851327583869,0.010699331827540093,0.08612,0
150,100,Uniform,20.0,0.0,clean,0.0,QFactor,500,0.0,0.0,0.9211485148514852,0.1724752475247525,2.5457803018465093,3.5151833614260313,0.78628,0.042053520627818884,0.03271060759841597,0.13102,0
151,100,Uniform,20.0,0.05,lower,0.0,MaxMin,500,5.0,5.0,0.873029702970297,0.18772277227722772,2.679619099460446,3.6219074773797493,0.74632,0.038882918649780544,0.032904800049397914,0.1331,0
151,100,Uniform,20.0,0.05,lower,0.0,MeanSD,500,5.0,5.0,0.8639009900990098,0.13697029702970298,1.9503538284171786,2.4261326301376993,0.70398,0.03871637269980311,0.028014523667292866,0.082,0
151,100,Uniform,20.0,0.05,lower,0.0,MedianMAD,500,5.0,5.0,0.7943762376237624,0.2073069306930693,2.992752205615403,3.7968002812783372,0.71372,0.04398671688731781,0.029576071823149416,0.09122,0
151,100,Uniform,20.0,0.05,lower,0.0,Percentile,500,5.0,5.0,0.8278217821782178,0.17643564356435643,2.5543395935288853,3.16796622333374,0.7037599999999999,0.034435941516622895,0.009812715868620259,0.08258,0
151,100,Uniform,20.0,0.05,lower,0.0,QFactor,500,5.0,5.0,0.9246336633663367,0.1731881188118812,2.5501275246751334,3.491170234242499,0.74632,0.038882918649780544,0.03211415189584724,0.1253,0
152,100,Uniform,20.0,0.05,upper,0.0,MaxMin,500,5.0,5.0,0.9145148514851487,0.16033663366336637,2.277517277714949,3.24756781664381,0.8005800000000001,0.03612303069640456,0.03151930857420349,0.13036,0
152,100,Uniform,20.0,0.05,upper,0.0,MeanSD,500,5.0,5.0,0.8777623762376239,0.20798019801980197,3.177456410109229,3.819982545246919,0.76246,0.03606035355062945,0.027347241207481457,0.08226,0
152,100,Uniform,20.0,0.05,upper,0.0,MedianMAD,500,5.0,5.0,0.8002772277227723,0.2243366336633664,3.2099426438075565,4.075289157368942,0.7677200000000001,0.04219908916377823,0.029108709175539947,0.08936,0
152,100,Uniform,20.0,0.05,upper,0.0,Percentile,500,5.0,5.0,0.8287524752475247,0.2527128712871287,3.6994517375725247,4.719244800386372,0.75384,0.035130081771760545,0.009690587645800278,0.07722,0
152,100,Uniform,20.0,0.05,upper,0.0,QFactor,500,5.0,5.0,0.9867524752475249,0.02584158415841584,0.4504819957591378,0.6219876099333966,0.8005800000000001,0.03612303069640456,0.030423853668179787,0.1221,0
153,100,Right-skewed,20.0,0.0,clean,0.0,MaxMin,500,0.0,0.0,0.8642376237623763,0.38560396039603956,7.47680273776505,10.013596696411174,0.6128399999999999,0.04783000961362311,0.03349089850071859,0.21256,0
153,100,Right-skewed,20.0,0.0,clean,0.0,MeanSD,500,0.0,0.0,0.9259999999999999,0.074,1.0722635015213882,1.4886803789069345,0.6109199999999999,0.048051759000958254,0.02789960166379954,0.16206,0
153,100,Right-skewed,20.0,0.0,clean,0.0,MedianMAD,500,0.0,0.0,0.902970297029703,0.09702970297029703,1.4312086482386754,1.9994978333488647,0.6115799999999999,0.047638665860516495,0.028896966518523012,0.18356,0
153,100,Right-skewed,20.0,0.0,clean,0.0,Percentile,500,0.0,0.0,0.9021782178217822,0.10037623762376238,1.4273001104764325,1.9141325017252706,0.60122,0.04614075789449233,0.013243499860589609,0.13224,0
153,100,Right-skewed,20.0,0.0,clean,0.0,QFactor,500,0.0,0.0,0.8791881188118812,0.4193663366336633,8.864931835650037,11.021452715829039,0.6125999999999999,0.04814015942952204,0.031616807439212524,0.14022,0
154,100,Right-skewed,20.0,0.05,lower,0.0,MaxMin,500,5.0,5.0,0.8619603960396038,0.38215841584158416,7.342375318586538,9.83688528122853,0.5816399999999999,0.04767237891507876,0.03293989256180255,0.20108,0
154,100,Right-skewed,20.0,0.05,lower,0.0,MeanSD,500,5.0,5.0,0.9229108910891088,0.07708910891089109,1.0926925597929016,1.5245315950649403,0.5796800000000001,0.04727756271078008,0.02761243798442401,0.15086,0
154,100,Right-skewed,20.0,0.05,lower,0.0,MedianMAD,500,5.0,5.0,0.8993465346534654,0.10065346534653466,1.4602672902501703,2.0270971912257494,0.5797,0.04755873912683839,0.028195929457451082,0.16816,0
154,100,Right-skewed,20.0,0.05,lower,0.0,Percentile,500,5.0,5.0,0.8974653465346535,0.10487128712871288,1.49422447452492,1.9785726085058208,0.5687000000000001,0.04363390694942801,0.012759751036952028,0.12162,0
154,100,Right-skewed,20.0,0.05,lower,0.0,QFactor,500,5.0,5.0,0.8748514851485149,0.4183168316831683,8.739785052191479,10.86760593706569,0.58128,0.047691829711623404,0.030827190060016302,0.13126,0
155,100,Right-skewed,20.0,0.05,upper,0.0,MaxMin,500,5.0,5.0,0.9545346534653464,0.5815445544554456,9.302850891566669,10.566917203291334,0.63128,0.050017648188019806,0.026456092976081126,0.19926,0
155,100,Right-skewed,20.0,0.05,upper,0.0,MeanSD,500,5.0,5.0,0.935920792079208,0.3864752475247525,7.558313755212404,10.005914123819338,0.64578,0.04813965572068221,0.024840276901913372,0.3035,0
155,100,Right-skewed,20.0,0.05,upper,0.0,MedianMAD,500,5.0,5.0,0.8932079207920792,0.1272079207920792,1.7929034629769296,2.5653583914081124,0.63066,0.0496537550521767,0.028408012079268574,0.18284,0
155,100,Right-skewed,20.0,0.05,upper,0.0,Percentile,500,5.0,5.0,0.8316039603960398,0.41128712871287126,5.98151821667259,12.541749739371049,0.61776,0.04752999685674726,0.013312674054709726,0.11916,0
155,100,Right-skewed,20.0,0.05,upper,0.0,QFactor,500,5.0,5.0,0.9868910891089109,0.4773069306930693,7.633172878599467,9.17904668780533,0.63128,0.050017648188019806,0.022595024551771557,0.1303,0
156,100,Left-skewed,20.0,0.0,clean,0.0,MaxMin,500,0.0,0.0,0.8302772277227723,0.5081584158415842,9.539277228797761,11.894709743402187,0.99826,0.004050334606034631,0.03618446857383105,0.00066,0
156,100,Left-skewed,20.0,0.0,clean,0.0,MeanSD,500,0.0,0.0,0.924059405940594,0.07627722772277229,1.098875449347622,1.398200016230943,0.9178999999999999,0.017527247611009406,0.02889980766338498,0.0,0
156,100,Left-skewed,20.0,0.0,clean,0.0,MedianMAD,500,0.0,0.0,0.8903960396039603,0.1096039603960396,1.5922266828157938,2.0452083781932417,0.9113,0.03494212219954041,0.03100153966399701,0.0,0
156,100,Left-skewed,20.0,0.0,clean,0.0,Percentile,500,0.0,0.0,0.9057821782178219,0.09421782178217822,1.3561366071159011,1.7402292303649338,0.92828,0.003984136881858705,0.001174974159459672,2e-05,0
156,100,Left-skewed,20.0,0.0,clean,0.0,QFactor,500,0.0,0.0,0.9536237623762377,0.1579009900990099,2.3757258543940583,3.0301351503245137,0.99826,0.004050334606034631,0.02823636693702336,0.0017,0
157,100,Left-skewed,20.0,0.05,lower,0.0,MaxMin,500,5.0,5.0,0.830930693069307,0.5052673267326733,9.490169882384066,11.857171390487894,0.9481999999999999,0.004427098191456062,0.03455755122818858,0.00092,0
157,100,Left-skewed,20.0,0.05,lower,0.0,MeanSD,500,5.0,5.0,0.9251881188118811,0.07493069306930693,1.0880513065330937,1.3979138447848396,0.87264,0.01627144492169272,0.028392671705253267,0.0,0
157,100,Left-skewed,20.0,0.05,lower,0.0,MedianMAD,500,5.0,5.0,0.8897029702970297,0.11100990099009903,1.6025157409672208,2.0528660528652414,0.8636399999999999,0.032187302541371504,0.03055252135317143,0.0,0
157,100,Left-skewed,20.0,0.05,lower,0.0,Percentile,500,5.0,5.0,0.9057425742574258,0.09475247524752475,1.3647337723922643,1.7579853971318686,0.8782000000000002,0.004427098191456072,0.001953611460573709,2e-05,0
157,100,Left-skewed,20.0,0.05,lower,0.0,QFactor,500,5.0,5.0,0.9517425742574257,0.16651485148514852,2.4976588165328493,3.186786807931846,0.9481999999999999,0.004427098191456062,0.027831299537410353,0.0018,0
158,100,Left-skewed,20.0,0.05,upper,0.0,MaxMin,500,5.0,5.0,0.8377425742574257,0.5753663366336633,10.908901575871166,12.746128954574196,0.9986000000000002,0.003642325227946056,0.03334615709514518,0.00058,0
158,100,Left-skewed,20.0,0.05,upper,0.0,MeanSD,500,5.0,5.0,0.9264752475247526,0.13158415841584156,1.8099722056382388,2.1695958099842447,0.9262400000000001,0.015886067300264605,0.027153771668572687,0.0,0
158,100,Left-skewed,20.0,0.05,upper,0.0,MedianMAD,500,5.0,5.0,0.8887722772277227,0.12221782178217822,1.8152528633692164,2.290894022193053,0.91722,0.03138856613750198,0.02884884623414421,0.0,0
158,100,Left-skewed,20.0,0.05,upper,0.0,Percentile,500,5.0,5.0,0.9023168316831683,0.12516831683168317,1.866007968477402,2.3420503559821504,0.9285999999999999,0.0036423252279460558,0.0010665818567680767,0.0,0
158,100,Left-skewed,20.0,0.05,upper,0.0,QFactor,500,5.0,5.0,0.9867524752475249,0.013643564356435645,0.2733104154719963,0.4097531210609768,0.9986000000000002,0.003642325227946056,0.024138155009860468,0.0014,0
159,100,Bimodal,20.0,0.0,clean,0.0,MaxMin,500,0.0,0.0,0.8776237623762376,0.22057425742574255,3.216138962715615,4.205743668474646,0.8176599999999999,0.038581101627683086,0.03438022500969615,0.12468,0
159,100,Bimodal,20.0,0.0,clean,0.0,MeanSD,500,0.0,0.0,0.8795841584158415,0.1206138613861386,1.735807854355401,2.1689987582365493,0.7669,0.03639284102341437,0.028927750933571125,0.07862,0
159,100,Bimodal,20.0,0.0,clean,0.0,MedianMAD,500,0.0,0.0,0.8114257425742575,0.1891089108910891,2.7340322769443612,3.4638045499946015,0.7768,0.044054984773198295,0.030612704629189705,0.08572,0
159,100,Bimodal,20.0,0.0,clean,0.0,Percentile,500,0.0,0.0,0.848059405940594,0.15544554455445544,2.22749793118051,2.788630149852283,0.76882,0.036213677815458686,0.00990724291164951,0.07958,0
159,100,Bimodal,20.0,0.0,clean,0.0,QFactor,500,0.0,0.0,0.9231287128712871,0.24746534653465346,3.655585344775595,4.705613062124912,0.8176599999999999,0.038581101627683086,0.03310477181141265,0.11936,0
160,100,Bimodal,20.0,0.05,lower,0.0,MaxMin,500,5.0,5.0,0.8823960396039604,0.22683168316831684,3.316387292296604,4.3385645249917015,0.77626,0.03837652818887691,0.03268894890429908,0.11818,0
160,100,Bimodal,20.0,0.05,lower,0.0,MeanSD,500,5.0,5.0,0.875841584158416,0.12499009900990099,1.7967024386995185,2.2790846800492828,0.7281199999999999,0.037588447464154885,0.028218921082179195,0.07408,0
160,100,Bimodal,20.0,0.05,lower,0.0,MedianMAD,500,5.0,5.0,0.8136633663366337,0.18756435643564356,2.71040595190668,3.4786627152297505,0.7371800000000001,0.0453956951513748,0.030022952633121276,0.08078,0
160,100,Bimodal,20.0,0.05,lower,0.0,Percentile,500,5.0,5.0,0.8420198019801981,0.16075247524752476,2.3073133958338885,2.9134222820956266,0.7288799999999999,0.03474997440924074,0.009824218330518298,0.07562,0
160,100,Bimodal,20.0,0.05,lower,0.0,QFactor,500,5.0,5.0,0.9207920792079208,0.264990099009901,3.9220805154322025,4.99612527342175,0.77626,0.03837652818887691,0.031967890761047585,0.11276,0
161,100,Bimodal,20.0,0.05,upper,0.0,MaxMin,500,5.0,5.0,0.9204752475247524,0.1937029702970297,2.6919170853506813,3.550538013718124,0.82678,0.03972641408372902,0.032011703229176985,0.11796,0
161,100,Bimodal,20.0,0.05,upper,0.0,MeanSD,500,5.0,5.0,0.8897425742574256,0.23796039603960395,3.3970162316310453,4.106126430474817,0.7853199999999999,0.0393241704395849,0.02861293259574147,0.07942,0
161,100,Bimodal,20.0,0.05,upper,0.0,MedianMAD,500,5.0,5.0,0.8095049504950494,0.2162970297029703,3.170912831032259,4.073354351977756,0.79374,0.04593072678857426,0.029670853006786232,0.08612,0
161,100,Bimodal,20.0,0.05,upper,0.0,Percentile,500,5.0,5.0,0.8446534653465346,0.24293069306930695,3.5379539749142555,4.5508339448955075,0.7774200000000001,0.03794236215223537,0.010369256987646852,0.07484,0
161,100,Bimodal,20.0,0.05,upper,0.0,QFactor,500,5.0,5.0,0.9857029702970298,0.014297029702970296,0.260445235680282,0.3963478067558558,0.82678,0.03972641408372902,0.03081981485649772,0.11232,0
162,200,Normal,20.0,0.0,clean,0.0,MaxMin,500,0.0,0.0,0.8367722772277228,0.443009900990099,6.948012302708074,8.261977481030655,0.99632,0.004230057537853017,0.03234901091359847,0.00208,0
162,200,Normal,20.0,0.0,clean,0.0,MeanSD,500,0.0,0.0,0.9498613861386138,0.05013861386138614,0.7296768588305733,0.9303900576467597,0.92955,0.011892449735922463,0.019764308111847144,0.0002,0
162,200,Normal,20.0,0.0,clean,0.0,MedianMAD,500,0.0,0.0,0.929009900990099,0.07190099009900991,1.0238546464514549,1.3091741056343957,0.9295699999999999,0.0205574881890099,0.0211040539641216,0.00024,0
162,200,Normal,20.0,0.0,clean,0.0,Percentile,500,0.0,0.0,0.9368514851485147,0.06354455445544555,0.9300798922134857,1.1850875378543135,0.9263300000000002,0.004232839929377852,0.0013031406746549746,0.0002,0
162,200,Normal,20.0,0.0,clean,0.0,QFactor,500,0.0,0.0,0.9194059405940596,0.33199999999999996,4.878839855729667,6.130173548649858,0.99632,0.004230057537853017,0.026623381739498714,0.00355,0
163,200,Normal,20.0,0.05,lower,0.0,MaxMin,500,10.0,10.0,0.839049504950495,0.44594059405940595,7.03337969095912,8.36901576581785,0.9463299999999999,0.004361093701877205,0.030711249778592246,0.00195,0
163,200,Normal,20.0,0.05,lower,0.0,MeanSD,500,10.0,10.0,0.9473069306930693,0.05269306930693069,0.7612714972867299,0.9552145614949871,0.8827200000000001,0.012222945667947785,0.019672939991035365,0.00016,0
163,200,Normal,20.0,0.05,lower,0.0,MedianMAD,500,10.0,10.0,0.9277623762376237,0.07398019801980199,1.0627157576533344,1.352874021910877,0.88292,0.021032316007355615,0.020838332423332495,0.00018,0
163,200,Normal,20.0,0.05,lower,0.0,Percentile,500,10.0,10.0,0.934079207920792,0.06651485148514852,0.9704766745708244,1.2199847506331294,0.8813599999999999,0.004346052962482791,0.0013726716208247375,0.00017,0
163,200,Normal,20.0,0.05,lower,0.0,QFactor,500,10.0,10.0,0.9102574257425743,0.32807920792079204,4.842516371135945,6.13344056089185,0.9463299999999999,0.004361093701877205,0.026644759182191533,0.00356,0
164,200,Normal,20.0,0.05,upper,0.0,MaxMin,500,10.0,10.0,0.8901584158415842,0.48851485148514856,8.071456293613393,9.33933612783569,0.99647,0.004257387779073318,0.026387022248134304,0.00194,0
164,200,Normal,20.0,0.05,upper,0.0,MeanSD,500,10.0,10.0,0.9532079207920792,0.18700990099009898,2.676402759762929,3.246182659751154,0.95355,0.011282823414749373,0.01916802499563427,0.00032,0
164,200,Normal,20.0,0.05,upper,0.0,MedianMAD,500,10.0,10.0,0.9237425742574258,0.0909108910891089,1.3139587197009444,1.649982203884646,0.93696,0.02060600920194058,0.02071088232951126,0.00018,0
164,200,Normal,20.0,0.05,upper,0.0,Percentile,500,10.0,10.0,0.9281782178217821,0.12964356435643565,1.8856281870110938,2.7389642318038177,0.92648,0.004212492157899021,0.0014766670536973205,8e-05,0
164,200,Normal,20.0,0.05,upper,0.0,QFactor,500,10.0,10.0,0.989980198019802,0.026693069306930696,0.3934533852401381,0.5244161189396361,0.99647,0.004257387779073318,0.01729838155296291,0.00347,0
165,200,Compressed Normal,20.0,0.0,clean,0.0,MaxMin,500,0.0,0.0,0.9361584158415841,0.18235643564356435,2.918789471489954,3.508540388521384,1.0,0.0,0.036055801540252806,0.0,0
165,200,Compressed Normal,20.0,0.0,clean,0.0,MeanSD,500,0.0,0.0,0.9845544554455445,0.015445544554455445,0.24348134957635595,0.30787751353578624,0.9329400000000001,0.011113208664180953,0.019894358182474793,0.0,0
165,200,Compressed Normal,20.0,0.0,clean,0.0,MedianMAD,500,0.0,0.0,0.9758415841584158,0.024356435643564357,0.350233401149521,0.4571271709731526,0.93103,0.02229086955978752,0.021993510110030794,0.0,0
165,200,Compressed Normal,20.0,0.0,clean,0.0,Percentile,500,0.0,0.0,0.9801584158415841,0.02003960396039604,0.30709360016496695,0.3895938386246713,0.9299999999999998,2.222669831529484e-16,6.181800468941379e-16,0.0,0
165,200,Compressed Normal,20.0,0.0,clean,0.0,QFactor,500,0.0,0.0,0.9669306930693069,0.14332673267326734,2.1521584147658053,2.6796877583949756,1.0,0.0,0.02683425235384682,0.0,0
166,200,Compressed Normal,20.0,0.05,lower,0.0,MaxMin,500,10.0,10.0,0.9339207920792079,0.1824158415841584,2.9458353020292614,3.5455013849775208,0.9499999999999997,2.222669831529484e-16,0.03402644468762929,0.0,0
166,200,Compressed Normal,20.0,0.05,lower,0.0,MeanSD,500,10.0,10.0,0.9833465346534653,0.016653465346534654,0.25947695113630265,0.32800380053632305,0.88725,0.011487010176961255,0.01997419311822814,0.0,0
166,200,Compressed Normal,20.0,0.05,lower,0.0,MedianMAD,500,10.0,10.0,0.9771089108910891,0.023643564356435644,0.34367095683218624,0.43614968527144377,0.88542,0.021609199777642415,0.02086941675370063,0.0,0
166,200,Compressed Normal,20.0,0.05,lower,0.0,Percentile,500,10.0,10.0,0.9787326732673268,0.022019801980198022,0.32158586891754015,0.40946232370964564,0.8849999999999999,1.111334915764742e-16,9.41161756788266e-16,0.0,0
166,200,Compressed Normal,20.0,0.05,lower,0.0,QFactor,500,10.0,10.0,0.966,0.1428712871287129,2.133968438795953,2.6640000387310967,0.9499999999999997,2.222669831529484e-16,0.025009093884737394,0.0,0
167,200,Compressed Normal,20.0,0.05,upper,0.0,MaxMin,500,10.0,10.0,0.953029702970297,0.4703564356435644,13.788301455697917,14.77961126751162,1.0,0.0,0.02575078330855785,0.0,0
167,200,Compressed Normal,20.0,0.05,upper,0.0,MeanSD,500,10.0,10.0,0.9864158415841584,0.24665346534653465,4.812791629975516,5.630636575274809,0.9995,0.001598471213516492,0.013484112998170622,0.0,0
167,200,Compressed Normal,20.0,0.05,upper,0.0,MedianMAD,500,10.0,10.0,0.9741782178217822,0.0344950495049505,0.44088996777247835,0.568097906792303,0.9391600000000001,0.019658772460897388,0.02051123276777478,0.0,0
167,200,Compressed Normal,20.0,0.05,upper,0.0,Percentile,500,10.0,10.0,0.9781584158415841,0.048851485148514846,0.6470802823631167,0.9461674090489834,0.9299999999999998,2.222669831529484e-16,6.181800468941379e-16,0.0,0
167,200,Compressed Normal,20.0,0.05,upper,0.0,QFactor,500,10.0,10.0,0.989960396039604,0.5473663366336634,10.401063390870025,12.502648761478378,1.0,0.0,0.007140473544060547,0.0,0
168,200,Uniform,20.0,0.0,clean,0.0,MaxMin,500,0.0,0.0,0.9186336633663368,0.12449504950495051,1.7657044778917457,2.412321563882567,0.78606,0.030044662812670302,0.02357244440292056,0.1498,0
168,200,Uniform,20.0,0.0,clean,0.0,MeanSD,500,0.0,0.0,0.9092079207920792,0.09142574257425744,1.2885520343972243,1.627176582469979,0.7405,0.029297896400030752,0.020559876145081875,0.08673,0
168,200,Uniform,20.0,0.0,clean,0.0,MedianMAD,500,0.0,0.0,0.8607524752475249,0.1402772277227723,2.0243264036097055,2.564146258621295,0.75017,0.03424129133172593,0.022008752066086698,0.09453,0
168,200,Uniform,20.0,0.0,clean,0.0,Percentile,500,0.0,0.0,0.8833069306930693,0.11768316831683169,1.7005911810670093,2.1443007581231637,0.74401,0.027380088357727317,0.007278256782028138,0.08858,0
168,200,Uniform,20.0,0.0,clean,0.0,QFactor,500,0.0,0.0,0.9498613861386139,0.11976237623762376,1.7759489862867537,2.3909056510927567,0.78606,0.030044662812670302,0.023070264197093748,0.13127,0
169,200,Uniform,20.0,0.05,lower,0.0,MaxMin,500,10.0,10.0,0.9099801980198021,0.13132673267326733,1.8684644824066974,2.5701967933743153,0.7484700000000001,0.02865399103798301,0.02381163824939278,0.13954,0
169,200,Uniform,20.0,0.05,lower,0.0,MeanSD,500,10.0,10.0,0.902019801980198,0.09904950495049504,1.395503466780877,1.7805168293568743,0.70594,0.029141290802902297,0.020422011415642982,0.08035,0
169,200,Uniform,20.0,0.05,lower,0.0,MedianMAD,500,10.0,10.0,0.849009900990099,0.15154455445544554,2.183742254328274,2.7837392084080594,0.71591,0.03417832963198854,0.021414718561652342,0.08814,0
169,200,Uniform,20.0,0.05,lower,0.0,Percentile,500,10.0,10.0,0.8754059405940594,0.12661386138613862,1.8275502834484016,2.3033012247489317,0.70778,0.026305047253750442,0.007026012866705242,0.08242,0
169,200,Uniform,20.0,0.05,lower,0.0,QFactor,500,10.0,10.0,0.9450297029702971,0.12,1.7823980723774595,2.453036534789756,0.7484700000000001,0.02865399103798301,0.022722201398851637,0.12243,0
170,200,Uniform,20.0,0.05,upper,0.0,MaxMin,500,10.0,10.0,0.9394455445544556,0.11815841584158417,1.662253985023515,2.401199113297375,0.7985999999999999,0.02752371904776751,0.022615906859238834,0.13744,0
170,200,Uniform,20.0,0.05,upper,0.0,MeanSD,500,10.0,10.0,0.9122574257425742,0.20243564356435642,3.0993011496015264,3.694529790487727,0.75945,0.02738699682678591,0.020076239512765173,0.08226,0
170,200,Uniform,20.0,0.05,upper,0.0,MedianMAD,500,10.0,10.0,0.8526732673267328,0.20542574257425741,2.8981182606004596,3.6668462913419373,0.77098,0.03239194461825818,0.02137257953054872,0.09283,0
170,200,Uniform,20.0,0.05,upper,0.0,Percentile,500,10.0,10.0,0.8773069306930693,0.24724752475247527,3.5940680072604394,4.733035464359723,0.755,0.02505304992653077,0.0067122837503906865,0.07956,0
170,200,Uniform,20.0,0.05,upper,0.0,QFactor,500,10.0,10.0,0.9893069306930692,0.01702970297029703,0.3010249994588176,0.4333261943229904,0.7985999999999999,0.02752371904776751,0.021703435097293798,0.12125,0
171,200,Right-skewed,20.0,0.0,clean,0.0,MaxMin,500,0.0,0.0,0.8794257425742574,0.36245544554455444,6.395231354233312,8.549716147858929,0.61197,0.036501147482443215,0.02569183590993246,0.23112,0
171,200,Right-skewed,20.0,0.0,clean,0.0,MeanSD,500,0.0,0.0,0.9507326732673267,0.04926732673267327,0.7259258457423127,1.003471093625814,0.6111799999999998,0.03647009371349274,0.02030146270658432,0.16236,0
171,200,Right-skewed,20.0,0.0,clean,0.0,MedianMAD,500,0.0,0.0,0.9313663366336633,0.06863366336633664,1.0151520899896453,1.4339506086285025,0.61153,0.03670017582807505,0.021441220697527318,0.18661,0
171,200,Right-skewed,20.0,0.0,clean,0.0,Percentile,500,0.0,0.0,0.9307326732673268,0.0714059405940594,1.00144856640642,1.3276418223151945,0.60461,0.034119292963140514,0.009293407801119553,0.13426,0
171,200,Right-skewed,20.0,0.0,clean,0.0,QFactor,500,0.0,0.0,0.8895247524752475,0.3951881188118812,7.484469490094967,9.329828230074186,0.61181,0.03661495883407275,0.023659790769365134,0.13827,0
172,200,Right-skewed,20.0,0.05,lower,0.0,MaxMin,500,10.0,10.0,0.876930693069307,0.36192079207920785,6.469991251030825,8.68588721950188,0.5848799999999998,0.033834526009693125,0.02469689501309337,0.21179,0
172,200,Right-skewed,20.0,0.05,lower,0.0,MeanSD,500,10.0,10.0,0.9493267326732674,0.05067326732673268,0.7420045441476572,1.030147285463631,0.58409,0.0337713326034319,0.019862711786579987,0.15204,0
172,200,Right-skewed,20.0,0.05,lower,0.0,MedianMAD,500,10.0,10.0,0.928970297029703,0.07102970297029702,1.0342278085519974,1.4259672018125873,0.58434,0.03381643835482992,0.020753588727538297,0.17413,0
172,200,Right-skewed,20.0,0.05,lower,0.0,Percentile,500,10.0,10.0,0.9275049504950494,0.07392079207920793,1.0380644202374085,1.3750214530884732,0.57693,0.03148981290248111,0.00867782799837056,0.12445,0
172,200,Right-skewed,20.0,0.05,lower,0.0,QFactor,500,10.0,10.0,0.8853069306930693,0.3973465346534654,7.642154547855073,9.529228894402564,0.5846,0.033866412088313556,0.022465759485408424,0.12898,0
173,200,Right-skewed,20.0,0.05,upper,0.0,MaxMin,500,10.0,10.0,0.9647128712871288,0.5723168316831684,9.112562503427748,10.434069092129873,0.6337,0.034268917657767815,0.01862590608544946,0.21379,0
173,200,Right-skewed,20.0,0.05,upper,0.0,MeanSD,500,10.0,10.0,0.9574257425742573,0.3836435643564356,7.4725724514395395,9.918308715608303,0.64582,0.0320277872841168,0.017111766270976762,0.30029,0
173,200,Right-skewed,20.0,0.05,upper,0.0,MedianMAD,500,10.0,10.0,0.9280396039603961,0.1085148514851485,1.4393675586045984,2.046418977329562,0.63377,0.03416095786250979,0.02051553680022901,0.18726,0
173,200,Right-skewed,20.0,0.05,upper,0.0,Percentile,500,10.0,10.0,0.8959999999999998,0.5053267326732673,7.305240140795735,16.054282368608828,0.62354,0.031070873795192737,0.008438575608611804,0.12174,0
173,200,Right-skewed,20.0,0.05,upper,0.0,QFactor,500,10.0,10.0,0.9893069306930692,0.48178217821782177,7.773335301825213,9.345332327607391,0.6337,0.034268917657767815,0.015445650273109854,0.13088,0
174,200,Left-skewed,20.0,0.0,clean,0.0,MaxMin,500,0.0,0.0,0.8350495049504951,0.46184158415841586,7.932235630605435,9.99026914019756,0.99835,0.0028712345734808777,0.02777596272038841,0.001,0
174,200,Left-skewed,20.0,0.0,clean,0.0,MeanSD,500,0.0,0.0,0.9488910891089108,0.05122772277227723,0.7576562281031048,0.9623511494981677,0.91808,0.012087423696687664,0.020098099193753827,0.0,0
174,200,Left-skewed,20.0,0.0,clean,0.0,MedianMAD,500,0.0,0.0,0.9220594059405941,0.07920792079207921,1.1374641604899414,1.4457265151279428,0.91079,0.023800395325188833,0.021971372862721706,0.0,0
174,200,Left-skewed,20.0,0.0,clean,0.0,Percentile,500,0.0,0.0,0.9342178217821782,0.06578217821782179,0.952197340473765,1.2168392207489298,0.92835,0.0028712345734808777,0.0008874514443719614,0.0,0
174,200,Left-skewed,20.0,0.0,clean,0.0,QFactor,500,0.0,0.0,0.9623168316831684,0.12873267326732674,1.936043166746969,2.4670917847721383,0.99835,0.0028712345734808777,0.0208504851349676,0.00165,0
175,200,Left-skewed,20.0,0.05,lower,0.0,MaxMin,500,10.0,10.0,0.8431485148514851,0.47130693069306934,8.172623537134433,10.25444562656119,0.9483299999999999,0.002928866079735647,0.02641276939158646,0.00093,0
175,200,Left-skewed,20.0,0.05,lower,0.0,MeanSD,500,10.0,10.0,0.9442574257425742,0.05574257425742575,0.8058382673725623,1.043820756879205,0.8709100000000001,0.011946016684621646,0.019746033891632136,0.0,0
175,200,Left-skewed,20.0,0.05,lower,0.0,MedianMAD,500,10.0,10.0,0.9220990099009901,0.0779009900990099,1.1300612822797724,1.4517934334916645,0.86448,0.022446319844221657,0.021083433509894556,0.0,0
175,200,Left-skewed,20.0,0.05,lower,0.0,Percentile,500,10.0,10.0,0.93009900990099,0.06990099009900991,1.0140334389824786,1.3090933304224392,0.88333,0.0029288660797356487,0.0009072037256355228,0.0,0
175,200,Left-skewed,20.0,0.05,lower,0.0,QFactor,500,10.0,10.0,0.9613267326732673,0.1328910891089109,1.9984992998404065,2.544098077432951,0.9483299999999999,0.002928866079735647,0.020510887928237756,0.00166,0
176,200,Left-skewed,20.0,0.05,upper,0.0,MaxMin,500,10.0,10.0,0.8537821782178218,0.5410495049504951,9.434047702686541,10.992104887090994,0.9985899999999999,0.0025048850069006364,0.026079873015686195,0.0009,0
176,200,Left-skewed,20.0,0.05,upper,0.0,MeanSD,500,10.0,10.0,0.9482970297029703,0.1189108910891089,1.6221757379060395,1.9227677769759695,0.92645,0.011709899379882541,0.019487068242816076,0.0,0
176,200,Left-skewed,20.0,0.05,upper,0.0,MedianMAD,500,10.0,10.0,0.9188316831683169,0.09277227722772279,1.3946437401476781,1.7504418814398894,0.9179599999999999,0.022566721379669995,0.020562013018627593,0.0,0
176,200,Left-skewed,20.0,0.05,upper,0.0,Percentile,500,10.0,10.0,0.9279801980198019,0.1104158415841584,1.6616633840014778,2.1078825585266743,0.9285899999999999,0.0025048850069006364,0.0007694861048901015,0.0,0
176,200,Left-skewed,20.0,0.05,upper,0.0,QFactor,500,10.0,10.0,0.9893861386138614,0.010613861386138615,0.16818366727594014,0.2559397987093546,0.9985899999999999,0.0025048850069006364,0.018008942839191727,0.00139,0
177,200,Bimodal,20.0,0.0,clean,0.0,MaxMin,500,0.0,0.0,0.9125346534653467,0.1703960396039604,2.494438118261285,3.3123075117874445,0.8153400000000001,0.028314091466107492,0.02470220223879054,0.13349,0
177,200,Bimodal,20.0,0.0,clean,0.0,MeanSD,500,0.0,0.0,0.9179009900990099,0.0820990099009901,1.189808588831561,1.50936718984351,0.76374,0.027393671284676437,0.020936972960024045,0.08016,0
177,200,Bimodal,20.0,0.0,clean,0.0,MedianMAD,500,0.0,0.0,0.8660000000000001,0.13467326732673268,1.9457357379861724,2.456616719697835,0.7763800000000001,0.034488759750072144,0.022661812923398084,0.0888,0
177,200,Bimodal,20.0,0.0,clean,0.0,Percentile,500,0.0,0.0,0.8915643564356436,0.10934653465346535,1.5717722782714876,1.9806687938104035,0.76901,0.025686367570326416,0.006879421530631458,0.08318,0
177,200,Bimodal,20.0,0.0,clean,0.0,QFactor,500,0.0,0.0,0.9416237623762376,0.20394059405940593,3.0127257618489733,3.833106350710167,0.8153400000000001,0.028314091466107492,0.024146048431009613,0.12039,0
178,200,Bimodal,20.0,0.05,lower,0.0,MaxMin,500,10.0,10.0,0.9054851485148514,0.17384158415841583,2.551376276751978,3.4067218823488186,0.7766300000000002,0.02573358768361187,0.024215370094328982,0.12474,0
178,200,Bimodal,20.0,0.05,lower,0.0,MeanSD,500,10.0,10.0,0.913009900990099,0.086990099009901,1.2516769797081824,1.5856799240994877,0.72604,0.02536938334336184,0.020280375978009614,0.07411,0
178,200,Bimodal,20.0,0.05,lower,0.0,MedianMAD,500,10.0,10.0,0.8618811881188119,0.13843564356435645,1.9908028854217332,2.5350294026339335,0.73681,0.03268348697188357,0.021811845434186437,0.08097,0
178,200,Bimodal,20.0,0.05,lower,0.0,Percentile,500,10.0,10.0,0.8864554455445546,0.11504950495049504,1.64291907803603,2.061415689335352,0.73143,0.023700813427269304,0.006387059217331211,0.07698,0
178,200,Bimodal,20.0,0.05,lower,0.0,QFactor,500,10.0,10.0,0.9375049504950493,0.2038217821782178,3.01102910680752,3.8834041560787598,0.7766300000000002,0.02573358768361187,0.02332831124173687,0.11256,0
179,200,Bimodal,20.0,0.05,upper,0.0,MaxMin,500,10.0,10.0,0.9403960396039603,0.15685148514851485,2.1638571727844305,2.8541754496003695,0.82692,0.026749667089120133,0.02339692244170742,0.12496,0
179,200,Bimodal,20.0,0.05,upper,0.0,MeanSD,500,10.0,10.0,0.9171089108910891,0.21865346534653465,3.11480113760126,3.737047466976283,0.78471,0.02722955742562097,0.020375567591702032,0.07781,0
179,200,Bimodal,20.0,0.05,upper,0.0,MedianMAD,500,10.0,10.0,0.85590099009901,0.1709504950495049,2.5127894657350676,3.182855932828845,0.7926400000000001,0.03277772350723328,0.0216437122698716,0.08346,0
179,200,Bimodal,20.0,0.05,upper,0.0,Percentile,500,10.0,10.0,0.8800396039603959,0.22447524752475248,3.2450834181141857,4.337490087323046,0.7784099999999999,0.024294079620541684,0.0065727766798396765,0.0748,0
179,200,Bimodal,20.0,0.05,upper,0.0,QFactor,500,10.0,10.0,0.9894257425742574,0.010574257425742575,0.1660561930777072,0.2495126675094121,0.82692,0.026749667089120133,0.02214901814008044,0.11292,0
180,10,Normal,20.0,0.0,clean,0.3,MaxMin,500,0.0,0.0,0.7830495049504951,0.5935049504950495,13.386464628176592,15.798642983104928,0.9997999999999999,0.004472135954999578,0.09164582516779542,0.0,0
180,10,Normal,20.0,0.0,clean,0.3,MeanSD,500,0.0,0.0,0.7998415841584158,0.20318811881188117,3.2329277019674634,4.046191593767032,0.9396,0.05475249465862432,0.09086773541560952,0.0,0
180,10,Normal,20.0,0.0,clean,0.3,MedianMAD,500,0.0,0.0,0.7757425742574257,0.23865346534653467,4.245720841202417,5.45961593168898,0.9206000000000001,0.08608403407045748,0.08334332628301998,0.0002,0
180,10,Normal,20.0,0.0,clean,0.3,Percentile,500,0.0,0.0,0.8092871287128712,0.21659405940594056,3.7920635729951426,4.749738694142739,0.8998000000000002,0.004472135954999579,0.00111803398875066,0.0,0
180,10,Normal,20.0,0.0,clean,0.3,QFactor,500,0.0,0.0,0.8542970297029702,0.5236831683168316,10.147235621243645,12.596628482907077,0.9997999999999999,0.004472135954999578,0.08533337566001804,0.0002,0
181,10,Normal,20.0,0.05,lower,0.3,MaxMin,500,0.5,0.0,0.7804752475247525,0.5938811881188119,13.250421994172015,15.637464419968223,0.9992000000000001,0.008917344788453133,0.09190931360183259,0.0,0
181,10,Normal,20.0,0.05,lower,0.3,MeanSD,500,0.5,0.0,0.7940792079207922,0.20845544554455445,3.387026114974646,4.302467922444603,0.936,0.05394274408369078,0.09224231089821922,0.0,0
181,10,Normal,20.0,0.05,lower,0.3,MedianMAD,500,0.5,0.0,0.7723960396039604,0.240039603960396,4.287510660734395,5.4973019001291314,0.9146000000000002,0.09001692114366258,0.0856491956059933,0.0,0
181,10,Normal,20.0,0.05,lower,0.3,Percentile,500,0.5,0.0,0.8051287128712871,0.22116831683168314,3.926731929085968,4.924766785714793,0.8992000000000002,0.008917344788453133,0.00222933619711405,0.0,0
181,10,Normal,20.0,0.05,lower,0.3,QFactor,500,0.5,0.0,0.8622574257425742,0.5301980198019802,10.451159409090845,12.935741672237725,0.9992000000000001,0.008917344788453133,0.08430434019921626,0.0008,0
182,10,Normal,20.0,0.05,upper,0.3,MaxMin,500,0.5,0.0,0.7797623762376238,0.594039603960396,13.374083902100754,15.800628035397914,0.9996,0.0063182149124067265,0.0922964126683064,0.0,0
182,10,Normal,20.0,0.05,upper,0.3,MeanSD,500,0.5,0.0,0.8011287128712872,0.2002772277227723,3.2447156363574488,4.127093404015899,0.9384000000000001,0.052640117438393454,0.090165832943597,0.0,0
182,10,Normal,20.0,0.05,upper,0.3,MedianMAD,500,0.5,0.0,0.7759801980198019,0.23774257425742576,4.206035663635615,5.332941243419232,0.9182,0.08777339196290267,0.08376651962813955,0.0,0
182,10,Normal,20.0,0.05,upper,0.3,Percentile,500,0.5,0.0,0.8065544554455445,0.21401980198019802,3.7813814844492324,4.7961276773926915,0.8996000000000002,0.006318214912406721,0.0015795537281024432,0.0,0
182,10,Normal,20.0,0.05,upper,0.3,QFactor,500,0.5,0.0,0.8548514851485148,0.5247524752475248,10.228623440603789,12.701360074593168,0.9996,0.0063182149124067265,0.08200266519315937,0.0002,0
183,10,Compressed Normal,20.0,0.0,clean,0.3,MaxMin,500,0.0,0.0,0.923980198019802,0.23176237623762375,5.1125580204175805,6.006875474704688,1.0,0.0,0.09109027078410777,0.0,0
183,10,Compressed Normal,20.0,0.0,clean,0.3,MeanSD,500,0.0,0.0,0.9328118811881188,0.06792079207920791,1.076873761305582,1.3656299405566743,0.9432,0.05156625016726176,0.09090707073719076,0.0,0
183,10,Compressed Normal,20.0,0.0,clean,0.3,MedianMAD,500,0.0,0.0,0.9259405940594061,0.08033663366336632,1.381129786593129,1.7705317769428088,0.9216000000000001,0.08454428112499321,0.08511007850772459,0.0,0
183,10,Compressed Normal,20.0,0.0,clean,0.3,Percentile,500,0.0,0.0,0.9355841584158415,0.07518811881188119,1.248723453256856,1.5682718385592047,0.9000000000000002,2.222669831529484e-16,1.0939703077059182e-15,0.0,0
183,10,Compressed Normal,20.0,0.0,clean,0.3,QFactor,500,0.0,0.0,0.950178217821782,0.31855445544554456,4.653564152027984,5.700104375890203,1.0,0.0,0.0567924017862781,0.0,0
184,10,Compressed Normal,20.0,0.05,lower,0.3,MaxMin,500,0.5,0.0,0.9266138613861385,0.23295049504950494,5.12375932602921,6.02300309713598,1.0,0.0,0.08966224462693193,0.0,0
184,10,Compressed Normal,20.0,0.05,lower,0.3,MeanSD,500,0.5,0.0,0.9315247524752476,0.06964356435643565,1.0975803440087777,1.3873192142749502,0.9392,0.0504822435498627,0.08946095322016401,0.0,0
184,10,Compressed Normal,20.0,0.05,lower,0.3,MedianMAD,500,0.5,0.0,0.9244356435643564,0.08146534653465347,1.4045257608560215,1.779087670222649,0.9214000000000001,0.08376199701707557,0.08332083889567544,0.0,0
184,10,Compressed Normal,20.0,0.05,lower,0.3,Percentile,500,0.5,0.0,0.9359009900990098,0.07485148514851485,1.2475975027877277,1.5741688647677556,0.9000000000000002,2.222669831529484e-16,1.0939703077059182e-15,0.0,0
184,10,Compressed Normal,20.0,0.05,lower,0.3,QFactor,500,0.5,0.0,0.9526534653465347,0.3201980198019802,4.661107875427126,5.697181820237584,1.0,0.0,0.056409621259502066,0.0,0
185,10,Compressed Normal,20.0,0.05,upper,0.3,MaxMin,500,0.5,0.0,0.926019801980198,0.23249504950495048,5.137916700318284,6.040945735242175,1.0,0.0,0.08918705263967446,0.0,0
185,10,Compressed Normal,20.0,0.05,upper,0.3,MeanSD,500,0.5,0.0,0.9312673267326732,0.07001980198019803,1.1231476625901933,1.429153199981962,0.9396000000000001,0.05438525085923612,0.0917520827424511,0.0,0
185,10,Compressed Normal,20.0,0.05,upper,0.3,MedianMAD,500,0.5,0.0,0.9241584158415842,0.08352475247524753,1.4498493990232866,1.8316955679969589,0.9174000000000001,0.08678885071953907,0.08447476291122152,0.0,0
185,10,Compressed Normal,20.0,0.05,upper,0.3,Percentile,500,0.5,0.0,0.9346534653465347,0.07754455445544554,1.3031076265747763,1.6310052333865277,0.9000000000000002,2.222669831529484e-16,1.0939703077059182e-15,0.0,0
185,10,Compressed Normal,20.0,0.05,upper,0.3,QFactor,500,0.5,0.0,0.9533069306930693,0.3212871287128713,4.694690953799137,5.739655919187875,1.0,0.0,0.057670193774955615,0.0,0
186,10,Uniform,20.0,0.0,clean,0.3,MaxMin,500,0.0,0.0,0.6712475247524753,0.4723762376237623,8.699191040675569,11.125105820472774,0.8824000000000001,0.10173957874773974,0.0984589160564979,0.0238,0
186,10,Uniform,20.0,0.0,clean,0.3,MeanSD,500,0.0,0.0,0.6611683168316832,0.34392079207920806,5.59952444741275,7.1355100251031605,0.8500000000000001,0.10218063301588544,0.09409101478719571,0.028,0
186,10,Uniform,20.0,0.0,clean,0.3,MedianMAD,500,0.0,0.0,0.6016435643564356,0.4362178217821782,7.996351486634614,10.161325606910422,0.8336000000000001,0.11356422705823639,0.0882416467802713,0.0336,0
186,10,Uniform,20.0,0.0,clean,0.3,Percentile,500,0.0,0.0,0.6658217821782179,0.3971683168316832,7.076440992635546,8.904898458713797,0.8,0.09261292732992105,0.02884692598871126,0.0154,0
186,10,Uniform,20.0,0.0,clean,0.3,QFactor,500,0.0,0.0,0.7922772277227722,0.44043564356435655,8.19126927731548,11.019132705821466,0.8824000000000001,0.10173957874773974,0.10043774356826193,0.0446,0
187,10,Uniform,20.0,0.05,lower,0.3,MaxMin,500,0.5,0.0,0.6618811881188118,0.47518811881188117,8.91696089232835,11.428658959203604,0.8706000000000002,0.10166765771498083,0.0970846188074036,0.0222,0
187,10,Uniform,20.0,0.05,lower,0.3,MeanSD,500,0.5,0.0,0.6395445544554454,0.3666732673267327,6.05812080239518,7.628123973725242,0.8384000000000001,0.1015187278496358,0.09451535700999145,0.0292,0
187,10,Uniform,20.0,0.05,lower,0.3,MedianMAD,500,0.5,0.0,0.590970297029703,0.45283168316831673,8.608944602094127,10.940084320154153,0.8176,0.11932609704029434,0.0878763475961376,0.0342,0
187,10,Uniform,20.0,0.05,lower,0.3,Percentile,500,0.5,0.0,0.6578217821782179,0.402990099009901,7.382163136829918,9.30877536035613,0.7878000000000001,0.09782791320069344,0.03133944524875603,0.0138,0
187,10,Uniform,20.0,0.05,lower,0.3,QFactor,500,0.5,0.0,0.7876831683168318,0.43384158415841584,8.027478582760295,10.862342634967145,0.8706000000000002,0.10166765771498083,0.098880957840735,0.0498,0
188,10,Uniform,20.0,0.05,upper,0.3,MaxMin,500,0.5,0.0,0.6739405940594059,0.47801980198019806,8.913810349894685,11.373686278166064,0.8652000000000001,0.1083163184829479,0.09841746256226716,0.0246,0
188,10,Uniform,20.0,0.05,upper,0.3,MeanSD,500,0.5,0.0,0.6489108910891089,0.3585544554455446,5.8654462986660025,7.36694016036476,0.8330000000000001,0.1089713242050311,0.0935787122584709,0.0272,0
188,10,Uniform,20.0,0.05,upper,0.3,MedianMAD,500,0.5,0.0,0.6038613861386138,0.44128712871287135,8.276056262655716,10.63179072750313,0.8142,0.12794960806664793,0.08821832134143287,0.0312,0
188,10,Uniform,20.0,0.05,upper,0.3,Percentile,500,0.5,0.0,0.6664356435643565,0.39643564356435645,7.202885612759661,9.147484724949749,0.7812,0.10172145549989953,0.031683982081829584,0.0144,0
188,10,Uniform,20.0,0.05,upper,0.3,QFactor,500,0.5,0.0,0.7865148514851487,0.4476633663366337,8.423332944629982,11.281129955097077,0.8652000000000001,0.1083163184829479,0.10084762480562638,0.0454,0
189,10,Right-skewed,20.0,0.0,clean,0.3,MaxMin,500,0.0,0.0,0.824910891089109,0.4151683168316832,10.57440197665855,13.89833329182978,0.6662,0.15428924246583547,0.09442017003538429,0.0756,0
189,10,Right-skewed,20.0,0.0,clean,0.3,MeanSD,500,0.0,0.0,0.8180396039603962,0.18770297029702968,3.218749151652841,4.394732398450294,0.667,0.1453728534942688,0.09216198913663065,0.1148,0
189,10,Right-skewed,20.0,0.0,clean,0.3,MedianMAD,500,0.0,0.0,0.8051089108910892,0.2137029702970297,4.165781951675746,5.583919776263394,0.658,0.15139961587591547,0.08643889768405322,0.1086,0
189,10,Right-skewed,20.0,0.0,clean,0.3,Percentile,500,0.0,0.0,0.8256237623762377,0.21562376237623762,4.029882712068564,5.257310349257641,0.6115999999999999,0.14624710743418393,0.04792147996539686,0.057,0
189,10,Right-skewed,20.0,0.0,clean,0.3,QFactor,500,0.0,0.0,0.8637425742574257,0.4333267326732673,12.837312572422164,15.921982869947463,0.6654,0.15553527717173937,0.09439237329363548,0.091,0
190,10,Right-skewed,20.0,0.05,lower,0.3,MaxMin,500,0.5,0.0,0.8206138613861387,0.4153267326732673,10.471992386100965,13.745324978184001,0.6741999999999998,0.15258086984837707,0.09498828020476216,0.0768,0
190,10,Right-skewed,20.0,0.05,lower,0.3,MeanSD,500,0.5,0.0,0.809089108910891,0.19772277227722776,3.4156876170818484,4.581732015734225,0.671,0.14786049320525685,0.09452383269483244,0.1082,0
190,10,Right-skewed,20.0,0.05,lower,0.3,MedianMAD,500,0.5,0.0,0.796,0.22560396039603958,4.465860747572755,5.880741291635004,0.6634,0.15416866073201715,0.0863649627844036,0.1,0
190,10,Right-skewed,20.0,0.05,lower,0.3,Percentile,500,0.5,0.0,0.8187722772277227,0.22085148514851483,4.194269816635801,5.385218900907373,0.6172,0.14093930528972784,0.0463390247799337,0.0572,0
190,10,Right-skewed,20.0,0.05,lower,0.3,QFactor,500,0.5,0.0,0.8636633663366337,0.4325544554455446,12.676204760839333,15.724197433898816,0.6725999999999999,0.15374170880425425,0.09652129147935704,0.0864,0
191,10,Right-skewed,20.0,0.05,upper,0.3,MaxMin,500,0.5,0.0,0.8153663366336634,0.41510891089108903,10.536790090353248,13.893024732979459,0.6632,0.1480865261881612,0.09456181613233025,0.0792,0
191,10,Right-skewed,20.0,0.05,upper,0.3,MeanSD,500,0.5,0.0,0.8127128712871288,0.195029702970297,3.3870044488072883,4.637475114421855,0.6675999999999999,0.14096091642692965,0.09284979203574523,0.1186,0
191,10,Right-skewed,20.0,0.05,upper,0.3,MedianMAD,500,0.5,0.0,0.8015643564356435,0.2211287128712871,4.403390069452703,5.893641466564074,0.6591999999999999,0.14825423649014063,0.08619679072112578,0.1094,0
191,10,Right-skewed,20.0,0.05,upper,0.3,Percentile,500,0.5,0.0,0.8191881188118811,0.2199009900990099,4.184869178051395,5.443848324185104,0.611,0.1384823263431794,0.04635401502010881,0.0646,0
191,10,Right-skewed,20.0,0.05,upper,0.3,QFactor,500,0.5,0.0,0.8598019801980198,0.4311089108910891,12.703417334173608,15.820777045266828,0.6617999999999999,0.14928272057181516,0.0940897706060126,0.0938,0
192,10,Left-skewed,20.0,0.0,clean,0.3,MaxMin,500,0.0,0.0,0.7676633663366336,0.5949108910891089,15.638775498604314,19.463763293643098,1.0,0.0,0.08770675416492776,0.0,0
192,10,Left-skewed,20.0,0.0,clean,0.3,MeanSD,500,0.0,0.0,0.7814257425742573,0.22279207920792077,3.5412339428958366,4.4540790434054545,0.9258000000000001,0.05137741992896405,0.08943754310212834,0.0,0
192,10,Left-skewed,20.0,0.0,clean,0.3,MedianMAD,500,0.0,0.0,0.7561386138613861,0.2577227722772277,4.532524719696158,5.790279117589992,0.9028,0.09126235606903067,0.08370065719318942,0.0,0
192,10,Left-skewed,20.0,0.0,clean,0.3,Percentile,500,0.0,0.0,0.7932673267326733,0.2341188118811881,4.0279298651154525,5.111858417916819,0.9000000000000002,2.222669831529484e-16,1.0939703077059182e-15,0.0,0
192,10,Left-skewed,20.0,0.0,clean,0.3,QFactor,500,0.0,0.0,0.8955643564356436,0.338059405940594,5.040488704454004,6.469269801395804,1.0,0.0,0.07397698306580892,0.0,0
193,10,Left-skewed,20.0,0.05,lower,0.3,MaxMin,500,0.5,0.0,0.7755643564356435,0.5942376237623762,15.538309365189383,19.2690989048547,1.0,0.0,0.08864398233362245,0.0,0
193,10,Left-skewed,20.0,0.05,lower,0.3,MeanSD,500,0.5,0.0,0.7878613861386139,0.21584158415841584,3.412724769800549,4.331400882976143,0.9226000000000001,0.05093553629555136,0.08856592157021186,0.0,0
193,10,Left-skewed,20.0,0.05,lower,0.3,MedianMAD,500,0.5,0.0,0.7554851485148516,0.2589108910891089,4.617331334558323,5.84209524421192,0.8936000000000002,0.08862702465387177,0.08555825493177581,0.0,0
193,10,Left-skewed,20.0,0.05,lower,0.3,Percentile,500,0.5,0.0,0.7934851485148514,0.23526732673267328,3.996460573239782,5.02414098665985,0.9000000000000002,2.222669831529484e-16,1.0939703077059182e-15,0.0,0
193,10,Left-skewed,20.0,0.05,lower,0.3,QFactor,500,0.5,0.0,0.8945544554455445,0.33069306930693076,4.928368340430984,6.359655661726638,1.0,0.0,0.07424636050939132,0.0,0
194,10,Left-skewed,20.0,0.05,upper,0.3,MaxMin,500,0.5,0.0,0.7792475247524752,0.5938019801980199,15.766333172013896,19.648216148390215,1.0,0.0,0.09032473159797419,0.0,0
194,10,Left-skewed,20.0,0.05,upper,0.3,MeanSD,500,0.5,0.0,0.7852673267326733,0.2185940594059406,3.507996425633093,4.478902616844366,0.9264000000000001,0.055760725578439765,0.09146897278775648,0.0,0
194,10,Left-skewed,20.0,0.05,upper,0.3,MedianMAD,500,0.5,0.0,0.7545742574257426,0.2612673267326732,4.761270480556489,6.066331685401171,0.9018,0.09095771882158464,0.08544955885206505,0.0,0
194,10,Left-skewed,20.0,0.05,upper,0.3,Percentile,500,0.5,0.0,0.792990099009901,0.23598019801980197,4.109540357960872,5.231709683702776,0.9000000000000002,2.222669831529484e-16,1.0939703077059182e-15,0.0,0
194,10,Left-skewed,20.0,0.05,upper,0.3,QFactor,500,0.5,0.0,0.8980396039603961,0.3413861386138614,5.083543883929614,6.495026279670213,1.0,0.0,0.07667000367457984,0.0,0
195,10,Bimodal,20.0,0.0,clean,0.3,MaxMin,500,0.0,0.0,0.6890099009900991,0.47732673267326725,8.910446281833485,11.260522859986779,0.9030000000000001,0.097107464797712,0.09739645890493077,0.0156,0
195,10,Bimodal,20.0,0.0,clean,0.3,MeanSD,500,0.0,0.0,0.6655445544554457,0.33938613861386135,5.506008588005978,6.879203643979496,0.8732000000000001,0.10050852664254765,0.09328884545352933,0.0196,0
195,10,Bimodal,20.0,0.0,clean,0.3,MedianMAD,500,0.0,0.0,0.6116237623762376,0.4221188118811881,7.818127050498054,9.986941624870852,0.8563999999999999,0.11595659474013308,0.08870887103038844,0.0258,0
195,10,Bimodal,20.0,0.0,clean,0.3,Percentile,500,0.0,0.0,0.6803366336633663,0.3757821782178218,6.687332631595705,8.476186645054513,0.8158000000000002,0.09092246030313496,0.02819148910523761,0.0082,0
195,10,Bimodal,20.0,0.0,clean,0.3,QFactor,500,0.0,0.0,0.8085544554455446,0.46184158415841586,8.53868906398187,11.220484524361131,0.9030000000000001,0.097107464797712,0.0992978199314328,0.036,0
196,10,Bimodal,20.0,0.05,lower,0.3,MaxMin,500,0.5,0.0,0.6828712871287128,0.477960396039604,8.912495125632843,11.221506500322024,0.9012000000000001,0.08907541107239098,0.09594119300609957,0.0144,0
196,10,Bimodal,20.0,0.05,lower,0.3,MeanSD,500,0.5,0.0,0.6605346534653466,0.3445940594059406,5.542273607482371,6.861518080936272,0.8672000000000002,0.09154737485961778,0.0921189893570605,0.0168,0
196,10,Bimodal,20.0,0.05,lower,0.3,MedianMAD,500,0.5,0.0,0.6114257425742575,0.42134653465346533,7.7336403615356595,9.786209316542433,0.8540000000000001,0.11220150781835969,0.08811819089084777,0.0226,0
196,10,Bimodal,20.0,0.05,lower,0.3,Percentile,500,0.5,0.0,0.676950495049505,0.3887524752475247,6.833021458191107,8.483814265112208,0.8172,0.0824485021757342,0.025855964001775672,0.0056,0
196,10,Bimodal,20.0,0.05,lower,0.3,QFactor,500,0.5,0.0,0.8068712871287129,0.46570297029702973,8.592372064641207,11.231682503163155,0.9012000000000001,0.08907541107239098,0.0984550203098177,0.0348,0
197,10,Bimodal,20.0,0.05,upper,0.3,MaxMin,500,0.5,0.0,0.6907524752475248,0.47679207920792077,8.83821582166457,11.163347487995459,0.8968,0.0976156628583269,0.09729958385397679,0.0176,0
197,10,Bimodal,20.0,0.05,upper,0.3,MeanSD,500,0.5,0.0,0.6737029702970299,0.33099009900990106,5.347802623591001,6.788290400184706,0.8604,0.09700856314081396,0.09611523964430352,0.0206,0
197,10,Bimodal,20.0,0.05,upper,0.3,MedianMAD,500,0.5,0.0,0.6156237623762376,0.4189504950495049,7.787889048119704,9.989459668999427,0.8438000000000001,0.11785303847315397,0.08997492230629435,0.0272,0
197,10,Bimodal,20.0,0.05,upper,0.3,Percentile,500,0.5,0.0,0.6847524752475247,0.3768316831683168,6.643842040145672,8.403533781209859,0.8096,0.08901509633061969,0.02777320028178972,0.0106,0
197,10,Bimodal,20.0,0.05,upper,0.3,QFactor,500,0.5,0.0,0.803940594059406,0.46564356435643567,8.673800528218834,11.379401434897229,0.8968,0.0976156628583269,0.10111614791197823,0.0372,0
198,15,Normal,20.0,0.0,clean,0.3,MaxMin,500,0.0,0.0,0.7750297029702969,0.5777227722772277,12.395069680312705,14.658174631225597,0.9989333333333333,0.00837338405032528,0.07791564463096534,0.00013333333333333334,0
198,15,Normal,20.0,0.0,clean,0.3,MeanSD,500,0.0,0.0,0.8203564356435643,0.17964356435643564,2.7783384729050105,3.520293214081048,0.9360000000000002,0.0441853951292721,0.07281500114612233,0.0,0
198,15,Normal,20.0,0.0,clean,0.3,MedianMAD,500,0.0,0.0,0.7895841584158416,0.2143960396039604,3.5882980522559498,4.633872570052381,0.9224000000000001,0.07446398677352678,0.07445921089907753,0.0,0
198,15,Normal,20.0,0.0,clean,0.3,Percentile,500,0.0,0.0,0.8147326732673268,0.19964356435643565,3.336174006814027,4.215657230813791,0.9324000000000001,0.00784053947312111,0.0019601348682803527,0.0,0
198,15,Normal,20.0,0.0,clean,0.3,QFactor,500,0.0,0.0,0.8685940594059407,0.5015841584158416,9.219654296901464,11.46621852758728,0.9989333333333333,0.00837338405032528,0.0706012335860625,0.0008,0
199,15,Normal,20.0,0.05,lower,0.3,MaxMin,500,0.75,1.0,0.7816237623762375,0.5821386138613861,12.620647572794098,14.895358625888985,0.9329333333333334,0.0051536187518233184,0.07669484902026269,0.0,0
199,15,Normal,20.0,0.05,lower,0.3,MeanSD,500,0.75,1.0,0.8259999999999998,0.17449504950495046,2.6791556803016077,3.3861911570643897,0.8784000000000001,0.042679356830244417,0.07277913728952505,0.0,0
199,15,Normal,20.0,0.05,lower,0.3,MedianMAD,500,0.75,1.0,0.7937029702970297,0.21245544554455445,3.563407671049192,4.5426647395358435,0.8654666666666669,0.06901914836650791,0.06930509674114624,0.0,0
199,15,Normal,20.0,0.05,lower,0.3,Percentile,500,0.75,1.0,0.8181386138613862,0.19946534653465348,3.334567477468279,4.197078343348912,0.8664000000000003,0.004212143274937814,0.0021060716374689476,0.0,0
199,15,Normal,20.0,0.05,lower,0.3,QFactor,500,0.75,1.0,0.8656831683168317,0.5047524752475248,9.333515107915726,11.604539586453104,0.9329333333333334,0.0051536187518233184,0.06928082271261439,0.00013333333333333334,0
200,15,Normal,20.0,0.05,upper,0.3,MaxMin,500,0.75,1.0,0.80809900990099,0.6038019801980198,13.32576428506518,15.722349761762999,0.9997333333333334,0.004212143274937814,0.07137499193176741,0.0,0
200,15,Normal,20.0,0.05,upper,0.3,MeanSD,500,0.75,1.0,0.8258415841584158,0.271049504950495,4.275117683604481,5.216228355887694,0.9706666666666668,0.03645380614128784,0.06641852254178893,0.0,0
200,15,Normal,20.0,0.05,upper,0.3,MedianMAD,500,0.75,1.0,0.7710099009900991,0.23433663366336632,3.9215529361790904,5.006964776412187,0.9318666666666668,0.06678399828608927,0.06998095984071773,0.0,0
200,15,Normal,20.0,0.05,upper,0.3,Percentile,500,0.75,1.0,0.7901386138613862,0.22407920792079206,3.675021641861821,4.658238366216645,0.9330666666666667,0.004212143274937814,0.001053035818734531,0.0,0
200,15,Normal,20.0,0.05,upper,0.3,QFactor,500,0.75,1.0,0.9718019801980198,0.07417821782178217,1.090969051500764,1.4187883367958825,0.9997333333333334,0.004212143274937814,0.06216470017009691,0.00013333333333333334,0
201,15,Compressed Normal,20.0,0.0,clean,0.3,MaxMin,500,0.0,0.0,0.9284554455445545,0.2282970297029703,4.755440416502773,5.576868637730165,1.0,0.0,0.07727387366863321,0.0,0
201,15,Compressed Normal,20.0,0.0,clean,0.3,MeanSD,500,0.0,0.0,0.943069306930693,0.05693069306930693,0.8525673659124197,1.0845732076236085,0.9413333333333334,0.0405704151301701,0.07204334759346245,0.0,0
201,15,Compressed Normal,20.0,0.0,clean,0.3,MedianMAD,500,0.0,0.0,0.9304554455445544,0.07160396039603961,1.1597212785265272,1.489626395257571,0.9284000000000001,0.07139304775584994,0.07188667601115686,0.0,0
201,15,Compressed Normal,20.0,0.0,clean,0.3,Percentile,500,0.0,0.0,0.9410693069306931,0.06657425742574258,1.048557639402441,1.322546224951419,0.9333333333333335,1.111334915764742e-16,3.0214418022353927e-16,0.0,0
201,15,Compressed Normal,20.0,0.0,clean,0.3,QFactor,500,0.0,0.0,0.9572475247524751,0.30491089108910896,4.309402939009029,5.263385048137263,1.0,0.0,0.0512142758325363,0.0,0
202,15,Compressed Normal,20.0,0.05,lower,0.3,MaxMin,500,0.75,1.0,0.9254455445544554,0.22916831683168318,4.867010555185529,5.7178161162807,0.9333333333333335,1.111334915764742e-16,0.07497897579112467,0.0,0
202,15,Compressed Normal,20.0,0.05,lower,0.3,MeanSD,500,0.75,1.0,0.9391485148514851,0.06215841584158415,0.9390428810774555,1.1886461645916895,0.8737333333333336,0.04318452430689213,0.0714994632101983,0.0,0
202,15,Compressed Normal,20.0,0.05,lower,0.3,MedianMAD,500,0.75,1.0,0.9303366336633663,0.07495049504950495,1.2259491219282095,1.5536267537443837,0.8582666666666667,0.07206358062599036,0.06916721739366591,0.0,0
202,15,Compressed Normal,20.0,0.05,lower,0.3,Percentile,500,0.75,1.0,0.9382178217821782,0.07146534653465346,1.1314695530686711,1.4226150469842418,0.8666666666666669,2.222669831529484e-16,1.0418764835294457e-16,0.0,0
202,15,Compressed Normal,20.0,0.05,lower,0.3,QFactor,500,0.75,1.0,0.9541980198019803,0.3094851485148515,4.430336689646964,5.426517409522517,0.9333333333333335,1.111334915764742e-16,0.05021363324439007,0.0,0
203,15,Compressed Normal,20.0,0.05,upper,0.3,MaxMin,500,0.75,1.0,0.9273861386138613,0.45302970297029704,13.97230431296019,14.50033835163208,1.0,0.0,0.051497797374333874,0.0,0
203,15,Compressed Normal,20.0,0.05,upper,0.3,MeanSD,500,0.75,1.0,0.9476237623762377,0.28637623762376235,6.166338087040029,7.2570489568920475,0.9998666666666667,0.002981423969999719,0.0409497266073218,0.0,0
203,15,Compressed Normal,20.0,0.05,upper,0.3,MedianMAD,500,0.75,1.0,0.9243960396039604,0.08041584158415842,1.3114528590054075,1.700843245354315,0.9246666666666667,0.07350075017377557,0.0699037860470064,0.0,0
203,15,Compressed Normal,20.0,0.05,upper,0.3,Percentile,500,0.75,1.0,0.9306732673267326,0.08607920792079207,1.3625665059725613,1.7988770756420196,0.9333333333333335,1.111334915764742e-16,3.0214418022353927e-16,0.0,0
203,15,Compressed Normal,20.0,0.05,upper,0.3,QFactor,500,0.75,1.0,0.9737425742574257,0.49841584158415847,9.094429515541398,10.942928451030138,1.0,0.0,0.0285530319674753,0.0,0
204,15,Uniform,20.0,0.0,clean,0.3,MaxMin,500,0.0,0.0,0.697009900990099,0.4275049504950495,7.233155072054609,9.257293384027317,0.8686666666666667,0.0915270388580812,0.0829820353398622,0.03186666666666667,0
204,15,Uniform,20.0,0.0,clean,0.3,MeanSD,500,0.0,0.0,0.6996435643564354,0.30279207920792084,4.63399891865528,5.832650319157423,0.8366666666666668,0.09389040736394597,0.07884708514902816,0.028933333333333332,0
204,15,Uniform,20.0,0.0,clean,0.3,MedianMAD,500,0.0,0.0,0.6223960396039604,0.394970297029703,6.685445198967293,8.516046644590496,0.8253333333333334,0.1059276335491399,0.07598032122778908,0.03386666666666667,0
204,15,Uniform,20.0,0.0,clean,0.3,Percentile,500,0.0,0.0,0.6794851485148515,0.3546336633663366,5.852051633940195,7.351215164219588,0.8160000000000001,0.0851054070259614,0.028252039345555036,0.0196,0
204,15,Uniform,20.0,0.0,clean,0.3,QFactor,500,0.0,0.0,0.8170693069306931,0.3924752475247525,6.6382451530468405,8.930248412148654,0.8686666666666667,0.0915270388580812,0.08414329800836017,0.04733333333333333,0
205,15,Uniform,20.0,0.05,lower,0.3,MaxMin,500,0.75,1.0,0.6953465346534653,0.4265544554455445,7.274742776604324,9.32591016678645,0.8193333333333335,0.08264983559560962,0.07998045738331641,0.026,0
205,15,Uniform,20.0,0.05,lower,0.3,MeanSD,500,0.75,1.0,0.7041188118811881,0.29906930693069306,4.60896928233779,5.879591634999747,0.7917333333333334,0.08484924480656293,0.07401968678043234,0.025333333333333333,0
205,15,Uniform,20.0,0.05,lower,0.3,MedianMAD,500,0.75,1.0,0.618,0.40293069306930696,6.873270401543898,8.75997539790559,0.7782666666666667,0.10049363798711393,0.07191889982255201,0.03,0
205,15,Uniform,20.0,0.05,lower,0.3,Percentile,500,0.75,1.0,0.684792079207921,0.3530495049504951,5.865573483598258,7.441591039049649,0.7667999999999999,0.07822331277958841,0.02744792274543615,0.015066666666666667,0
205,15,Uniform,20.0,0.05,lower,0.3,QFactor,500,0.75,1.0,0.8221188118811881,0.38712871287128714,6.546788765680135,8.881116469158213,0.8193333333333335,0.08264983559560962,0.0793466604507867,0.04373333333333333,0
206,15,Uniform,20.0,0.05,upper,0.3,MaxMin,500,0.75,1.0,0.7793465346534654,0.3547722772277227,5.936085634833286,8.049117880692291,0.8818666666666668,0.07667134254278063,0.07915753943346532,0.027066666666666666,0
206,15,Uniform,20.0,0.05,upper,0.3,MeanSD,500,0.75,1.0,0.7244356435643566,0.35465346534653475,5.29321819011769,6.5648123386174655,0.8610666666666668,0.07830718448133543,0.07213099740834403,0.030133333333333335,0
206,15,Uniform,20.0,0.05,upper,0.3,MedianMAD,500,0.75,1.0,0.6175643564356437,0.39308910891089105,6.615929135077338,8.550929757906228,0.8470666666666667,0.08912259413123294,0.07098475071327154,0.03506666666666667,0
206,15,Uniform,20.0,0.05,upper,0.3,Percentile,500,0.75,1.0,0.6612277227722773,0.3643168316831683,5.934044308559951,7.4112139434706,0.8301333333333334,0.07406196590715448,0.02491584623500285,0.014133333333333333,0
206,15,Uniform,20.0,0.05,upper,0.3,QFactor,500,0.75,1.0,0.9743762376237622,0.06083168316831683,0.9330486989149028,1.2402023219597242,0.8818666666666668,0.07667134254278063,0.07789939950348553,0.04293333333333333,0
207,15,Right-skewed,20.0,0.0,clean,0.3,MaxMin,500,0.0,0.0,0.8228514851485149,0.40411881188118814,9.710157781176889,12.890180592229832,0.6625333333333333,0.1216335777334625,0.07992832273740504,0.10226666666666667,0
207,15,Right-skewed,20.0,0.0,clean,0.3,MeanSD,500,0.0,0.0,0.8348910891089109,0.1680990099009901,2.7083448804672736,3.6958161369643707,0.6569333333333333,0.11938915261339998,0.07314993264650593,0.1148,0
207,15,Right-skewed,20.0,0.0,clean,0.3,MedianMAD,500,0.0,0.0,0.8132871287128712,0.19247524752475245,3.439590600600546,4.693572118412135,0.6571999999999999,0.12330048850420341,0.0715362665455524,0.1264,0
207,15,Right-skewed,20.0,0.0,clean,0.3,Percentile,500,0.0,0.0,0.8290693069306929,0.19481188118811882,3.359107715542322,4.417434342780657,0.634,0.11843821501994098,0.037630064149189,0.0724,0
207,15,Right-skewed,20.0,0.0,clean,0.3,QFactor,500,0.0,0.0,0.863940594059406,0.4271287128712871,11.779365467744983,14.63237098991938,0.6617333333333333,0.1216036979831238,0.0772357528801623,0.09506666666666666,0
208,15,Right-skewed,20.0,0.05,lower,0.3,MaxMin,500,0.75,1.0,0.8254257425742574,0.40217821782178215,9.725042680779273,12.922077001891099,0.6324,0.12380453057237914,0.07917033076629862,0.0832,0
208,15,Right-skewed,20.0,0.05,lower,0.3,MeanSD,500,0.75,1.0,0.8296237623762377,0.1753069306930693,2.8385308122270936,3.8420122141834456,0.6301333333333332,0.11802003460534828,0.07202388376259476,0.104,0
208,15,Right-skewed,20.0,0.05,lower,0.3,MedianMAD,500,0.75,1.0,0.8153663366336634,0.19386138613861384,3.560414232585808,4.84405460549692,0.6287999999999999,0.1228579728643037,0.07039605224792404,0.1072,0
208,15,Right-skewed,20.0,0.05,lower,0.3,Percentile,500,0.75,1.0,0.8257029702970299,0.19976237623762375,3.512639531508623,4.608447053059658,0.6023999999999999,0.11548362867757765,0.03685825664883703,0.06,0
208,15,Right-skewed,20.0,0.05,lower,0.3,QFactor,500,0.75,1.0,0.8617227722772278,0.42558415841584163,11.84513537520435,14.739172657730032,0.6316,0.12451328534564593,0.07789939560148737,0.07946666666666667,0
209,15,Right-skewed,20.0,0.05,upper,0.3,MaxMin,500,0.75,1.0,0.8897227722772276,0.6361980198019802,12.14534814390616,13.392503402754574,0.6915999999999999,0.11829193344684474,0.0626112606416096,0.08853333333333334,0
209,15,Right-skewed,20.0,0.05,upper,0.3,MeanSD,500,0.75,1.0,0.8371683168316831,0.4641584158415841,9.732361003453716,12.915057531627909,0.7262666666666665,0.11027715534448028,0.06184444323310474,0.24466666666666667,0
209,15,Right-skewed,20.0,0.05,upper,0.3,MedianMAD,500,0.75,1.0,0.7905940594059409,0.2179999999999999,3.9568864727143613,5.782431975048978,0.6924,0.1159128043967227,0.06747379365919202,0.1244,0
209,15,Right-skewed,20.0,0.05,upper,0.3,Percentile,500,0.75,1.0,0.7782970297029703,0.3328712871287129,5.339605202588837,7.93226605440374,0.6633333333333333,0.1102920153833206,0.035565668424905536,0.06146666666666667,0
209,15,Right-skewed,20.0,0.05,upper,0.3,QFactor,500,0.75,1.0,0.971089108910891,0.49685148514851485,8.708164808626435,10.479440776018949,0.6915999999999999,0.11829193344684474,0.05768826555804171,0.08333333333333333,0
210,15,Left-skewed,20.0,0.0,clean,0.3,MaxMin,500,0.0,0.0,0.7823366336633663,0.5823762376237623,14.67227629071637,18.226382175492574,1.0,0.0,0.0772199081698492,0.0,0
210,15,Left-skewed,20.0,0.0,clean,0.3,MeanSD,500,0.0,0.0,0.8208514851485149,0.17978217821782175,2.7323214026705465,3.479079447176435,0.9225333333333335,0.041554947085208856,0.07397132953508848,0.0,0
210,15,Left-skewed,20.0,0.0,clean,0.3,MedianMAD,500,0.0,0.0,0.7706138613861385,0.23580198019801982,3.9341793405159073,5.013188029622666,0.9036000000000002,0.08104978114057285,0.07682692170672074,0.0,0
210,15,Left-skewed,20.0,0.0,clean,0.3,Percentile,500,0.0,0.0,0.8089504950495049,0.210019801980198,3.3630923054719313,4.273291821347136,0.9333333333333335,1.111334915764742e-16,3.0214418022353927e-16,0.0,0
210,15,Left-skewed,20.0,0.0,clean,0.3,QFactor,500,0.0,0.0,0.9131089108910891,0.29918811881188123,4.341751856877708,5.549382152726642,1.0,0.0,0.06264130822756493,0.0,0
211,15,Left-skewed,20.0,0.05,lower,0.3,MaxMin,500,0.75,1.0,0.7727524752475248,0.5774257425742574,14.425338189357197,18.03398253401966,0.9332,0.0029814239699997185,0.07197269220495439,0.0,0
211,15,Left-skewed,20.0,0.05,lower,0.3,MeanSD,500,0.75,1.0,0.7995247524752475,0.20316831683168315,3.143068229399423,3.9851282210853074,0.8569333333333335,0.04029970111051658,0.07114439966051084,0.0,0
211,15,Left-skewed,20.0,0.05,lower,0.3,MedianMAD,500,0.75,1.0,0.7671089108910893,0.24362376237623762,4.097097459766172,5.200956627828044,0.8405333333333336,0.07132477364534717,0.06823928075329767,0.0,0
211,15,Left-skewed,20.0,0.05,lower,0.3,Percentile,500,0.75,1.0,0.7960396039603961,0.22475247524752479,3.7167117164577825,4.725471458605119,0.8665333333333337,0.0029814239699997185,0.0014907119849999063,0.0,0
211,15,Left-skewed,20.0,0.05,lower,0.3,QFactor,500,0.75,1.0,0.9099009900990099,0.31306930693069307,4.582344663108938,5.840713156099867,0.9332,0.0029814239699997185,0.06276982208196819,0.00013333333333333334,0
212,15,Left-skewed,20.0,0.05,upper,0.3,MaxMin,500,0.75,1.0,0.7924752475247524,0.6594851485148515,17.18326827475247,20.055556128923453,0.9998666666666667,0.0029814239699997185,0.07515226627520155,0.0,0
212,15,Left-skewed,20.0,0.05,upper,0.3,MeanSD,500,0.75,1.0,0.8199207920792079,0.22445544554455446,3.401448943705994,4.203433130373348,0.9374666666666667,0.042946269890741254,0.07160537757344856,0.0,0
212,15,Left-skewed,20.0,0.05,upper,0.3,MedianMAD,500,0.75,1.0,0.7482574257425743,0.2577227722772277,4.311599290202691,5.451010799671344,0.9188000000000002,0.07450500200645119,0.0721490471461444,0.0,0
212,15,Left-skewed,20.0,0.05,upper,0.3,Percentile,500,0.75,1.0,0.7907326732673267,0.22766336633663367,3.7460324349401395,4.681587305400804,0.9332,0.0029814239699997185,0.0007453559925000119,0.0,0
212,15,Left-skewed,20.0,0.05,upper,0.3,QFactor,500,0.75,1.0,0.9739405940594059,0.04364356435643564,0.6031715537778,0.861139959000008,0.9998666666666667,0.0029814239699997185,0.06329189845328982,0.00013333333333333334,0
213,15,Bimodal,20.0,0.0,clean,0.3,MaxMin,500,0.0,0.0,0.7250495049504951,0.4188316831683168,7.037604029221198,8.912605253925845,0.9029333333333334,0.07805427203690304,0.08460935831698141,0.022533333333333332,0
213,15,Bimodal,20.0,0.0,clean,0.3,MeanSD,500,0.0,0.0,0.722970297029703,0.28059405940594057,4.267378716074129,5.378336768765659,0.8648000000000002,0.08094344606389807,0.07720548266499257,0.016,0
213,15,Bimodal,20.0,0.0,clean,0.3,MedianMAD,500,0.0,0.0,0.6434059405940595,0.371089108910891,6.229290276959252,7.991196476235628,0.8592000000000001,0.09483325731718159,0.07482719156200357,0.022533333333333332,0
213,15,Bimodal,20.0,0.0,clean,0.3,Percentile,500,0.0,0.0,0.6951089108910892,0.33788118811881185,5.506774202801362,6.926296836263062,0.8498666666666668,0.07238335313269603,0.024125954099911365,0.010666666666666666,0
213,15,Bimodal,20.0,0.0,clean,0.3,QFactor,500,0.0,0.0,0.8424554455445544,0.4143564356435644,6.882317269140921,8.97490851755699,0.9029333333333334,0.07805427203690304,0.08395934403085849,0.03613333333333334,0
214,15,Bimodal,20.0,0.05,lower,0.3,MaxMin,500,0.75,1.0,0.7265148514851485,0.4326732673267326,7.411080644060729,9.333454887313954,0.8472000000000001,0.07133726008208267,0.07939168996177326,0.014133333333333333,0
214,15,Bimodal,20.0,0.05,lower,0.3,MeanSD,500,0.75,1.0,0.7103168316831684,0.29477227722772276,4.5548094307901295,5.751106576592263,0.8102666666666668,0.07823151045035229,0.07381449837258494,0.012533333333333334,0
214,15,Bimodal,20.0,0.05,lower,0.3,MedianMAD,500,0.75,1.0,0.6284950495049504,0.39271287128712873,6.736973877678854,8.542241959173705,0.8010666666666668,0.08952592923971633,0.07243640486038017,0.0204,0
214,15,Bimodal,20.0,0.05,lower,0.3,Percentile,500,0.75,1.0,0.6917623762376237,0.3474059405940593,5.756936794437402,7.257889417401015,0.7908,0.06815166394591696,0.025087308605197287,0.005866666666666667,0
214,15,Bimodal,20.0,0.05,lower,0.3,QFactor,500,0.75,1.0,0.8392079207920793,0.42556435643564355,7.181918094461934,9.354287108257727,0.8472000000000001,0.07133726008208267,0.07966315573711868,0.027733333333333332,0
215,15,Bimodal,20.0,0.05,upper,0.3,MaxMin,500,0.75,1.0,0.8016435643564357,0.39843564356435646,6.648316846160777,8.444067611027181,0.9145333333333334,0.0698146542616744,0.07674506923245242,0.014266666666666667,0
215,15,Bimodal,20.0,0.05,upper,0.3,MeanSD,500,0.75,1.0,0.7325544554455445,0.3520792079207921,5.361432140441876,6.61665598671137,0.8909333333333334,0.07198258034159484,0.06945116456655073,0.018133333333333335,0
215,15,Bimodal,20.0,0.05,upper,0.3,MedianMAD,500,0.75,1.0,0.6245940594059406,0.3864554455445544,6.4922749690465595,8.342641977108842,0.8737333333333334,0.08930230071469035,0.07163652532959316,0.0212,0
215,15,Bimodal,20.0,0.05,upper,0.3,Percentile,500,0.75,1.0,0.6829702970297029,0.35065346534653463,5.731515218434338,7.141940391894078,0.8573333333333335,0.06754267476727824,0.021651895793304496,0.0056,0
215,15,Bimodal,20.0,0.05,upper,0.3,QFactor,500,0.75,1.0,0.9727128712871287,0.03774257425742575,0.5141035092718756,0.7380429390338767,0.9145333333333334,0.0698146542616744,0.07718952105724568,0.030533333333333332,0
216,20,Normal,20.0,0.0,clean,0.3,MaxMin,500,0.0,0.0,0.7751089108910891,0.561049504950495,11.437902802150962,13.51542287673842,0.9996,0.004458672394226572,0.07102553536090556,0.0001,0
216,20,Normal,20.0,0.0,clean,0.3,MeanSD,500,0.0,0.0,0.8404752475247526,0.16011881188118812,2.37476124673981,2.9672767834319362,0.9342999999999999,0.03703042674625853,0.06311474018313779,0.0,0
216,20,Normal,20.0,0.0,clean,0.3,MedianMAD,500,0.0,0.0,0.8103564356435644,0.19237623762376238,3.0480184550286666,3.921470066124246,0.9228999999999999,0.06632788838456347,0.06248032754706838,0.0,0
216,20,Normal,20.0,0.0,clean,0.3,Percentile,500,0.0,0.0,0.8276237623762377,0.18047524752475247,2.8572213378193743,3.60525377579041,0.8996000000000002,0.004458672394226572,0.0033440042956702546,0.0,0
216,20,Normal,20.0,0.0,clean,0.3,QFactor,500,0.0,0.0,0.8733267326732673,0.49005940594059416,8.740497817634242,10.867113363729036,0.9996,0.004458672394226572,0.06430758942889853,0.0004,0
217,20,Normal,20.0,0.05,lower,0.3,MaxMin,500,1.0,1.0,0.785108910891089,0.5687326732673267,11.731519804894088,13.797671925005176,0.9493999999999999,0.005449715478591072,0.0686719154496632,0.0,0
217,20,Normal,20.0,0.05,lower,0.3,MeanSD,500,1.0,1.0,0.8495445544554455,0.15134653465346534,2.243621813386003,2.8281068340767797,0.8859,0.0369990250643368,0.06315650761426228,0.0,0
217,20,Normal,20.0,0.05,lower,0.3,MedianMAD,500,1.0,1.0,0.8048118811881189,0.19706930693069302,3.1677934091912436,4.059954025216852,0.8709,0.06653603601189623,0.06453914772033036,0.0,0
217,20,Normal,20.0,0.05,lower,0.3,Percentile,500,1.0,1.0,0.8311485148514851,0.17897029702970296,2.815156639084439,3.5183555726312767,0.8493999999999998,0.005449715478591071,0.0013624288696479944,0.0,0
217,20,Normal,20.0,0.05,lower,0.3,QFactor,500,1.0,1.0,0.8705940594059407,0.49396039603960396,8.886683023978739,11.048106945624287,0.9493999999999999,0.005449715478591072,0.06193651828119492,0.0005,0
218,20,Normal,20.0,0.05,upper,0.3,MaxMin,500,1.0,1.0,0.8211485148514852,0.5913663366336633,12.459351189259214,14.689878418275994,0.9997999999999999,0.003159107456203366,0.06455846583759126,0.0,0
218,20,Normal,20.0,0.05,upper,0.3,MeanSD,500,1.0,1.0,0.8585742574257426,0.23045544554455447,3.4596646312512385,4.224741500592314,0.9625999999999999,0.032609304400231146,0.05993081554520815,0.0,0
218,20,Normal,20.0,0.05,upper,0.3,MedianMAD,500,1.0,1.0,0.8036831683168316,0.2009306930693069,3.173624394045268,4.135205185661931,0.9310999999999999,0.06368596237482177,0.06237409479059481,0.0,0
218,20,Normal,20.0,0.05,upper,0.3,Percentile,500,1.0,1.0,0.8145346534653466,0.19635643564356436,3.0524211198161106,3.8745340035103664,0.8998000000000002,0.003159107456203364,0.002369330592152849,0.0,0
218,20,Normal,20.0,0.05,upper,0.3,QFactor,500,1.0,1.0,0.9722376237623762,0.07172277227722773,1.051654430520302,1.3813620351061155,0.9997999999999999,0.003159107456203366,0.05338384448026545,0.0002,0
219,20,Compressed Normal,20.0,0.0,clean,0.3,MaxMin,500,0.0,0.0,0.9222178217821783,0.22396039603960397,4.553907224570351,5.357736183280152,1.0,0.0,0.07038610562931936,0.0,0
219,20,Compressed Normal,20.0,0.0,clean,0.3,MeanSD,500,0.0,0.0,0.9464950495049506,0.053504950495049504,0.7939118541976606,1.0118839509461839,0.9384,0.03602826768170082,0.06383836922153513,0.0,0
219,20,Compressed Normal,20.0,0.0,clean,0.3,MedianMAD,500,0.0,0.0,0.9337425742574257,0.06798019801980199,1.0574280210727633,1.3449297646491338,0.9301,0.060880233291366596,0.06314383035965421,0.0,0
219,20,Compressed Normal,20.0,0.0,clean,0.3,Percentile,500,0.0,0.0,0.9425544554455445,0.062079207920792086,0.9476276172767681,1.2037509580067705,0.9000000000000002,2.222669831529484e-16,1.0939703077059182e-15,0.0,0
219,20,Compressed Normal,20.0,0.0,clean,0.3,QFactor,500,0.0,0.0,0.9558019801980198,0.29510891089108915,4.117323561286978,5.04572166048025,1.0,0.0,0.049052975772248944,0.0,0
220,20,Compressed Normal,20.0,0.05,lower,0.3,MaxMin,500,1.0,1.0,0.9230891089108911,0.22399999999999998,4.552860888009145,5.35526472224381,0.9499999999999997,2.222669831529484e-16,0.06857548975909039,0.0,0
220,20,Compressed Normal,20.0,0.05,lower,0.3,MeanSD,500,1.0,1.0,0.9466534653465346,0.05362376237623763,0.8005249789882032,1.0097543626090644,0.889,0.03621633949604772,0.061991584595290576,0.0,0
220,20,Compressed Normal,20.0,0.05,lower,0.3,MedianMAD,500,1.0,1.0,0.933049504950495,0.06829702970297029,1.0801603087324791,1.4007454684790863,0.8785999999999999,0.06411131351830254,0.06403114503618773,0.0,0
220,20,Compressed Normal,20.0,0.05,lower,0.3,Percentile,500,1.0,1.0,0.9415841584158415,0.06382178217821782,0.9696119217578474,1.2193761976497197,0.8499999999999998,2.222669831529484e-16,4.5147980952942655e-16,0.0,0
220,20,Compressed Normal,20.0,0.05,lower,0.3,QFactor,500,1.0,1.0,0.9582376237623763,0.2975643564356436,4.1602723767760725,5.084105903289474,0.9499999999999997,2.222669831529484e-16,0.045326550363581714,0.0,0
221,20,Compressed Normal,20.0,0.05,upper,0.3,MaxMin,500,1.0,1.0,0.9248910891089109,0.4517821782178218,13.705614071479932,14.268055881074051,1.0,0.0,0.04766458089675058,0.0,0
221,20,Compressed Normal,20.0,0.05,upper,0.3,MeanSD,500,1.0,1.0,0.9545148514851486,0.2492277227722772,5.019428321965326,5.8924771881864855,0.9999,0.0022360679774997916,0.04029381169126852,0.0,0
221,20,Compressed Normal,20.0,0.05,upper,0.3,MedianMAD,500,1.0,1.0,0.9323564356435644,0.07047524752475248,1.0880674228461484,1.4037941955191817,0.9334,0.06190399186172756,0.06074787500508339,0.0,0
221,20,Compressed Normal,20.0,0.05,upper,0.3,Percentile,500,1.0,1.0,0.9393267326732673,0.06558415841584159,1.0021490969899038,1.3042857523223639,0.9000000000000002,2.222669831529484e-16,1.0939703077059182e-15,0.0,0
221,20,Compressed Normal,20.0,0.05,upper,0.3,QFactor,500,1.0,1.0,0.9715841584158416,0.4966138613861386,9.05601335382054,10.897215271247676,1.0,0.0,0.023754366747595613,0.0,0
222,20,Uniform,20.0,0.0,clean,0.3,MaxMin,500,0.0,0.0,0.7386336633663366,0.37530693069306925,5.945549835770505,7.683630723713726,0.8747999999999999,0.07386387306042767,0.07454475417046694,0.0363,0
222,20,Uniform,20.0,0.0,clean,0.3,MeanSD,500,0.0,0.0,0.7301584158415841,0.27283168316831685,4.022375285453993,5.043512580283399,0.8395,0.07386244866402203,0.065400384003542,0.0268,0
222,20,Uniform,20.0,0.0,clean,0.3,MedianMAD,500,0.0,0.0,0.6434059405940595,0.3673663366336633,6.023145776373939,7.750312488965722,0.8334,0.08425341105586823,0.06616515471856177,0.0334,0
222,20,Uniform,20.0,0.0,clean,0.3,Percentile,500,0.0,0.0,0.6955445544554455,0.3244950495049505,5.126544830000885,6.459767960071663,0.7951999999999999,0.06192438339230384,0.025615343000598173,0.0205,0
222,20,Uniform,20.0,0.0,clean,0.3,QFactor,500,0.0,0.0,0.847009900990099,0.35760396039603964,5.704721195026929,7.638945307699848,0.8747999999999999,0.07386387306042767,0.07262418226453758,0.0449,0
223,20,Uniform,20.0,0.05,lower,0.3,MaxMin,500,1.0,1.0,0.7224950495049506,0.390039603960396,6.301849174165534,8.161005995696211,0.8265,0.07185454858465544,0.07003448435876469,0.0342,0
223,20,Uniform,20.0,0.05,lower,0.3,MeanSD,500,1.0,1.0,0.7217623762376237,0.27873267326732676,4.160605911684712,5.180885162507637,0.7946,0.07281100799859554,0.06361039442994276,0.0261,0
223,20,Uniform,20.0,0.05,lower,0.3,MedianMAD,500,1.0,1.0,0.6402376237623761,0.37398019801980203,6.089545412616974,7.750455482496993,0.7912,0.08471666794471623,0.06368308302523853,0.0338,0
223,20,Uniform,20.0,0.05,lower,0.3,Percentile,500,1.0,1.0,0.6965544554455446,0.3263762376237624,5.216872699668904,6.608329206288621,0.7501,0.05441426121567118,0.025442773761917926,0.0177,0
223,20,Uniform,20.0,0.05,lower,0.3,QFactor,500,1.0,1.0,0.8331089108910892,0.3680990099009901,6.04690832034874,8.184440463698222,0.8265,0.07185454858465544,0.06845330874769488,0.0451,0
224,20,Uniform,20.0,0.05,upper,0.3,MaxMin,500,1.0,1.0,0.8056633663366335,0.3243762376237624,5.134640469127726,6.949326108624634,0.8797,0.07254954771566459,0.07156771988682471,0.0329,0
224,20,Uniform,20.0,0.05,upper,0.3,MeanSD,500,1.0,1.0,0.7419009900990098,0.31360396039603966,4.573930608676825,5.657170345247449,0.8563999999999999,0.07476777675497488,0.06388991770945404,0.0289,0
224,20,Uniform,20.0,0.05,upper,0.3,MedianMAD,500,1.0,1.0,0.6385148514851484,0.36930693069306936,6.000379499187418,7.758026123552228,0.8476999999999999,0.08714872230617726,0.06625468233784788,0.035,0
224,20,Uniform,20.0,0.05,upper,0.3,Percentile,500,1.0,1.0,0.6837029702970299,0.34184158415841587,5.364439257013534,6.671482626546197,0.7971,0.06546113595593406,0.026537924573009453,0.0162,0
224,20,Uniform,20.0,0.05,upper,0.3,QFactor,500,1.0,1.0,0.9717227722772278,0.06372277227722772,0.9616098435329776,1.276904381450221,0.8797,0.07254954771566459,0.07017047859994746,0.0449,0
225,20,Right-skewed,20.0,0.0,clean,0.3,MaxMin,500,0.0,0.0,0.8297821782178217,0.3924950495049505,9.098655108914203,12.17316789912395,0.6648999999999999,0.10413779025271006,0.0724282154689664,0.1074,0
225,20,Right-skewed,20.0,0.0,clean,0.3,MeanSD,500,0.0,0.0,0.8476039603960397,0.15443564356435643,2.36025466260307,3.1822320400426705,0.6616000000000001,0.10161738131032867,0.06423450686498029,0.1129,0
225,20,Right-skewed,20.0,0.0,clean,0.3,MedianMAD,500,0.0,0.0,0.8193663366336633,0.18712871287128713,3.192987295568386,4.327129667969197,0.6588,0.10660811686340925,0.06315227403453673,0.1233,0
225,20,Right-skewed,20.0,0.0,clean,0.3,Percentile,500,0.0,0.0,0.8319009900990099,0.1845940594059406,3.032206148729776,3.9758042946590413,0.6396,0.09010036710416117,0.03235607856989382,0.0749,0
225,20,Right-skewed,20.0,0.0,clean,0.3,QFactor,500,0.0,0.0,0.8631287128712871,0.42120792079207914,11.071236518504364,13.766603912787769,0.6641999999999999,0.10430781485814454,0.06997070511446213,0.0913,0
226,20,Right-skewed,20.0,0.05,lower,0.3,MaxMin,500,1.0,1.0,0.8286138613861386,0.3920594059405941,9.04511746645786,12.090075313672667,0.633,0.10282093312442342,0.06960682344410016,0.1002,0
226,20,Right-skewed,20.0,0.05,lower,0.3,MeanSD,500,1.0,1.0,0.849069306930693,0.15271287128712874,2.346276782254128,3.1947003117555384,0.6297,0.10106105418679685,0.0626980630076491,0.1068,0
226,20,Right-skewed,20.0,0.05,lower,0.3,MedianMAD,500,1.0,1.0,0.8223564356435643,0.18299009900990099,3.111592010290026,4.247986431701586,0.6292000000000001,0.10430301163663945,0.06058607898391499,0.1148,0
226,20,Right-skewed,20.0,0.05,lower,0.3,Percentile,500,1.0,1.0,0.8322574257425742,0.18285148514851488,2.9801638333730645,3.9197634139897612,0.6126,0.08721498097122776,0.031097890202526807,0.0694,0
226,20,Right-skewed,20.0,0.05,lower,0.3,QFactor,500,1.0,1.0,0.8652277227722773,0.4197425742574257,10.983151082909878,13.672105198955903,0.6326,0.1029973636256174,0.06694754068229426,0.08,0
227,20,Right-skewed,20.0,0.05,upper,0.3,MaxMin,500,1.0,1.0,0.910950495049505,0.629940594059406,11.648399001929867,12.969523159858545,0.6922999999999999,0.10137190204908902,0.05556727280530876,0.1052,0
227,20,Right-skewed,20.0,0.05,upper,0.3,MeanSD,500,1.0,1.0,0.8682574257425741,0.4000792079207921,7.637009100136195,10.108280929043861,0.7265,0.09644352080575876,0.056497994175752915,0.2342,0
227,20,Right-skewed,20.0,0.05,upper,0.3,MedianMAD,500,1.0,1.0,0.8097623762376238,0.1962574257425742,3.3300030107365184,4.613294658971153,0.6914000000000001,0.10458449135346658,0.06172291664370631,0.1281,0
227,20,Right-skewed,20.0,0.05,upper,0.3,Percentile,500,1.0,1.0,0.799069306930693,0.2267326732673267,3.519814010898781,5.035705179794963,0.6635,0.08310573461712797,0.03144252675213749,0.0737,0
227,20,Right-skewed,20.0,0.05,upper,0.3,QFactor,500,1.0,1.0,0.9704158415841586,0.4972871287128713,8.719086413272274,10.494379829259014,0.6922999999999999,0.10137190204908902,0.050905150363519704,0.085,0
228,20,Left-skewed,20.0,0.0,clean,0.3,MaxMin,500,0.0,0.0,0.7872079207920794,0.5756435643564356,13.91029815773297,17.216142126136518,1.0,0.0,0.06981500836829845,0.0,0
228,20,Left-skewed,20.0,0.0,clean,0.3,MeanSD,500,0.0,0.0,0.8437227722772278,0.1572673267326733,2.335056769318684,2.9948876713471098,0.925,0.03778697806682674,0.06411626659838619,0.0,0
228,20,Left-skewed,20.0,0.0,clean,0.3,MedianMAD,500,0.0,0.0,0.7906732673267326,0.21120792079207923,3.3855157686557087,4.38349393808269,0.9117,0.06926547055222856,0.06448696190338149,0.0,0
228,20,Left-skewed,20.0,0.0,clean,0.3,Percentile,500,0.0,0.0,0.8236633663366336,0.18766336633663364,2.8984649560051228,3.695008453761614,0.9000000000000002,2.222669831529484e-16,1.0939703077059182e-15,0.0,0
228,20,Left-skewed,20.0,0.0,clean,0.3,QFactor,500,0.0,0.0,0.9147128712871286,0.2774653465346535,4.011169584128591,5.1541340821382295,1.0,0.0,0.05586796966845253,0.0,0
229,20,Left-skewed,20.0,0.05,lower,0.3,MaxMin,500,1.0,1.0,0.7735445544554456,0.5766138613861386,14.156254768480377,17.596303255073746,0.9499999999999997,2.222669831529484e-16,0.06706663686976662,0.0,0
229,20,Left-skewed,20.0,0.05,lower,0.3,MeanSD,500,1.0,1.0,0.8314851485148517,0.16893069306930691,2.5134357684989252,3.1992136001211926,0.8803000000000001,0.03491917377881083,0.06274824714354067,0.0,0
229,20,Left-skewed,20.0,0.05,lower,0.3,MedianMAD,500,1.0,1.0,0.7884356435643565,0.21473267326732676,3.433462637535023,4.372587152086393,0.8653,0.06950231033774754,0.06383788814780225,0.0,0
229,20,Left-skewed,20.0,0.05,lower,0.3,Percentile,500,1.0,1.0,0.8146534653465347,0.19904950495049503,3.09988196235221,3.935525631117186,0.8499999999999998,2.222669831529484e-16,4.5147980952942655e-16,0.0,0
229,20,Left-skewed,20.0,0.05,lower,0.3,QFactor,500,1.0,1.0,0.9125940594059405,0.27805940594059403,4.00728108067626,5.157875302375368,0.9499999999999997,2.222669831529484e-16,0.055352348460374685,0.0,0
230,20,Left-skewed,20.0,0.05,upper,0.3,MaxMin,500,1.0,1.0,0.8053663366336632,0.6528712871287129,16.385041945836708,19.093046859392693,0.9999,0.0022360679774997916,0.06750936530534217,0.0,0
230,20,Left-skewed,20.0,0.05,upper,0.3,MeanSD,500,1.0,1.0,0.8466732673267326,0.17897029702970296,2.6450644933757284,3.3016012153743834,0.936,0.03502074964662553,0.06151363240212633,0.0,0
230,20,Left-skewed,20.0,0.05,upper,0.3,MedianMAD,500,1.0,1.0,0.7860594059405943,0.21702970297029706,3.44931316454226,4.404011944365363,0.9161999999999999,0.06638051480284693,0.061035336820611255,0.0,0
230,20,Left-skewed,20.0,0.05,upper,0.3,Percentile,500,1.0,1.0,0.8171287128712872,0.19512871287128714,3.0549542903940683,3.8691960363582547,0.8999000000000003,0.0022360679774997916,0.0016770509831251811,0.0,0
230,20,Left-skewed,20.0,0.05,upper,0.3,QFactor,500,1.0,1.0,0.9712673267326732,0.046277227722772284,0.6325322774483024,0.8985452550753693,0.9999,0.0022360679774997916,0.053779238673230784,0.0001,0
231,20,Bimodal,20.0,0.0,clean,0.3,MaxMin,500,0.0,0.0,0.7560990099009901,0.3945742574257426,6.325028187912807,7.95814340936109,0.9047999999999999,0.06531072639286693,0.07245235986458953,0.0225,0
231,20,Bimodal,20.0,0.0,clean,0.3,MeanSD,500,0.0,0.0,0.7454059405940594,0.25526732673267327,3.767486032258556,4.656216393631342,0.866,0.06901830955701693,0.06489309817570438,0.0168,0
231,20,Bimodal,20.0,0.0,clean,0.3,MedianMAD,500,0.0,0.0,0.6638811881188121,0.34275247524752483,5.504171831885708,7.015644839611726,0.8645,0.08443345318078649,0.06689154015833573,0.0226,0
231,20,Bimodal,20.0,0.0,clean,0.3,Percentile,500,0.0,0.0,0.7131287128712872,0.309009900990099,4.7951135004161705,6.0080295978686244,0.8170999999999999,0.059831007838728544,0.025085434022621964,0.0103,0
231,20,Bimodal,20.0,0.0,clean,0.3,QFactor,500,0.0,0.0,0.8590099009900989,0.398019801980198,6.396300397923176,8.311232013618456,0.9047999999999999,0.06531072639286693,0.07270797867969891,0.0344,0
232,20,Bimodal,20.0,0.05,lower,0.3,MaxMin,500,1.0,1.0,0.7387326732673267,0.3971089108910891,6.458840882336216,8.23836305817445,0.8629000000000001,0.06631277983570796,0.06964018683327583,0.0185,0
232,20,Bimodal,20.0,0.05,lower,0.3,MeanSD,500,1.0,1.0,0.7471089108910891,0.2536633663366336,3.7882489446104852,4.762371266947828,0.8251000000000001,0.0690254955655963,0.06319863451537655,0.0121,0
232,20,Bimodal,20.0,0.05,lower,0.3,MedianMAD,500,1.0,1.0,0.6739009900990098,0.3368514851485148,5.402245502960405,6.92566741343673,0.8228,0.08014365858896166,0.06300748163821851,0.0207,0
232,20,Bimodal,20.0,0.05,lower,0.3,Percentile,500,1.0,1.0,0.716019801980198,0.31162376237623757,4.9013850794035,6.2058165109585905,0.7790999999999999,0.05526570905357489,0.023040721173107515,0.0085,0
232,20,Bimodal,20.0,0.05,lower,0.3,QFactor,500,1.0,1.0,0.846079207920792,0.39778217821782175,6.490287597458805,8.52053827395331,0.8629000000000001,0.06631277983570796,0.06914846007638477,0.0288,0
233,20,Bimodal,20.0,0.05,upper,0.3,MaxMin,500,1.0,1.0,0.8298019801980199,0.3410495049504951,5.360829079139518,6.942188656041449,0.9054,0.06602695751158365,0.06978701172711656,0.0202,0
233,20,Bimodal,20.0,0.05,upper,0.3,MeanSD,500,1.0,1.0,0.7650099009900992,0.29455445544554454,4.328058284441172,5.405483314769794,0.8795,0.06740799415017999,0.06336241020105021,0.0192,0
233,20,Bimodal,20.0,0.05,upper,0.3,MedianMAD,500,1.0,1.0,0.6576237623762377,0.3466534653465347,5.572274577130958,7.239684790660343,0.8683,0.08308981788204461,0.06427184327600842,0.0245,0
233,20,Bimodal,20.0,0.05,upper,0.3,Percentile,500,1.0,1.0,0.7088118811881189,0.30887128712871287,4.864385894440755,6.172457473524366,0.8195999999999999,0.05943825209091573,0.024927650300181244,0.0091,0
233,20,Bimodal,20.0,0.05,upper,0.3,QFactor,500,1.0,1.0,0.9725346534653465,0.03756435643564356,0.49524837465579985,0.7200883401391938,0.9054,0.06602695751158365,0.06961315906124625,0.0298,0
234,25,Normal,20.0,0.0,clean,0.3,MaxMin,500,0.0,0.0,0.7885742574257426,0.5555049504950494,11.069716345306716,13.045727470768268,0.99976,0.0030921712510939945,0.06611484504508165,8e-05,0
234,25,Normal,20.0,0.0,clean,0.3,MeanSD,500,0.0,0.0,0.8637623762376239,0.13623762376237625,2.006291861168542,2.57834324976063,0.93376,0.03256967865877511,0.05758415983739222,0.0,0
234,25,Normal,20.0,0.0,clean,0.3,MedianMAD,500,0.0,0.0,0.8195643564356435,0.1822970297029703,2.844610483511257,3.6393869187751475,0.9204000000000001,0.06297755429269525,0.06063353486095035,0.0,0
234,25,Normal,20.0,0.0,clean,0.3,Percentile,500,0.0,0.0,0.8423168316831684,0.16227722772277228,2.5039498424634865,3.1601634404825036,0.91976,0.0030921712510939945,0.0007730428127746237,0.0,0
234,25,Normal,20.0,0.0,clean,0.3,QFactor,500,0.0,0.0,0.8793663366336634,0.4788910891089108,8.328350454373233,10.354325361583669,0.99976,0.0030921712510939945,0.059559881526900234,0.00016,0
235,25,Normal,20.0,0.05,lower,0.3,MaxMin,500,1.25,1.0,0.781920792079208,0.5553465346534654,11.093086886570687,13.069500850578628,0.9592800000000002,0.0053233707886175,0.06583165201964367,8e-05,0
235,25,Normal,20.0,0.05,lower,0.3,MeanSD,500,1.25,1.0,0.8575643564356437,0.14275247524752474,2.105042326143789,2.6667364291574223,0.8960000000000001,0.03321153432204012,0.05517633205685393,0.0,0
235,25,Normal,20.0,0.05,lower,0.3,MedianMAD,500,1.25,1.0,0.8197227722772278,0.18205940594059405,2.838965692376564,3.6059871711511167,0.8889600000000001,0.054868383236231,0.055606885817240576,0.0,0
235,25,Normal,20.0,0.05,lower,0.3,Percentile,500,1.25,1.0,0.8389702970297028,0.16653465346534654,2.586831780806749,3.271125408056104,0.8793600000000003,0.0050240304301951725,0.002512015215098214,0.0,0
235,25,Normal,20.0,0.05,lower,0.3,QFactor,500,1.25,1.0,0.8799207920792079,0.48299009900990103,8.454082732089402,10.498466375179751,0.9592800000000002,0.0053233707886175,0.057158033772148675,0.00064,0
236,25,Normal,20.0,0.05,upper,0.3,MaxMin,500,1.25,1.0,0.8317425742574257,0.581009900990099,11.893949800414207,14.028852704775726,0.99952,0.0043597723828728676,0.0577142861132496,0.0,0
236,25,Normal,20.0,0.05,upper,0.3,MeanSD,500,1.25,1.0,0.8711485148514851,0.19708910891089107,2.8850518745541667,3.544893944435436,0.95824,0.0298040090913258,0.053653645288600865,0.0,0
236,25,Normal,20.0,0.05,upper,0.3,MedianMAD,500,1.25,1.0,0.8143960396039605,0.1868712871287129,2.873234387013777,3.668186188128801,0.9292,0.05692311025376181,0.05678280441076197,0.0,0
236,25,Normal,20.0,0.05,upper,0.3,Percentile,500,1.25,1.0,0.8360990099009901,0.17164356435643563,2.601507804371083,3.332085091959087,0.91968,0.003566937915381258,0.0008917344788464354,0.0,0
236,25,Normal,20.0,0.05,upper,0.3,QFactor,500,1.25,1.0,0.9730297029702971,0.07188118811881188,1.0588172702092025,1.378539272264583,0.99952,0.0043597723828728676,0.047506673523153076,0.00032,0
237,25,Compressed Normal,20.0,0.0,clean,0.3,MaxMin,500,0.0,0.0,0.925049504950495,0.22031683168316832,4.313163162234788,5.065094460123735,1.0,0.0,0.06432966273758176,0.0,0
237,25,Compressed Normal,20.0,0.0,clean,0.3,MeanSD,500,0.0,0.0,0.9522970297029704,0.048534653465346536,0.7036822302321806,0.8819660493155056,0.93352,0.03271927110133727,0.05624376503143881,0.0,0
237,25,Compressed Normal,20.0,0.0,clean,0.3,MedianMAD,500,0.0,0.0,0.9394257425742575,0.061544554455445544,0.9265405080158275,1.187010694532575,0.92576,0.056558112062551735,0.05779449175649484,0.0,0
237,25,Compressed Normal,20.0,0.0,clean,0.3,Percentile,500,0.0,0.0,0.9476435643564357,0.05504950495049506,0.8264464981286048,1.0443147896311207,0.9200000000000002,1.111334915764742e-16,1.4690458417765185e-15,0.0,0
237,25,Compressed Normal,20.0,0.0,clean,0.3,QFactor,500,0.0,0.0,0.9604554455445544,0.28881188118811885,3.9667860218270445,4.850251909207142,1.0,0.0,0.0449973402429654,0.0,0
238,25,Compressed Normal,20.0,0.05,lower,0.3,MaxMin,500,1.25,1.0,0.9267128712871289,0.2208118811881188,4.377533959406212,5.135092372800593,0.9600000000000002,2.222669831529484e-16,0.06422082168244272,0.0,0
238,25,Compressed Normal,20.0,0.05,lower,0.3,MeanSD,500,1.25,1.0,0.9518019801980199,0.048415841584158424,0.712029740448445,0.9068177530208116,0.89568,0.0313832346138772,0.056449419981625656,0.0,0
238,25,Compressed Normal,20.0,0.05,lower,0.3,MedianMAD,500,1.25,1.0,0.9382970297029704,0.06362376237623762,0.96442665764041,1.2371784591953485,0.8844000000000001,0.05682162787873627,0.05650619978390729,0.0,0
238,25,Compressed Normal,20.0,0.05,lower,0.3,Percentile,500,1.25,1.0,0.9454257425742574,0.0581980198019802,0.8643101322440823,1.084929209833663,0.8800000000000002,2.222669831529484e-16,1.5020385970882843e-15,0.0,0
238,25,Compressed Normal,20.0,0.05,lower,0.3,QFactor,500,1.25,1.0,0.9592079207920792,0.29316831683168315,4.05309009801689,4.95868978003507,0.9600000000000002,2.222669831529484e-16,0.0436666069283506,0.0,0
239,25,Compressed Normal,20.0,0.05,upper,0.3,MaxMin,500,1.25,1.0,0.9302376237623762,0.45164356435643566,13.502534319326083,14.098519509952371,1.0,0.0,0.04626847536993552,0.0,0
239,25,Compressed Normal,20.0,0.05,upper,0.3,MeanSD,500,1.25,1.0,0.957960396039604,0.22445544554455443,4.291941425480696,5.031070923402309,0.99928,0.005323370788617515,0.03882034095167589,0.0,0
239,25,Compressed Normal,20.0,0.05,upper,0.3,MedianMAD,500,1.25,1.0,0.9356633663366336,0.0660990099009901,1.0168555396690406,1.3093408827767485,0.92984,0.057097238017073615,0.05657517142686348,0.0,0
239,25,Compressed Normal,20.0,0.05,upper,0.3,Percentile,500,1.25,1.0,0.9425148514851486,0.06065346534653466,0.9085883138852863,1.1566219202863548,0.9200000000000002,1.111334915764742e-16,1.4690458417765185e-15,0.0,0
239,25,Compressed Normal,20.0,0.05,upper,0.3,QFactor,500,1.25,1.0,0.9721980198019802,0.49768316831683174,9.081850685605074,10.928560104947561,1.0,0.0,0.022513169209160754,0.0,0
240,25,Uniform,20.0,0.0,clean,0.3,MaxMin,500,0.0,0.0,0.7544356435643566,0.3471881188118812,5.33334937902863,6.970293641408604,0.8732000000000001,0.0668692979326987,0.06546321898057374,0.03808,0
240,25,Uniform,20.0,0.0,clean,0.3,MeanSD,500,0.0,0.0,0.7595841584158415,0.24259405940594056,3.557007195452326,4.484888704242547,0.83784,0.06798660719226272,0.05810301828898353,0.02616,0
240,25,Uniform,20.0,0.0,clean,0.3,MedianMAD,500,0.0,0.0,0.6781188118811882,0.325980198019802,5.024046458411695,6.427549817191566,0.83704,0.07727341561962332,0.059476154824331384,0.03336,0
240,25,Uniform,20.0,0.0,clean,0.3,Percentile,500,0.0,0.0,0.7206534653465346,0.29138613861386137,4.440920761342873,5.633134988374297,0.81144,0.06088464733051446,0.01947081212116627,0.02096,0
240,25,Uniform,20.0,0.0,clean,0.3,QFactor,500,0.0,0.0,0.8524950495049506,0.332059405940594,5.207075026208838,7.043800545692365,0.8732000000000001,0.0668692979326987,0.06439903110157205,0.04416,0
241,25,Uniform,20.0,0.05,lower,0.3,MaxMin,500,1.25,1.0,0.7445742574257426,0.35211881188118804,5.428918235104352,7.126710167704919,0.83464,0.06757220142047778,0.06434643775200541,0.04128,0
241,25,Uniform,20.0,0.05,lower,0.3,MeanSD,500,1.25,1.0,0.7485940594059406,0.25156435643564357,3.6958774698736545,4.667249456616315,0.8002400000000001,0.06702332917206227,0.05739885379639567,0.02768,0
241,25,Uniform,20.0,0.05,lower,0.3,MedianMAD,500,1.25,1.0,0.6693267326732673,0.336990099009901,5.247690624211579,6.67339385894795,0.79864,0.07706899285262937,0.058592210384317944,0.03584,0
241,25,Uniform,20.0,0.05,lower,0.3,Percentile,500,1.25,1.0,0.7128514851485149,0.3045148514851485,4.684177773624303,5.8892802734649985,0.77176,0.06335400429112147,0.020701012517807208,0.0212,0
241,25,Uniform,20.0,0.05,lower,0.3,QFactor,500,1.25,1.0,0.8387722772277229,0.33320792079207917,5.306276037059791,7.270162513225643,0.83464,0.06757220142047778,0.06328841149184918,0.04632,0
242,25,Uniform,20.0,0.05,upper,0.3,MaxMin,500,1.25,1.0,0.8308118811881189,0.2898415841584159,4.429164550468657,6.067535930308535,0.87712,0.06369788411620722,0.06378942739011179,0.03992,0
242,25,Uniform,20.0,0.05,upper,0.3,MeanSD,500,1.25,1.0,0.7626732673267327,0.28796039603960394,4.14123023664296,5.153481116448811,0.8479200000000001,0.0642489646524972,0.05673355095623554,0.02976,0
242,25,Uniform,20.0,0.05,upper,0.3,MedianMAD,500,1.25,1.0,0.6521980198019802,0.3520396039603961,5.522832558729881,7.063543662605252,0.8451200000000001,0.07853994299266188,0.05845334112119282,0.03584,0
242,25,Uniform,20.0,0.05,upper,0.3,Percentile,500,1.25,1.0,0.7101188118811881,0.3124752475247525,4.741386948886234,5.8964336381236295,0.81256,0.06066305640853954,0.019414104881259147,0.01912,0
242,25,Uniform,20.0,0.05,upper,0.3,QFactor,500,1.25,1.0,0.9723366336633663,0.05914851485148515,0.8908651344724583,1.207904882998837,0.87712,0.06369788411620722,0.06238358136635792,0.04688,0
243,25,Right-skewed,20.0,0.0,clean,0.3,MaxMin,500,0.0,0.0,0.8355643564356435,0.38112871287128713,8.397046906558723,11.286108509349623,0.66576,0.09792446477567905,0.06691132795452198,0.12016,0
243,25,Right-skewed,20.0,0.0,clean,0.3,MeanSD,500,0.0,0.0,0.8671881188118813,0.13380198019801978,1.9819884537997605,2.7131195722961063,0.6620799999999999,0.09609027151882298,0.05794870622847262,0.11872,0
243,25,Right-skewed,20.0,0.0,clean,0.3,MedianMAD,500,0.0,0.0,0.8347326732673267,0.1695841584158416,2.719037589081715,3.6960386829185774,0.6615999999999999,0.09798286218806394,0.056932292361098896,0.12936,0
243,25,Right-skewed,20.0,0.0,clean,0.3,Percentile,500,0.0,0.0,0.8427128712871288,0.16752475247524753,2.621530341417672,3.4573843788289156,0.6363199999999999,0.08617022813264953,0.029426290788313984,0.08064,0
243,25,Right-skewed,20.0,0.0,clean,0.3,QFactor,500,0.0,0.0,0.8668514851485147,0.41352475247524756,10.261570355388557,12.77172472609799,0.66496,0.09836029633846974,0.06334243573156512,0.09152,0
244,25,Right-skewed,20.0,0.05,lower,0.3,MaxMin,500,1.25,1.0,0.8345940594059407,0.38603960396039605,8.613256461349582,11.549870737004689,0.6458400000000001,0.09496067322274962,0.06390975399963895,0.10872,0
244,25,Right-skewed,20.0,0.05,lower,0.3,MeanSD,500,1.25,1.0,0.8620198019801979,0.13841584158415843,2.072350189074818,2.817967126943374,0.64224,0.0929831928269652,0.05716188931647179,0.1072,0
244,25,Right-skewed,20.0,0.05,lower,0.3,MedianMAD,500,1.25,1.0,0.8360000000000001,0.16667326732673263,2.7032002491838503,3.738373537021187,0.644,0.09707547215743624,0.05694895929399394,0.12208,0
244,25,Right-skewed,20.0,0.05,lower,0.3,Percentile,500,1.25,1.0,0.8411089108910891,0.16897029702970295,2.6697470080998937,3.5221349298673217,0.6167999999999999,0.08489625874853966,0.029230511940773127,0.0712,0
244,25,Right-skewed,20.0,0.05,lower,0.3,QFactor,500,1.25,1.0,0.8652277227722773,0.4177425742574257,10.49672455087302,13.045409532926636,0.64464,0.09551500737196501,0.06158664682111205,0.0828,0
245,25,Right-skewed,20.0,0.05,upper,0.3,MaxMin,500,1.25,1.0,0.9218415841584158,0.6288712871287129,11.54332727669404,12.874271516867067,0.67672,0.09041676826766115,0.04843104787372299,0.10936,0
245,25,Right-skewed,20.0,0.05,upper,0.3,MeanSD,500,1.25,1.0,0.8877425742574256,0.35906930693069306,6.4524537384137615,8.535596896174741,0.70592,0.08598919632004672,0.052012352168052015,0.23912,0
245,25,Right-skewed,20.0,0.05,upper,0.3,MedianMAD,500,1.25,1.0,0.835069306930693,0.17051485148514853,2.7143876675830594,3.7347722550647067,0.67512,0.08826191665641375,0.0548130685186266,0.1308,0
245,25,Right-skewed,20.0,0.05,upper,0.3,Percentile,500,1.25,1.0,0.8231287128712871,0.19073267326732674,2.919562342764528,4.058259617476067,0.64424,0.081102266029441,0.02804494914221594,0.07392,0
245,25,Right-skewed,20.0,0.05,upper,0.3,QFactor,500,1.25,1.0,0.9747920792079209,0.49875247524752475,8.738491880457536,10.515347947497485,0.67672,0.09041676826766115,0.044594847253087114,0.0848,0
246,25,Left-skewed,20.0,0.0,clean,0.3,MaxMin,500,0.0,0.0,0.7735247524752475,0.5618415841584159,13.170993552764761,16.447035198162407,0.99992,0.0017888543819998336,0.06408017771166719,0.0,0
246,25,Left-skewed,20.0,0.0,clean,0.3,MeanSD,500,0.0,0.0,0.8443762376237625,0.1559009900990099,2.297922376053657,2.904261177819992,0.92304,0.032286890320579735,0.057575677836462155,0.0,0
246,25,Left-skewed,20.0,0.0,clean,0.3,MedianMAD,500,0.0,0.0,0.8012871287128713,0.20025742574257424,3.119438781971699,4.032874615775874,0.9120800000000001,0.06033700945040976,0.059232813360031264,0.0,0
246,25,Left-skewed,20.0,0.0,clean,0.3,Percentile,500,0.0,0.0,0.8275643564356436,0.1806930693069307,2.737219710796869,3.4911280130049165,0.9199200000000001,0.0017888543819998336,0.000447213595501084,0.0,0
246,25,Left-skewed,20.0,0.0,clean,0.3,QFactor,500,0.0,0.0,0.9237227722772277,0.2558217821782178,3.6606738653643514,4.686658154126249,0.99992,0.0017888543819998336,0.05181833723778286,8e-05,0
247,25,Left-skewed,20.0,0.05,lower,0.3,MaxMin,500,1.25,1.0,0.777841584158416,0.5691287128712871,13.533241113647469,16.8107499127781,0.9600000000000002,2.222669831529484e-16,0.06182634951362954,0.0,0
247,25,Left-skewed,20.0,0.05,lower,0.3,MeanSD,500,1.25,1.0,0.8424356435643564,0.158,2.326992576701484,2.9267759069843247,0.8868800000000001,0.032784374791368566,0.05629419812316831,0.0,0
247,25,Left-skewed,20.0,0.05,lower,0.3,MedianMAD,500,1.25,1.0,0.8008514851485148,0.19954455445544556,3.132434563986353,4.045735499543681,0.87536,0.0627306996721918,0.05782548504554916,0.0,0
247,25,Left-skewed,20.0,0.05,lower,0.3,Percentile,500,1.25,1.0,0.826178217821782,0.18265346534653465,2.7729039073829362,3.5274158252859804,0.8800000000000002,2.222669831529484e-16,1.5020385970882843e-15,0.0,0
247,25,Left-skewed,20.0,0.05,lower,0.3,QFactor,500,1.25,1.0,0.9162970297029702,0.25942574257425743,3.715660452216278,4.796446869165019,0.9600000000000002,2.222669831529484e-16,0.050788273870606554,0.0,0
248,25,Left-skewed,20.0,0.05,upper,0.3,MaxMin,500,1.25,1.0,0.8047326732673267,0.6401584158415842,15.295386574985566,17.8573294237158,0.99992,0.0017888543819998336,0.059688597653869885,0.0,0
248,25,Left-skewed,20.0,0.05,upper,0.3,MeanSD,500,1.25,1.0,0.8663168316831682,0.156039603960396,2.2649110019745327,2.8231780656071432,0.9308800000000002,0.03065133943595999,0.05392694861749306,0.0,0
248,25,Left-skewed,20.0,0.05,upper,0.3,MedianMAD,500,1.25,1.0,0.8016633663366336,0.19932673267326728,3.0436527240563387,3.8330312394755928,0.91432,0.06158671485713284,0.057187146634075245,0.0,0
248,25,Left-skewed,20.0,0.05,upper,0.3,Percentile,500,1.25,1.0,0.8367128712871288,0.16960396039603962,2.5733073064463388,3.25495315471514,0.9199200000000001,0.0017888543819998336,0.000447213595501084,0.0,0
248,25,Left-skewed,20.0,0.05,upper,0.3,QFactor,500,1.25,1.0,0.9727722772277227,0.04378217821782178,0.6073671468574854,0.8714060435641467,0.99992,0.0017888543819998336,0.04758795209158618,8e-05,0
249,25,Bimodal,20.0,0.0,clean,0.3,MaxMin,500,0.0,0.0,0.7704950495049504,0.36344554455445544,5.692979615967378,7.319587767910953,0.9007200000000001,0.06079863936880657,0.06630583694417913,0.0276,0
249,25,Bimodal,20.0,0.0,clean,0.3,MeanSD,500,0.0,0.0,0.7776237623762375,0.22318811881188116,3.272391206532612,4.113930869584183,0.86112,0.06327363357205608,0.06015043933073452,0.0148,0
249,25,Bimodal,20.0,0.0,clean,0.3,MedianMAD,500,0.0,0.0,0.6882376237623763,0.31712871287128713,4.896675508615829,6.22533210609379,0.86224,0.07595868511031095,0.06079851634487511,0.02264,0
249,25,Bimodal,20.0,0.0,clean,0.3,Percentile,500,0.0,0.0,0.736039603960396,0.28106930693069304,4.2356937331837505,5.3126289023493705,0.8355199999999999,0.057293058821975607,0.018181995570432156,0.01,0
249,25,Bimodal,20.0,0.0,clean,0.3,QFactor,500,0.0,0.0,0.8657029702970296,0.38077227722772283,5.986101248052726,7.790450541265775,0.9007200000000001,0.06079863936880657,0.06505912205360323,0.03504,0
250,25,Bimodal,20.0,0.05,lower,0.3,MaxMin,500,1.25,1.0,0.769980198019802,0.3581980198019802,5.597228410245569,7.186917157096689,0.86936,0.06002329541089832,0.0658478352967172,0.02416,0
250,25,Bimodal,20.0,0.05,lower,0.3,MeanSD,500,1.25,1.0,0.7640990099009901,0.23685148514851487,3.4855564013704288,4.388970350223983,0.8304000000000001,0.059958569530303506,0.057743697851704454,0.01432,0
250,25,Bimodal,20.0,0.05,lower,0.3,MedianMAD,500,1.25,1.0,0.6800198019801978,0.32865346534653467,5.177555401573603,6.611395752756926,0.8272800000000001,0.0758109239647214,0.05869101683134744,0.02016,0
250,25,Bimodal,20.0,0.05,lower,0.3,Percentile,500,1.25,1.0,0.7282970297029703,0.2891683168316832,4.423209412443339,5.57524445815765,0.8035200000000001,0.05536913474278181,0.01837965260725178,0.01008,0
250,25,Bimodal,20.0,0.05,lower,0.3,QFactor,500,1.25,1.0,0.865940594059406,0.3691881188118812,5.768909181741694,7.537113305637164,0.86936,0.06002329541089832,0.06387385273747709,0.0316,0
251,25,Bimodal,20.0,0.05,upper,0.3,MaxMin,500,1.25,1.0,0.8405544554455445,0.3065940594059406,4.721391135087921,6.226409936473935,0.90544,0.06212669194238017,0.06400969262845835,0.02632,0
251,25,Bimodal,20.0,0.05,upper,0.3,MeanSD,500,1.25,1.0,0.7785742574257425,0.2704950495049505,3.9005395609795244,4.85293416497692,0.87904,0.06430668004333914,0.0584436803510976,0.0192,0
251,25,Bimodal,20.0,0.05,upper,0.3,MedianMAD,500,1.25,1.0,0.6694257425742572,0.33609900990099006,5.207563439687916,6.615835534370175,0.8717600000000001,0.07498899318030876,0.0578095759702621,0.02592,0
251,25,Bimodal,20.0,0.05,upper,0.3,Percentile,500,1.25,1.0,0.7252475247524752,0.28728712871287126,4.344891492787695,5.400575802478276,0.8404,0.05892694434245745,0.018636520195387196,0.01112,0
251,25,Bimodal,20.0,0.05,upper,0.3,QFactor,500,1.25,1.0,0.9734653465346534,0.03758415841584158,0.5060939623909254,0.727063550205769,0.90544,0.06212669194238017,0.06160337386835317,0.03328,0
252,30,Normal,20.0,0.0,clean,0.3,MaxMin,500,0.0,0.0,0.7816237623762375,0.543069306930693,10.544023489141674,12.442781595635456,0.9992000000000001,0.005106743024208018,0.0625408567646405,0.00013333333333333334,0
252,30,Normal,20.0,0.0,clean,0.3,MeanSD,500,0.0,0.0,0.8699009900990099,0.1300990099009901,1.8851100582910045,2.3808307581080825,0.9330000000000002,0.030977182543661923,0.05248115409482296,6.666666666666667e-05,0
252,30,Normal,20.0,0.0,clean,0.3,MedianMAD,500,0.0,0.0,0.8345148514851485,0.16594059405940592,2.532495144738214,3.2506762192927723,0.9254666666666667,0.05078216979066971,0.05297511084349918,0.0,0
252,30,Normal,20.0,0.0,clean,0.3,Percentile,500,0.0,0.0,0.8511089108910891,0.1523168316831683,2.330450611089445,2.951130344217862,0.9325333333333333,0.005106743024208019,0.001276685756052477,6.666666666666667e-05,0
252,30,Normal,20.0,0.0,clean,0.3,QFactor,500,0.0,0.0,0.8824752475247525,0.46451485148514854,7.889861274713738,9.838717674334715,0.9992000000000001,0.005106743024208018,0.05442171026263687,0.0007333333333333333,0
253,30,Normal,20.0,0.05,lower,0.3,MaxMin,500,1.5,2.0,0.7880396039603962,0.5505544554455446,10.927545948069364,12.90234950995525,0.9327333333333333,0.004436142323847924,0.05794851621942847,6.666666666666667e-05,0
253,30,Normal,20.0,0.05,lower,0.3,MeanSD,500,1.5,2.0,0.8698811881188119,0.13011881188118812,1.9120339382012073,2.422084249003274,0.8727333333333336,0.028720119185819033,0.04965894368286096,0.0,0
253,30,Normal,20.0,0.05,lower,0.3,MedianMAD,500,1.5,2.0,0.830019801980198,0.17029702970297028,2.586109215549781,3.307296286987426,0.8664000000000001,0.05077813565249228,0.05168494522524245,0.0,0
253,30,Normal,20.0,0.05,lower,0.3,Percentile,500,1.5,2.0,0.8492673267326732,0.1537029702970297,2.354107957536183,2.975313504980267,0.8661333333333336,0.004186692025162639,0.0010466730062909586,6.666666666666667e-05,0
253,30,Normal,20.0,0.05,lower,0.3,QFactor,500,1.5,2.0,0.8804356435643563,0.47009900990099013,8.041424209462173,10.019265443011255,0.9327333333333333,0.004436142323847924,0.05237581922837796,0.0005333333333333334,0
254,30,Normal,20.0,0.05,upper,0.3,MaxMin,500,1.5,2.0,0.8415049504950494,0.5916633663366337,11.88480773778456,13.848772068302305,0.9997999999999999,0.002576809375911659,0.05358180232759979,0.0,0
254,30,Normal,20.0,0.05,upper,0.3,MeanSD,500,1.5,2.0,0.8902376237623761,0.25063366336633663,3.8170835364920976,4.655371232930439,0.9671333333333334,0.02483084613171713,0.04799929649335947,0.0,0
254,30,Normal,20.0,0.05,upper,0.3,MedianMAD,500,1.5,2.0,0.8241782178217821,0.1841188118811881,2.791194118155453,3.608016227658173,0.9368000000000001,0.05200482994885524,0.0508329434775078,0.0,0
254,30,Normal,20.0,0.05,upper,0.3,Percentile,500,1.5,2.0,0.836851485148515,0.20829702970297026,3.106474282487226,4.177150187177046,0.9332,0.002106071637468907,0.0005265179093676962,0.0,0
254,30,Normal,20.0,0.05,upper,0.3,QFactor,500,1.5,2.0,0.9805742574257427,0.05388118811881188,0.8153106467383888,1.0807577064684744,0.9997999999999999,0.002576809375911659,0.04212626367782264,0.00013333333333333334,0
255,30,Compressed Normal,20.0,0.0,clean,0.3,MaxMin,500,0.0,0.0,0.9246534653465347,0.21788118811881188,4.193100854945948,4.926056061624436,1.0,0.0,0.06126713676057702,0.0,0
255,30,Compressed Normal,20.0,0.0,clean,0.3,MeanSD,500,0.0,0.0,0.9564752475247524,0.04352475247524752,0.6299866562573749,0.7892260303865306,0.9349333333333334,0.02965127985085276,0.051861194598458796,0.0,0
255,30,Compressed Normal,20.0,0.0,clean,0.3,MedianMAD,500,0.0,0.0,0.94390099009901,0.05623762376237623,0.8434353390394227,1.0823772424115143,0.9281333333333335,0.05064342187317831,0.0527097024326543,0.0,0
255,30,Compressed Normal,20.0,0.0,clean,0.3,Percentile,500,0.0,0.0,0.9505148514851485,0.05186138613861386,0.7646661171844664,0.9635252697669414,0.9333333333333335,1.111334915764742e-16,6.980572439647287e-16,0.0,0
255,30,Compressed Normal,20.0,0.0,clean,0.3,QFactor,500,0.0,0.0,0.9605742574257425,0.2832475247524753,3.864265458957618,4.729148839547763,1.0,0.0,0.04435624737851618,0.0,0
256,30,Compressed Normal,20.0,0.05,lower,0.3,MaxMin,500,1.5,2.0,0.9268514851485148,0.2192079207920792,4.282463562642727,5.027605826096872,0.9333333333333335,1.111334915764742e-16,0.05793777137118952,0.0,0
256,30,Compressed Normal,20.0,0.05,lower,0.3,MeanSD,500,1.5,2.0,0.9561782178217821,0.043881188118811885,0.6357463796086437,0.8035627179557403,0.8716000000000002,0.02851040976042245,0.049617393029043076,0.0,0
256,30,Compressed Normal,20.0,0.05,lower,0.3,MedianMAD,500,1.5,2.0,0.9426534653465346,0.057782178217821785,0.8594224346729977,1.0871458960573026,0.8640000000000001,0.04919299760268107,0.050999720774555835,0.0,0
256,30,Compressed Normal,20.0,0.05,lower,0.3,Percentile,500,1.5,2.0,0.9510099009900991,0.05225742574257426,0.7702968061602887,0.9724521183876798,0.8666666666666669,2.222669831529484e-16,3.577109260117764e-16,0.0,0
256,30,Compressed Normal,20.0,0.05,lower,0.3,QFactor,500,1.5,2.0,0.9600000000000001,0.2886534653465347,3.9566486061826933,4.840011149751203,0.9333333333333335,1.111334915764742e-16,0.04128869334734061,0.0,0
257,30,Compressed Normal,20.0,0.05,upper,0.3,MaxMin,500,1.5,2.0,0.9385544554455445,0.45665346534653467,13.686761589687716,14.321947576334741,1.0,0.0,0.04133031461400823,0.0,0
257,30,Compressed Normal,20.0,0.05,upper,0.3,MeanSD,500,1.5,2.0,0.9663564356435644,0.28071287128712874,6.012398670551976,7.082233812810268,0.9999333333333333,0.0014907119849998595,0.029909818354598938,0.0,0
257,30,Compressed Normal,20.0,0.05,upper,0.3,MedianMAD,500,1.5,2.0,0.9428514851485148,0.0634851485148515,0.9449221839362126,1.2212973243349519,0.9353333333333333,0.04963011705870481,0.049730224959650696,0.0,0
257,30,Compressed Normal,20.0,0.05,upper,0.3,Percentile,500,1.5,2.0,0.94590099009901,0.08504950495049504,1.2635293584409826,1.8197145548673905,0.9333333333333335,1.111334915764742e-16,6.980572439647287e-16,0.0,0
257,30,Compressed Normal,20.0,0.05,upper,0.3,QFactor,500,1.5,2.0,0.9804950495049505,0.5073465346534654,9.344715824067405,11.240081092446394,1.0,0.0,0.019647855115504737,0.0,0
258,30,Uniform,20.0,0.0,clean,0.3,MaxMin,500,0.0,0.0,0.7735247524752475,0.32255445544554456,4.840743249570327,6.361940449479684,0.8694666666666668,0.05845315492271238,0.061623306351745316,0.041666666666666664,0
258,30,Uniform,20.0,0.0,clean,0.3,MeanSD,500,0.0,0.0,0.7793267326732674,0.22067326732673265,3.217339289065222,4.0737746684948934,0.8328666666666668,0.05781022246472175,0.05381642898476091,0.026133333333333335,0
258,30,Uniform,20.0,0.0,clean,0.3,MedianMAD,500,0.0,0.0,0.6833069306930691,0.3217029702970296,4.946809937095313,6.313087693263795,0.8308666666666668,0.0719091375999111,0.05628341279323354,0.033,0
258,30,Uniform,20.0,0.0,clean,0.3,Percentile,500,0.0,0.0,0.735029702970297,0.2748514851485148,4.1361628500685885,5.237468891269701,0.8194666666666668,0.05566288452305409,0.01684861421373305,0.020666666666666667,0
258,30,Uniform,20.0,0.0,clean,0.3,QFactor,500,0.0,0.0,0.8623168316831684,0.30944554455445544,4.768835663379264,6.479443194499494,0.8694666666666668,0.05845315492271238,0.05990459071602679,0.0466,0
259,30,Uniform,20.0,0.05,lower,0.3,MaxMin,500,1.5,2.0,0.7762970297029703,0.33148514851485145,4.9868341872006425,6.485453370312713,0.8193333333333335,0.05693500065610374,0.05870330697771485,0.0386,0
259,30,Uniform,20.0,0.05,lower,0.3,MeanSD,500,1.5,2.0,0.7722376237623761,0.22813861386138612,3.3300540441757023,4.167329735534633,0.7848666666666667,0.057249779884431494,0.05266242186148039,0.0252,0
259,30,Uniform,20.0,0.05,lower,0.3,MedianMAD,500,1.5,2.0,0.6925742574257426,0.31023762376237624,4.756140381825476,6.100168776041789,0.7894666666666666,0.0655564198019033,0.053147460746573755,0.03333333333333333,0
259,30,Uniform,20.0,0.05,lower,0.3,Percentile,500,1.5,2.0,0.7302574257425742,0.2844158415841584,4.287247981526054,5.366080044983058,0.7685333333333333,0.053019114453556525,0.016825378930993645,0.018866666666666667,0
259,30,Uniform,20.0,0.05,lower,0.3,QFactor,500,1.5,2.0,0.8664554455445544,0.3225940594059406,4.981975977196602,6.672154670815599,0.8193333333333335,0.05693500065610374,0.05751620490067157,0.04326666666666667,0
260,30,Uniform,20.0,0.05,upper,0.3,MaxMin,500,1.5,2.0,0.8559603960396039,0.2592475247524752,3.81412206096707,5.217366804154569,0.8777333333333335,0.058651209477646966,0.05697092229233778,0.040266666666666666,0
260,30,Uniform,20.0,0.05,upper,0.3,MeanSD,500,1.5,2.0,0.799960396039604,0.3175445544554455,4.514532697555914,5.549071739327699,0.8531333333333334,0.05845525001855424,0.05123641545255141,0.029866666666666666,0
260,30,Uniform,20.0,0.05,upper,0.3,MedianMAD,500,1.5,2.0,0.6831287128712872,0.3344752475247525,5.119154191574032,6.707297378107354,0.8524,0.06505068849009178,0.052484689831224854,0.0384,0
260,30,Uniform,20.0,0.05,upper,0.3,Percentile,500,1.5,2.0,0.7335445544554455,0.3312871287128713,4.932855634415121,6.225093181319532,0.8280000000000001,0.054851472493782145,0.01664400494163766,0.020466666666666668,0
260,30,Uniform,20.0,0.05,upper,0.3,QFactor,500,1.5,2.0,0.9814851485148515,0.04437623762376238,0.7167573291721139,0.9651683434787104,0.8777333333333335,0.058651209477646966,0.055261912330437535,0.044533333333333334,0
261,30,Right-skewed,20.0,0.0,clean,0.3,MaxMin,500,0.0,0.0,0.8452475247524753,0.3828712871287129,8.406934211654988,11.269896435748374,0.6684666666666665,0.09083523466966309,0.06236024617699671,0.1182,0
261,30,Right-skewed,20.0,0.0,clean,0.3,MeanSD,500,0.0,0.0,0.8793861386138614,0.120990099009901,1.7904633302216961,2.4592101051359734,0.6640666666666666,0.08955664070799503,0.055343333705951535,0.11226666666666667,0
261,30,Right-skewed,20.0,0.0,clean,0.3,MedianMAD,500,0.0,0.0,0.8482574257425743,0.15536633663366337,2.447697409681112,3.3506290163892123,0.666,0.09110763525854905,0.05413087070108688,0.12286666666666667,0
261,30,Right-skewed,20.0,0.0,clean,0.3,Percentile,500,0.0,0.0,0.853861386138614,0.15596039603960396,2.38868891945709,3.159916889206732,0.6433333333333333,0.08418734079440567,0.025581450346627062,0.076,0
261,30,Right-skewed,20.0,0.0,clean,0.3,QFactor,500,0.0,0.0,0.8696633663366337,0.4159207920792079,10.254594677731864,12.720555213871974,0.6674666666666665,0.09132625808208172,0.058317082685628255,0.0886,0
262,30,Right-skewed,20.0,0.05,lower,0.3,MaxMin,500,1.5,2.0,0.8364752475247526,0.37912871287128713,8.332779494773199,11.243152128487095,0.6202666666666666,0.079622355145259,0.0571038186222209,0.11646666666666666,0
262,30,Right-skewed,20.0,0.05,lower,0.3,MeanSD,500,1.5,2.0,0.871049504950495,0.12895049504950495,1.9175716633330475,2.633676840167216,0.6163333333333333,0.07760828623403795,0.050383199774811,0.1126,0
262,30,Right-skewed,20.0,0.05,lower,0.3,MedianMAD,500,1.5,2.0,0.8391881188118813,0.1633069306930693,2.635714683502293,3.600862883538356,0.6174666666666666,0.08127671956729413,0.051501574175072465,0.122,0
262,30,Right-skewed,20.0,0.05,lower,0.3,Percentile,500,1.5,2.0,0.8472871287128713,0.1614059405940594,2.4943740328448305,3.30422448406893,0.5958000000000001,0.07447675413944693,0.024086909006065905,0.0762,0
262,30,Right-skewed,20.0,0.05,lower,0.3,QFactor,500,1.5,2.0,0.8636633663366337,0.4125940594059406,10.136046912430087,12.650879101884,0.6188666666666666,0.0797851434542158,0.055066542680151015,0.08586666666666666,0
263,30,Right-skewed,20.0,0.05,upper,0.3,MaxMin,500,1.5,2.0,0.9294851485148515,0.6314059405940594,11.596755564283372,12.998841657914864,0.6851999999999999,0.08550519183779424,0.04460729838578938,0.11266666666666666,0
263,30,Right-skewed,20.0,0.05,upper,0.3,MeanSD,500,1.5,2.0,0.8913267326732673,0.4498811881188119,9.314746612998965,12.334239789366158,0.7182666666666666,0.07918320503692587,0.04400792141765124,0.25353333333333333,0
263,30,Right-skewed,20.0,0.05,upper,0.3,MedianMAD,500,1.5,2.0,0.836138613861386,0.17495049504950494,2.7496594719030893,3.971520905142853,0.6879333333333334,0.08429938377915004,0.049326230520788654,0.13653333333333334,0
263,30,Right-skewed,20.0,0.05,upper,0.3,Percentile,500,1.5,2.0,0.8093267326732674,0.4536435643564356,6.713447547666105,12.339986298659944,0.6592666666666667,0.08094242822344007,0.024481045349127158,0.07166666666666667,0
263,30,Right-skewed,20.0,0.05,upper,0.3,QFactor,500,1.5,2.0,0.9820990099009902,0.5082772277227723,8.997612482010917,10.822069901773482,0.6851999999999999,0.08550519183779424,0.040343707943804194,0.08646666666666666,0
264,30,Left-skewed,20.0,0.0,clean,0.3,MaxMin,500,0.0,0.0,0.7737227722772279,0.5561188118811881,12.802511120410724,15.992089418097736,1.0,0.0,0.05942811160419034,0.0,0
264,30,Left-skewed,20.0,0.0,clean,0.3,MeanSD,500,0.0,0.0,0.8603960396039605,0.1398019801980198,2.041522019570889,2.5747906252867243,0.9215333333333335,0.028009843356790947,0.05196928900523064,0.0,0
264,30,Left-skewed,20.0,0.0,clean,0.3,MedianMAD,500,0.0,0.0,0.8143960396039605,0.18643564356435646,2.856525621164659,3.6254178074608805,0.9064000000000001,0.0587020601318851,0.05454383462152263,0.0,0
264,30,Left-skewed,20.0,0.0,clean,0.3,Percentile,500,0.0,0.0,0.8405940594059407,0.16562376237623763,2.475441619517338,3.1712521073935025,0.9333333333333335,1.111334915764742e-16,6.980572439647287e-16,0.0,0
264,30,Left-skewed,20.0,0.0,clean,0.3,QFactor,500,0.0,0.0,0.9289108910891088,0.24362376237623765,3.478900387175851,4.455159206372765,1.0,0.0,0.04800368807693603,0.0,0
265,30,Left-skewed,20.0,0.05,lower,0.3,MaxMin,500,1.5,2.0,0.7777821782178219,0.5611683168316831,12.97245938630648,16.142420423559262,0.9333333333333335,1.111334915764742e-16,0.05718059177978352,0.0,0
265,30,Left-skewed,20.0,0.05,lower,0.3,MeanSD,500,1.5,2.0,0.8506732673267325,0.14996039603960395,2.1980616753920947,2.7909591057216123,0.8624000000000002,0.028226270273559003,0.051050531068259145,0.0,0
265,30,Left-skewed,20.0,0.05,lower,0.3,MedianMAD,500,1.5,2.0,0.8060198019801981,0.19398019801980196,2.9859526188996552,3.8017933489480336,0.8510000000000001,0.056832246594256196,0.05273090842488691,0.0,0
265,30,Left-skewed,20.0,0.05,lower,0.3,Percentile,500,1.5,2.0,0.8317821782178219,0.17334653465346536,2.6029200335836684,3.3266942207936507,0.8666666666666669,2.222669831529484e-16,3.577109260117764e-16,0.0,0
265,30,Left-skewed,20.0,0.05,lower,0.3,QFactor,500,1.5,2.0,0.927089108910891,0.24073267326732672,3.446845448101782,4.438086271843072,0.9333333333333335,1.111334915764742e-16,0.04645187672945694,0.0,0
266,30,Left-skewed,20.0,0.05,upper,0.3,MaxMin,500,1.5,2.0,0.7984356435643564,0.6449108910891088,15.115746060177857,17.573747691192253,1.0,0.0,0.05564737356956705,0.0,0
266,30,Left-skewed,20.0,0.05,upper,0.3,MeanSD,500,1.5,2.0,0.8708316831683167,0.1885742574257426,2.7476329807742084,3.3008803589202445,0.9337333333333333,0.030505574392673585,0.048852645157390434,0.0,0
266,30,Left-skewed,20.0,0.05,upper,0.3,MedianMAD,500,1.5,2.0,0.8103960396039603,0.19724752475247528,3.02941382139932,3.882884854167805,0.9192,0.054544366837329286,0.05120871037003749,0.0,0
266,30,Left-skewed,20.0,0.05,upper,0.3,Percentile,500,1.5,2.0,0.8366732673267325,0.18772277227722772,2.899991682061617,3.6328616787051176,0.9333333333333335,1.111334915764742e-16,6.980572439647287e-16,0.0,0
266,30,Left-skewed,20.0,0.05,upper,0.3,QFactor,500,1.5,2.0,0.9817227722772277,0.028217821782178215,0.42329021781132325,0.611503294006567,1.0,0.0,0.04354747739612846,0.0,0
267,30,Bimodal,20.0,0.0,clean,0.3,MaxMin,500,0.0,0.0,0.7946732673267327,0.33562376237623764,5.095336280547826,6.520800307144393,0.9043333333333334,0.05576435933451061,0.06178288793276005,0.026533333333333332,0
267,30,Bimodal,20.0,0.0,clean,0.3,MeanSD,500,0.0,0.0,0.7998613861386139,0.20059405940594058,2.907557469681938,3.6374946095518266,0.8632000000000003,0.05872147800860077,0.05411612941032727,0.0138,0
267,30,Bimodal,20.0,0.0,clean,0.3,MedianMAD,500,0.0,0.0,0.7122772277227726,0.29083168316831676,4.426057189527081,5.630494530094977,0.8664000000000001,0.06912578771219494,0.05608840362136527,0.0208,0
267,30,Bimodal,20.0,0.0,clean,0.3,Percentile,500,0.0,0.0,0.7544554455445543,0.2571683168316831,3.803498877385673,4.752867937241791,0.8523333333333335,0.052302794147755016,0.015694366331667212,0.010133333333333333,0
267,30,Bimodal,20.0,0.0,clean,0.3,QFactor,500,0.0,0.0,0.8877821782178218,0.3542772277227723,5.3605637698689765,6.897186565875646,0.9043333333333334,0.05576435933451061,0.059351487272259404,0.0314,0
268,30,Bimodal,20.0,0.05,lower,0.3,MaxMin,500,1.5,2.0,0.7885148514851483,0.34578217821782187,5.308594044087439,6.8438356003560985,0.8428000000000002,0.05028690785641003,0.056331000874101735,0.027933333333333334,0
268,30,Bimodal,20.0,0.05,lower,0.3,MeanSD,500,1.5,2.0,0.7915049504950495,0.20887128712871286,3.0703494773067646,3.9170802586976006,0.8034666666666667,0.053773070269163045,0.050611939228177076,0.013533333333333333,0
268,30,Bimodal,20.0,0.05,lower,0.3,MedianMAD,500,1.5,2.0,0.7132475247524753,0.28970297029702974,4.43476118707822,5.696230948841555,0.8050000000000002,0.06592354700956912,0.0527471404339196,0.019733333333333332,0
268,30,Bimodal,20.0,0.05,lower,0.3,Percentile,500,1.5,2.0,0.751980198019802,0.26162376237623763,3.9181544203706706,4.985676272813353,0.7899333333333334,0.045686773021575054,0.015179492070380426,0.010333333333333333,0
268,30,Bimodal,20.0,0.05,lower,0.3,QFactor,500,1.5,2.0,0.8763762376237624,0.36970297029702975,5.693713376369486,7.367334012775106,0.8428000000000002,0.05028690785641003,0.055881856245639704,0.0312,0
269,30,Bimodal,20.0,0.05,upper,0.3,MaxMin,500,1.5,2.0,0.8567722772277229,0.30366336633663366,4.574517776797871,5.885637273378837,0.9072666666666668,0.05432195765526435,0.05634883261938774,0.026066666666666665,0
269,30,Bimodal,20.0,0.05,upper,0.3,MeanSD,500,1.5,2.0,0.8168910891089107,0.31316831683168317,4.535360097638243,5.515941323111702,0.8807333333333335,0.05409027808241266,0.05097159360123785,0.018933333333333333,0
269,30,Bimodal,20.0,0.05,upper,0.3,MedianMAD,500,1.5,2.0,0.7058415841584158,0.30712871287128707,4.696974125449941,6.121158590639156,0.8772000000000002,0.06352083484641743,0.05304860051749963,0.0238,0
269,30,Bimodal,20.0,0.05,upper,0.3,Percentile,500,1.5,2.0,0.7548712871287129,0.31085148514851485,4.72981141065071,5.908022814856939,0.8538000000000002,0.049771287191754596,0.014813644896703667,0.010333333333333333,0
269,30,Bimodal,20.0,0.05,upper,0.3,QFactor,500,1.5,2.0,0.9800990099009902,0.02413861386138614,0.3485988851950182,0.5162575734156469,0.9072666666666668,0.05432195765526435,0.05521811871600804,0.03266666666666666,0
270,40,Normal,20.0,0.0,clean,0.3,MaxMin,500,0.0,0.0,0.8042178217821782,0.5297029702970297,9.967642886074085,11.748057601368686,0.9994500000000001,0.003997431540106184,0.05431205711446692,0.00015,0
270,40,Normal,20.0,0.0,clean,0.3,MeanSD,500,0.0,0.0,0.8888514851485149,0.11114851485148516,1.607125688502802,2.038285125747621,0.9345,0.0249197107520921,0.045010599945825396,0.0,0
270,40,Normal,20.0,0.0,clean,0.3,MedianMAD,500,0.0,0.0,0.8469504950495049,0.15304950495049505,2.2828375483696424,2.8999342542001054,0.9282999999999999,0.04550551068833325,0.047486117587601503,0.0,0
270,40,Normal,20.0,0.0,clean,0.3,Percentile,500,0.0,0.0,0.8661782178217823,0.13564356435643563,2.028196589447309,2.549393862620053,0.92445,0.003997431540106184,0.0020268524682831826,0.0,0
270,40,Normal,20.0,0.0,clean,0.3,QFactor,500,0.0,0.0,0.8891485148514852,0.45029702970297036,7.421377183499175,9.243010740099335,0.9994500000000001,0.003997431540106184,0.04859239558307079,0.0005,0
271,40,Normal,20.0,0.05,lower,0.3,MaxMin,500,2.0,2.0,0.7977029702970296,0.5317821782178218,10.101432251199318,11.922304040898009,0.9496999999999998,0.00272485773929553,0.05305074513599729,5e-05,0
271,40,Normal,20.0,0.05,lower,0.3,MeanSD,500,2.0,2.0,0.8867524752475248,0.11348514851485149,1.6401435925887247,2.0462478200866587,0.88675,0.02553412389266436,0.04395846056353085,0.0,0
271,40,Normal,20.0,0.05,lower,0.3,MedianMAD,500,2.0,2.0,0.8516237623762377,0.14908910891089108,2.2068469880573556,2.807831720093117,0.8833,0.043702744304213205,0.04510356401423338,0.0,0
271,40,Normal,20.0,0.05,lower,0.3,Percentile,500,2.0,2.0,0.8653861386138614,0.13655445544554456,2.026882736269167,2.5486518822151685,0.87475,0.0024899597987917813,0.0006224899496981605,0.0,0
271,40,Normal,20.0,0.05,lower,0.3,QFactor,500,2.0,2.0,0.8857029702970297,0.45400000000000007,7.543693828580577,9.40765138337522,0.9496999999999998,0.00272485773929553,0.046996386135037496,0.0002,0
272,40,Normal,20.0,0.05,upper,0.3,MaxMin,500,2.0,2.0,0.8427722772277229,0.5764752475247524,11.17304345290833,13.07202165726072,0.9995,0.003503505258765343,0.04788331126032605,0.0,0
272,40,Normal,20.0,0.05,upper,0.3,MeanSD,500,2.0,2.0,0.8958019801980198,0.2098415841584158,3.0759450333931877,3.762314301106572,0.9610499999999998,0.022251691521120408,0.040727301620158286,0.0,0
272,40,Normal,20.0,0.05,upper,0.3,MedianMAD,500,2.0,2.0,0.8426534653465347,0.16253465346534654,2.4055889837802704,3.094043734060236,0.9397000000000001,0.04049307815858797,0.043909579410881486,0.0,0
272,40,Normal,20.0,0.05,upper,0.3,Percentile,500,2.0,2.0,0.8552277227722772,0.17124752475247523,2.525142923776982,3.3206217251331176,0.9245500000000002,0.003327106742885947,0.0016635533714433972,0.0,0
272,40,Normal,20.0,0.05,upper,0.3,QFactor,500,2.0,2.0,0.9812673267326734,0.0521980198019802,0.7986922674681746,1.0540219354426152,0.9995,0.003503505258765343,0.036646734071356865,0.00045,0
273,40,Compressed Normal,20.0,0.0,clean,0.3,MaxMin,500,0.0,0.0,0.9282772277227723,0.21433663366336633,4.015844777264835,4.716512246151798,1.0,0.0,0.05563391474913054,0.0,0
273,40,Compressed Normal,20.0,0.0,clean,0.3,MeanSD,500,0.0,0.0,0.9632871287128713,0.03671287128712871,0.5423420057729804,0.691027981699136,0.9359,0.025445725966061147,0.04551858145710201,0.0,0
273,40,Compressed Normal,20.0,0.0,clean,0.3,MedianMAD,500,0.0,0.0,0.9498019801980199,0.0501980198019802,0.741017311044862,0.9413735406098261,0.9303,0.043854948558013966,0.04640154977348491,0.0,0
273,40,Compressed Normal,20.0,0.0,clean,0.3,Percentile,500,0.0,0.0,0.9538415841584158,0.0465940594059406,0.6764606252024964,0.8594772855461097,0.9250000000000003,2.222669831529484e-16,6.32071733341197e-16,0.0,0
273,40,Compressed Normal,20.0,0.0,clean,0.3,QFactor,500,0.0,0.0,0.9628712871287128,0.27611881188118814,3.72291716746672,4.552186316944978,1.0,0.0,0.0409106058502389,0.0,0
274,40,Compressed Normal,20.0,0.05,lower,0.3,MaxMin,500,2.0,2.0,0.926831683168317,0.2147128712871287,4.054133201229073,4.7662394114450946,0.9499999999999997,2.222669831529484e-16,0.05355358954054874,0.0,0
274,40,Compressed Normal,20.0,0.05,lower,0.3,MeanSD,500,2.0,2.0,0.9601584158415841,0.03984158415841584,0.5785996182621058,0.7257063353470332,0.8888,0.026046436102993734,0.044097307720018325,0.0,0
274,40,Compressed Normal,20.0,0.05,lower,0.3,MedianMAD,500,2.0,2.0,0.9479405940594059,0.05205940594059406,0.768245684680008,0.9873360515096599,0.8835,0.04532503411399566,0.04509137250269042,0.0,0
274,40,Compressed Normal,20.0,0.05,lower,0.3,Percentile,500,2.0,2.0,0.9526930693069308,0.04811881188118812,0.6961234874802663,0.8774348290920149,0.875,0.0,4.1501413260589586e-16,0.0,0
274,40,Compressed Normal,20.0,0.05,lower,0.3,QFactor,500,2.0,2.0,0.9609108910891089,0.27594059405940596,3.73345896393447,4.577289857056808,0.9499999999999997,2.222669831529484e-16,0.04007890804228347,0.0,0
275,40,Compressed Normal,20.0,0.05,upper,0.3,MaxMin,500,2.0,2.0,0.9382772277227722,0.45592079207920794,13.418974540240068,14.106668495951393,1.0,0.0,0.04011243117028657,0.0,0
275,40,Compressed Normal,20.0,0.05,upper,0.3,MeanSD,500,2.0,2.0,0.9656633663366336,0.24643564356435643,4.934761682620088,5.79150854754841,0.9996499999999999,0.002940202302420419,0.02771245288695018,0.0,0
275,40,Compressed Normal,20.0,0.05,upper,0.3,MedianMAD,500,2.0,2.0,0.9499207920792079,0.05586138613861386,0.8114737088249165,1.0491560264188393,0.9361499999999998,0.043193272828477236,0.04410194713139833,0.0,0
275,40,Compressed Normal,20.0,0.05,upper,0.3,Percentile,500,2.0,2.0,0.9507722772277227,0.05885148514851486,0.8542046611529929,1.123972711197441,0.9250000000000003,2.222669831529484e-16,6.32071733341197e-16,0.0,0
275,40,Compressed Normal,20.0,0.05,upper,0.3,QFactor,500,2.0,2.0,0.9792871287128715,0.5068712871287129,9.345571280639808,11.240911654996669,1.0,0.0,0.017251435099693367,0.0,0
276,40,Uniform,20.0,0.0,clean,0.3,MaxMin,500,0.0,0.0,0.8101386138613861,0.27851485148514854,4.048381809161795,5.336161491673744,0.8730999999999999,0.05272047892228969,0.05318673050446383,0.0462,0
276,40,Uniform,20.0,0.0,clean,0.3,MeanSD,500,0.0,0.0,0.8065940594059406,0.1937029702970297,2.808031407225396,3.494763063577002,0.8365,0.052662098260384316,0.046082322525805214,0.0263,0
276,40,Uniform,20.0,0.0,clean,0.3,MedianMAD,500,0.0,0.0,0.7218019801980198,0.27980198019801983,4.1499944932640345,5.242129047248643,0.8408,0.06350926588858838,0.047301613516002594,0.0322,0
276,40,Uniform,20.0,0.0,clean,0.3,Percentile,500,0.0,0.0,0.76,0.24405940594059405,3.5809475284221253,4.492896967411089,0.81525,0.0491530216678299,0.015370551757062832,0.0223,0
276,40,Uniform,20.0,0.0,clean,0.3,QFactor,500,0.0,0.0,0.8857425742574256,0.2682772277227723,3.9704084042106165,5.355428942345299,0.8730999999999999,0.05272047892228969,0.05149499932765909,0.0469,0
277,40,Uniform,20.0,0.05,lower,0.3,MaxMin,500,2.0,2.0,0.7949900990099009,0.28823762376237627,4.236345520877333,5.628712838515606,0.8299,0.052502409525773425,0.053215857899827954,0.0424,0
277,40,Uniform,20.0,0.05,lower,0.3,MeanSD,500,2.0,2.0,0.8117821782178217,0.1882178217821782,2.726145549833418,3.479550068619319,0.79745,0.05448104136060058,0.04652622053131456,0.02495,0
277,40,Uniform,20.0,0.05,lower,0.3,MedianMAD,500,2.0,2.0,0.71419801980198,0.287009900990099,4.304190244201803,5.468351322403592,0.8018,0.06361882354632815,0.04794589803024873,0.03415,0
277,40,Uniform,20.0,0.05,lower,0.3,Percentile,500,2.0,2.0,0.7609504950495048,0.2463960396039604,3.637677748705676,4.600697085568459,0.7720999999999999,0.046539465442647435,0.01532373194133912,0.0197,0
277,40,Uniform,20.0,0.05,lower,0.3,QFactor,500,2.0,2.0,0.8765742574257427,0.2722970297029703,4.102064478146159,5.605094372800852,0.8299,0.052502409525773425,0.050402572166236885,0.04435,0
278,40,Uniform,20.0,0.05,upper,0.3,MaxMin,500,2.0,2.0,0.8667722772277228,0.22651485148514852,3.294411506177874,4.641285452521073,0.88,0.049949874674116254,0.051505236835274054,0.04075,0
278,40,Uniform,20.0,0.05,upper,0.3,MeanSD,500,2.0,2.0,0.8107524752475247,0.27851485148514854,3.908040052857545,4.821240664798238,0.8505499999999999,0.05092774066792163,0.045220616484762895,0.0261,0
278,40,Uniform,20.0,0.05,upper,0.3,MedianMAD,500,2.0,2.0,0.7097821782178219,0.3045346534653465,4.556245859654449,5.965256063918396,0.8523,0.05802105553824011,0.046150100906510436,0.0341,0
278,40,Uniform,20.0,0.05,upper,0.3,Percentile,500,2.0,2.0,0.7502970297029703,0.29599999999999993,4.324906331807625,5.430625588131328,0.823,0.04746584047527282,0.01480538702674201,0.01945,0
278,40,Uniform,20.0,0.05,upper,0.3,QFactor,500,2.0,2.0,0.9806732673267327,0.04178217821782178,0.6642889887947133,0.9065511552315131,0.88,0.049949874674116254,0.04937850767875747,0.042,0
279,40,Right-skewed,20.0,0.0,clean,0.3,MaxMin,500,0.0,0.0,0.8461980198019803,0.36996039603960396,7.78342046887927,10.494530742478641,0.6666500000000001,0.07322739927109262,0.05395572182370534,0.1351,0
279,40,Right-skewed,20.0,0.0,clean,0.3,MeanSD,500,0.0,0.0,0.8938415841584157,0.10615841584158416,1.5364277797866936,2.1185340803235606,0.6636,0.0723914431551421,0.04660389823084076,0.11705,0
279,40,Right-skewed,20.0,0.0,clean,0.3,MedianMAD,500,0.0,0.0,0.8636039603960395,0.13825742574257427,2.086668737475672,2.847901560306968,0.6652,0.07267753468642282,0.04650056771405765,0.13275,0
279,40,Right-skewed,20.0,0.0,clean,0.3,Percentile,500,0.0,0.0,0.8667326732673266,0.13811881188118813,2.0513395203462004,2.7299778112852526,0.6498,0.06401684397582601,0.020911450318994575,0.0871,0
279,40,Right-skewed,20.0,0.0,clean,0.3,QFactor,500,0.0,0.0,0.8688316831683169,0.4046336633663366,9.43762966330463,11.770574953862365,0.6660499999999999,0.07329318714972852,0.0499800039336768,0.0948,0
280,40,Right-skewed,20.0,0.05,lower,0.3,MaxMin,500,2.0,2.0,0.8474455445544555,0.36691089108910885,7.64819469342999,10.319349778031485,0.6346,0.074086555023638,0.05129186518884317,0.12425,0
280,40,Right-skewed,20.0,0.05,lower,0.3,MeanSD,500,2.0,2.0,0.8904752475247525,0.10952475247524754,1.5799901813950081,2.1245799282442306,0.6322000000000001,0.0729300870367668,0.043920314040063385,0.112,0
280,40,Right-skewed,20.0,0.05,lower,0.3,MedianMAD,500,2.0,2.0,0.8596633663366336,0.14304950495049507,2.1735046594178824,2.9415787351872917,0.6340500000000001,0.07363893593589972,0.04415478442579736,0.12225,0
280,40,Right-skewed,20.0,0.05,lower,0.3,Percentile,500,2.0,2.0,0.8667920792079207,0.13875247524752474,2.0631780936949355,2.7027152354515764,0.61935,0.06816245109647215,0.02120303139617306,0.07885,0
280,40,Right-skewed,20.0,0.05,lower,0.3,QFactor,500,2.0,2.0,0.8692871287128713,0.4018811881188119,9.315947204141318,11.628612262219946,0.63425,0.0741564958162364,0.048489472259674184,0.089,0
281,40,Right-skewed,20.0,0.05,upper,0.3,MaxMin,500,2.0,2.0,0.9406732673267326,0.6232475247524751,11.22013804567042,12.658709875888178,0.6779,0.070810438753569,0.03955294674651759,0.12305,0
281,40,Right-skewed,20.0,0.05,upper,0.3,MeanSD,500,2.0,2.0,0.9092673267326731,0.3924356435643564,7.466802228936387,9.879164437032358,0.70605,0.06679123924047642,0.039034253023673124,0.2495,0
281,40,Right-skewed,20.0,0.05,upper,0.3,MedianMAD,500,2.0,2.0,0.8563168316831683,0.1544950495049505,2.3312899065394723,3.3140729709841157,0.6801999999999999,0.07000186083985256,0.04264924845615764,0.14015,0
281,40,Right-skewed,20.0,0.05,upper,0.3,Percentile,500,2.0,2.0,0.822811881188119,0.2515049504950495,3.6449240307358033,6.167580423101543,0.6608499999999999,0.0628205407544488,0.02088630910783389,0.07485,0
281,40,Right-skewed,20.0,0.05,upper,0.3,QFactor,500,2.0,2.0,0.9819009900990099,0.5065742574257426,8.959133927155088,10.77603246458918,0.6779,0.070810438753569,0.035187605769974394,0.08475,0
282,40,Left-skewed,20.0,0.0,clean,0.3,MaxMin,500,0.0,0.0,0.7986534653465345,0.5508514851485148,12.02507149923095,14.899033598365532,0.9999,0.0015795537281016827,0.05185002904101954,0.0,0
282,40,Left-skewed,20.0,0.0,clean,0.3,MeanSD,500,0.0,0.0,0.8843366336633665,0.11566336633663368,1.6724329884734206,2.141136889970713,0.92145,0.02645841255990956,0.04491565250857117,0.0,0
282,40,Left-skewed,20.0,0.0,clean,0.3,MedianMAD,500,0.0,0.0,0.8371485148514851,0.16326732673267327,2.437082919185291,3.1343566523072828,0.91055,0.05057235040267063,0.04707521298619469,0.0,0
282,40,Left-skewed,20.0,0.0,clean,0.3,Percentile,500,0.0,0.0,0.8604752475247525,0.14514851485148514,2.1054092442133197,2.7025746500770826,0.9249,0.0015795537281016827,0.0007897768640512638,0.0,0
282,40,Left-skewed,20.0,0.0,clean,0.3,QFactor,500,0.0,0.0,0.9342574257425742,0.21918811881188116,3.1154262699956714,3.9978978807127765,0.9999,0.0015795537281016827,0.04163150279333308,0.0001,0
283,40,Left-skewed,20.0,0.05,lower,0.3,MaxMin,500,2.0,2.0,0.794019801980198,0.5513465346534654,12.218473101712426,15.181023627689548,0.9499999999999997,2.222669831529484e-16,0.048678080015886374,0.0,0
283,40,Left-skewed,20.0,0.05,lower,0.3,MeanSD,500,2.0,2.0,0.8764158415841584,0.12362376237623764,1.8115615134815952,2.3427417336030056,0.87685,0.023268225558501096,0.04270575234478022,0.0,0
283,40,Left-skewed,20.0,0.05,lower,0.3,MedianMAD,500,2.0,2.0,0.8353069306930692,0.1656633663366337,2.4725528407628015,3.1661760939657237,0.8651,0.04813131253657007,0.045369248965741925,0.0,0
283,40,Left-skewed,20.0,0.05,lower,0.3,Percentile,500,2.0,2.0,0.8546732673267327,0.15144554455445544,2.2185734042912384,2.8451532703224807,0.875,0.0,4.1501413260589586e-16,0.0,0
283,40,Left-skewed,20.0,0.05,lower,0.3,QFactor,500,2.0,2.0,0.9335841584158416,0.2273663366336634,3.2367516060416404,4.146652682467809,0.9499999999999997,2.222669831529484e-16,0.03937043134125811,0.0,0
284,40,Left-skewed,20.0,0.05,upper,0.3,MaxMin,500,2.0,2.0,0.812950495049505,0.6306138613861387,13.973796961125748,16.23148934821074,0.9998499999999999,0.0019326070319337465,0.04853131037870221,0.0,0
284,40,Left-skewed,20.0,0.05,upper,0.3,MeanSD,500,2.0,2.0,0.8903960396039603,0.14895049504950494,2.143119435344293,2.6066290809818904,0.9315500000000002,0.024331698730796655,0.041900438333285515,0.0,0
284,40,Left-skewed,20.0,0.05,upper,0.3,MedianMAD,500,2.0,2.0,0.8335247524752475,0.17126732673267325,2.535875713972002,3.2051135726292235,0.9178,0.04593342747410689,0.04393584269127451,0.0,0
284,40,Left-skewed,20.0,0.05,upper,0.3,Percentile,500,2.0,2.0,0.8602178217821783,0.1525148514851485,2.310343014283572,2.8856888630128035,0.9248500000000002,0.001932607031933747,0.0009663035159672951,0.0,0
284,40,Left-skewed,20.0,0.05,upper,0.3,QFactor,500,2.0,2.0,0.9797623762376236,0.02641584158415842,0.39735251926740917,0.6006592702115104,0.9998499999999999,0.0019326070319337465,0.03791364228074493,0.00015,0
285,40,Bimodal,20.0,0.0,clean,0.3,MaxMin,500,0.0,0.0,0.8265544554455445,0.30203960396039603,4.478184536039075,5.77734704944662,0.9046500000000001,0.044453117543302154,0.05383139963529769,0.02945,0
285,40,Bimodal,20.0,0.0,clean,0.3,MeanSD,500,0.0,0.0,0.8137227722772278,0.18742574257425743,2.718749873978164,3.4536790007491587,0.8635499999999999,0.04692602266553616,0.0460937623954803,0.01395,0
285,40,Bimodal,20.0,0.0,clean,0.3,MedianMAD,500,0.0,0.0,0.7327920792079211,0.2701782178217821,4.049925967250222,5.183120938761685,0.8693500000000001,0.05650852969115116,0.04795392350392888,0.02075,0
285,40,Bimodal,20.0,0.0,clean,0.3,Percentile,500,0.0,0.0,0.7720990099009901,0.2377821782178218,3.4868752397954625,4.423268476916313,0.84465,0.041726606852689065,0.014028327764668901,0.01225,0
285,40,Bimodal,20.0,0.0,clean,0.3,QFactor,500,0.0,0.0,0.8931683168316831,0.3360000000000001,4.998634916848212,6.44591063252462,0.9046500000000001,0.044453117543302154,0.05212599052081414,0.031,0
286,40,Bimodal,20.0,0.05,lower,0.3,MaxMin,500,2.0,2.0,0.8152277227722773,0.31126732673267327,4.642510260787552,5.989062126050978,0.8626,0.04401835106476528,0.05220149488631125,0.02745,0
286,40,Bimodal,20.0,0.05,lower,0.3,MeanSD,500,2.0,2.0,0.8141584158415841,0.18588118811881188,2.6958466477883256,3.3798167191942747,0.82135,0.04751254976076889,0.046207201795212496,0.01335,0
286,40,Bimodal,20.0,0.05,lower,0.3,MedianMAD,500,2.0,2.0,0.7355643564356438,0.2676237623762376,4.023120295864405,5.145430490256569,0.82875,0.05789119346291906,0.048394351665488,0.0204,0
286,40,Bimodal,20.0,0.05,lower,0.3,Percentile,500,2.0,2.0,0.7742376237623763,0.2356237623762376,3.4415370657221316,4.332676383068847,0.8005,0.040780830696598235,0.013177736553919727,0.0108,0
286,40,Bimodal,20.0,0.05,lower,0.3,QFactor,500,2.0,2.0,0.8885544554455446,0.3388118811881188,5.073350145024307,6.564906891446676,0.8626,0.04401835106476528,0.05090532762276855,0.03055,0
287,40,Bimodal,20.0,0.05,upper,0.3,MaxMin,500,2.0,2.0,0.8774653465346535,0.26342574257425744,3.8622405260724992,4.975433576853481,0.9080499999999999,0.04594201603842991,0.04979758221308285,0.03075,0
287,40,Bimodal,20.0,0.05,upper,0.3,MeanSD,500,2.0,2.0,0.8296237623762377,0.2566138613861386,3.6499367334298753,4.48520699604013,0.87905,0.04654761929168287,0.04322057718775197,0.0167,0
287,40,Bimodal,20.0,0.05,upper,0.3,MedianMAD,500,2.0,2.0,0.7263762376237626,0.28388118811881186,4.186113691326595,5.308730818637454,0.8809,0.05575758079069843,0.04527088865861409,0.02395,0
287,40,Bimodal,20.0,0.05,upper,0.3,Percentile,500,2.0,2.0,0.7738217821782177,0.25693069306930694,3.802000321222105,4.750079686512206,0.8468,0.0428477754816683,0.014104100047087523,0.01015,0
287,40,Bimodal,20.0,0.05,upper,0.3,QFactor,500,2.0,2.0,0.9800792079207921,0.022970297029702973,0.33268259898400654,0.5037910609797138,0.9080499999999999,0.04594201603842991,0.047547557900972745,0.0324,0
288,50,Normal,20.0,0.0,clean,0.3,MaxMin,500,0.0,0.0,0.80409900990099,0.5180594059405941,9.533073173954373,11.262845545843719,0.9994400000000001,0.003537148971373895,0.050387437987856,0.00012,0
288,50,Normal,20.0,0.0,clean,0.3,MeanSD,500,0.0,0.0,0.9032277227722773,0.09726732673267327,1.4029218521388476,1.7980881542257277,0.9351199999999998,0.02226155325908354,0.04023457258016283,0.0,0
288,50,Normal,20.0,0.0,clean,0.3,MedianMAD,500,0.0,0.0,0.8648118811881188,0.1352871287128713,1.9823621129292077,2.507745939254013,0.9305599999999999,0.04128796182403734,0.04281659134606729,0.0,0
288,50,Normal,20.0,0.0,clean,0.3,Percentile,500,0.0,0.0,0.8807722772277228,0.11932673267326732,1.7706009692294231,2.2758971433624127,0.9195200000000001,0.0033153556621172155,0.0014989211641978212,0.0,0
288,50,Normal,20.0,0.0,clean,0.3,QFactor,500,0.0,0.0,0.9005940594059407,0.44215841584158416,7.116721421029897,8.803670941997336,0.9994400000000001,0.003537148971373895,0.04277969489253021,0.0004,0
289,50,Normal,20.0,0.05,lower,0.3,MaxMin,500,2.5,2.0,0.796019801980198,0.5225346534653464,9.679530975654005,11.40957718996527,0.9596400000000002,0.0026616853943087575,0.050479504352246775,4e-05,0
289,50,Normal,20.0,0.05,lower,0.3,MeanSD,500,2.5,2.0,0.9010297029702969,0.09897029702970296,1.4373560943047197,1.831455321771395,0.8962000000000001,0.023906129047004333,0.04035848708314678,0.0,0
289,50,Normal,20.0,0.05,lower,0.3,MedianMAD,500,2.5,2.0,0.8616237623762376,0.1383762376237624,2.031806883921261,2.599137839789469,0.8908400000000001,0.04014121365963088,0.04185319143043797,0.0,0
289,50,Normal,20.0,0.05,lower,0.3,Percentile,500,2.5,2.0,0.8788118811881187,0.12194059405940592,1.8173812531129365,2.316169554449945,0.8796400000000002,0.0026616853943087575,0.0006654213485779065,0.0,0
289,50,Normal,20.0,0.05,lower,0.3,QFactor,500,2.5,2.0,0.8885940594059405,0.437009900990099,7.098857826695436,8.872840989417597,0.9596400000000002,0.0026616853943087575,0.044995935627241634,0.00028,0
290,50,Normal,20.0,0.05,upper,0.3,MaxMin,500,2.5,2.0,0.8463366336633662,0.5601188118811882,10.466924390362154,12.288241215649602,0.9996000000000002,0.0028028042070122744,0.044610345019725446,4e-05,0
290,50,Normal,20.0,0.05,upper,0.3,MeanSD,500,2.5,2.0,0.9062574257425742,0.17473267326732672,2.507347849427854,3.084474410595814,0.95704,0.021282487838059586,0.03711860889758065,0.0,0
290,50,Normal,20.0,0.05,upper,0.3,MedianMAD,500,2.5,2.0,0.8603366336633664,0.14237623762376236,2.092761802485129,2.723224286017494,0.93724,0.03833695141358235,0.03975375927863859,0.0,0
290,50,Normal,20.0,0.05,upper,0.3,Percentile,500,2.5,2.0,0.86990099009901,0.14374257425742576,2.081367477425433,2.7156915439121683,0.9196,0.0028028042070122753,0.0014014021035067396,0.0,0
290,50,Normal,20.0,0.05,upper,0.3,QFactor,500,2.5,2.0,0.9818217821782177,0.05346534653465347,0.8223532727660976,1.078632959342341,0.9996000000000002,0.0028028042070122744,0.03414835971358794,0.0004,0
291,50,Compressed Normal,20.0,0.0,clean,0.3,MaxMin,500,0.0,0.0,0.9260990099009901,0.2100990099009901,3.8578651848437446,4.534733554744747,1.0,0.0,0.052273954743685735,0.0,0
291,50,Compressed Normal,20.0,0.0,clean,0.3,MeanSD,500,0.0,0.0,0.96590099009901,0.0340990099009901,0.4970754938461823,0.6249792258074914,0.9343999999999999,0.023257726537376212,0.04030138193328662,0.0,0
291,50,Compressed Normal,20.0,0.0,clean,0.3,MedianMAD,500,0.0,0.0,0.9558019801980198,0.0442970297029703,0.6536241003256156,0.8431816152125619,0.9292399999999998,0.0414397986702114,0.041677119970576645,0.0,0
291,50,Compressed Normal,20.0,0.0,clean,0.3,Percentile,500,0.0,0.0,0.9581386138613861,0.04194059405940595,0.6032073948956072,0.7591422412737467,0.9200000000000002,1.111334915764742e-16,1.4516812337176945e-15,0.0,0
291,50,Compressed Normal,20.0,0.0,clean,0.3,QFactor,500,0.0,0.0,0.9622772277227722,0.26988118811881184,3.6219040876957926,4.435018494841094,1.0,0.0,0.03832723440371376,0.0,0
292,50,Compressed Normal,20.0,0.05,lower,0.3,MaxMin,500,2.5,2.0,0.9321782178217822,0.21102970297029702,3.8786782171369594,4.551070260107103,0.9600000000000002,2.222669831529484e-16,0.050233633215053586,0.0,0
292,50,Compressed Normal,20.0,0.05,lower,0.3,MeanSD,500,2.5,2.0,0.9662772277227722,0.033722772277227725,0.4892038911423371,0.6137660055408766,0.8971600000000002,0.021764231287299225,0.03883669814087863,0.0,0
292,50,Compressed Normal,20.0,0.05,lower,0.3,MedianMAD,500,2.5,2.0,0.9541386138613861,0.04586138613861386,0.6628574993158525,0.8463045465875537,0.8912800000000001,0.03938354640525545,0.04039316208294415,0.0,0
292,50,Compressed Normal,20.0,0.05,lower,0.3,Percentile,500,2.5,2.0,0.9581584158415841,0.042039603960396035,0.6065350848784141,0.7675155871151527,0.8800000000000002,2.222669831529484e-16,1.0713963172294468e-15,0.0,0
292,50,Compressed Normal,20.0,0.05,lower,0.3,QFactor,500,2.5,2.0,0.9621782178217823,0.2679207920792079,3.601824661904419,4.40979033749833,0.9600000000000002,2.222669831529484e-16,0.03878083964853966,0.0,0
293,50,Compressed Normal,20.0,0.05,upper,0.3,MaxMin,500,2.5,2.0,0.9402970297029702,0.4557623762376237,13.232761414800244,13.962588765637696,1.0,0.0,0.03754162421748356,0.0,0
293,50,Compressed Normal,20.0,0.05,upper,0.3,MeanSD,500,2.5,2.0,0.9746336633663366,0.22295049504950495,4.214828199582662,4.930471567879673,0.9992000000000001,0.003923108660632061,0.027117395343552488,0.0,0
293,50,Compressed Normal,20.0,0.05,upper,0.3,MedianMAD,500,2.5,2.0,0.9543960396039604,0.04835643564356436,0.6969377610974529,0.8920533293839671,0.9358,0.038933168162459265,0.041188023522326256,0.0,0
293,50,Compressed Normal,20.0,0.05,upper,0.3,Percentile,500,2.5,2.0,0.9556435643564356,0.04932673267326733,0.7018587437318414,0.9178997120188421,0.9200000000000002,1.111334915764742e-16,1.4516812337176945e-15,0.0,0
293,50,Compressed Normal,20.0,0.05,upper,0.3,QFactor,500,2.5,2.0,0.9818217821782177,0.507960396039604,9.36422230873084,11.262289172321791,1.0,0.0,0.01523161746059367,0.0,0
294,50,Uniform,20.0,0.0,clean,0.3,MaxMin,500,0.0,0.0,0.8304158415841584,0.25164356435643565,3.6103270261683518,4.833560744215499,0.87272,0.04890588073371833,0.04796581108916303,0.04768,0
294,50,Uniform,20.0,0.0,clean,0.3,MeanSD,500,0.0,0.0,0.8221188118811881,0.1790891089108911,2.5704483542130387,3.1936634994500857,0.834,0.04932408875451148,0.0412795042740926,0.02464,0
294,50,Uniform,20.0,0.0,clean,0.3,MedianMAD,500,0.0,0.0,0.739029702970297,0.2647524752475247,3.8747708175188382,4.891958622376994,0.8419200000000001,0.0588424887046249,0.04420833716047765,0.03124,0
294,50,Uniform,20.0,0.0,clean,0.3,Percentile,500,0.0,0.0,0.7800792079207922,0.2256039603960396,3.271851495410958,4.086875505277901,0.8228,0.039253556314896264,0.012140294637365158,0.022,0
294,50,Uniform,20.0,0.0,clean,0.3,QFactor,500,0.0,0.0,0.8938019801980198,0.24920792079207923,3.693527426129865,5.002029831447901,0.87272,0.04890588073371833,0.046985732557948225,0.04496,0
295,50,Uniform,20.0,0.05,lower,0.3,MaxMin,500,2.5,2.0,0.8220990099009902,0.2559009900990099,3.694238615840511,4.93711997636165,0.84024,0.04584480223300747,0.04750482884316124,0.04692,0
295,50,Uniform,20.0,0.05,lower,0.3,MeanSD,500,2.5,2.0,0.8321188118811882,0.16788118811881186,2.4273227706604503,3.052049857964999,0.80504,0.04453498770922162,0.04078215331677021,0.02508,0
295,50,Uniform,20.0,0.05,lower,0.3,MedianMAD,500,2.5,2.0,0.7496435643564355,0.25209900990099016,3.688844618299495,4.687564587472142,0.81136,0.05292781032890388,0.042395156056973506,0.03156,0
295,50,Uniform,20.0,0.05,lower,0.3,Percentile,500,2.5,2.0,0.7863168316831683,0.22045544554455443,3.2075917880984197,4.014450056923205,0.7956000000000001,0.03977693312483548,0.012252937989438361,0.02164,0
295,50,Uniform,20.0,0.05,lower,0.3,QFactor,500,2.5,2.0,0.8942574257425742,0.2496039603960396,3.688237781880677,4.9936820359248815,0.84024,0.04584480223300747,0.04530464388761192,0.04456,0
296,50,Uniform,20.0,0.05,upper,0.3,MaxMin,500,2.5,2.0,0.8794257425742574,0.2106138613861386,3.0205161612934015,4.266124349718142,0.87548,0.04721894596150396,0.04596624511969488,0.04776,0
296,50,Uniform,20.0,0.05,upper,0.3,MeanSD,500,2.5,2.0,0.8444950495049505,0.23033663366336632,3.1986124898781667,3.9552834271568784,0.8439200000000001,0.04719627715354579,0.04085154615662876,0.02876,0
296,50,Uniform,20.0,0.05,upper,0.3,MedianMAD,500,2.5,2.0,0.7517425742574257,0.2585544554455446,3.743634437901765,4.823489565907648,0.8488000000000002,0.054025897449189876,0.042015586540614436,0.03584,0
296,50,Uniform,20.0,0.05,upper,0.3,Percentile,500,2.5,2.0,0.7840198019801979,0.2538811881188119,3.6496637700851693,4.582963046215049,0.82456,0.038237817162105954,0.012007573765317222,0.02256,0
296,50,Uniform,20.0,0.05,upper,0.3,QFactor,500,2.5,2.0,0.9814257425742574,0.04400000000000001,0.712327494050224,0.9615040824306552,0.87548,0.04721894596150396,0.044196150840671244,0.04668,0
297,50,Right-skewed,20.0,0.0,clean,0.3,MaxMin,500,0.0,0.0,0.8575445544554455,0.359029702970297,7.209259649747307,9.756249640564214,0.66676,0.0680202610390731,0.047586680268468885,0.143,0
297,50,Right-skewed,20.0,0.0,clean,0.3,MeanSD,500,0.0,0.0,0.9020792079207921,0.09792079207920792,1.4057549481396623,1.9410065545874076,0.66404,0.06667961263746937,0.04028703864355758,0.12124,0
297,50,Right-skewed,20.0,0.0,clean,0.3,MedianMAD,500,0.0,0.0,0.872,0.12863366336633664,1.9344120395311024,2.674801080281577,0.66604,0.06680452146506516,0.04066692582318164,0.13984,0
297,50,Right-skewed,20.0,0.0,clean,0.3,Percentile,500,0.0,0.0,0.8742376237623762,0.12867326732673268,1.8736854127972449,2.4814332117187607,0.6503599999999999,0.06230597458460846,0.018593036909966724,0.08724,0
297,50,Right-skewed,20.0,0.0,clean,0.3,QFactor,500,0.0,0.0,0.8764554455445545,0.3955841584158416,8.739788232052101,10.921597519526635,0.66608,0.0682785289460022,0.04556101869581971,0.09244,0
298,50,Right-skewed,20.0,0.05,lower,0.3,MaxMin,500,2.5,2.0,0.843960396039604,0.3554455445544555,7.18533956804258,9.778407312956535,0.641,0.06474708000162999,0.046762462865903784,0.13348,0
298,50,Right-skewed,20.0,0.05,lower,0.3,MeanSD,500,2.5,2.0,0.9000594059405941,0.1003762376237624,1.4374121705790714,1.9748137859859634,0.63896,0.06400556088065548,0.040151377825831835,0.11472,0
298,50,Right-skewed,20.0,0.05,lower,0.3,MedianMAD,500,2.5,2.0,0.8722970297029703,0.127980198019802,1.9050651314978215,2.6136255231789676,0.6410399999999999,0.06424307546725158,0.04073616443030357,0.131,0
298,50,Right-skewed,20.0,0.05,lower,0.3,Percentile,500,2.5,2.0,0.8748514851485149,0.12867326732673268,1.8735973421992904,2.484493458281285,0.62328,0.05983646383944842,0.018215460719887538,0.0814,0
298,50,Right-skewed,20.0,0.05,lower,0.3,QFactor,500,2.5,2.0,0.8637425742574257,0.3908712871287129,8.700243640341103,10.950800681125617,0.64056,0.06523954933623614,0.0439515886172903,0.08676,0
299,50,Right-skewed,20.0,0.05,upper,0.3,MaxMin,500,2.5,2.0,0.9445940594059405,0.6166732673267328,11.004687180813525,12.475667897549538,0.6811200000000001,0.06787015777669349,0.036877754673002194,0.1344,0
299,50,Right-skewed,20.0,0.05,upper,0.3,MeanSD,500,2.5,2.0,0.9164950495049505,0.3506138613861386,6.23393355257605,8.234131450713367,0.70296,0.06293456856005035,0.03677039620048478,0.23916,0
299,50,Right-skewed,20.0,0.05,upper,0.3,MedianMAD,500,2.5,2.0,0.8636831683168317,0.1442178217821782,2.1139099386752656,2.9510056319431692,0.6834399999999999,0.06633375259599696,0.04053591882905813,0.13548,0
299,50,Right-skewed,20.0,0.05,upper,0.3,Percentile,500,2.5,2.0,0.856,0.17752475247524752,2.5285603378127073,3.7360566589164232,0.6631199999999999,0.06369914254935498,0.018860654820475845,0.07856,0
299,50,Right-skewed,20.0,0.05,upper,0.3,QFactor,500,2.5,2.0,0.9825346534653466,0.5072475247524753,8.96965675140383,10.788387662920185,0.6811200000000001,0.06787015777669349,0.0323337677606013,0.08664,0
300,50,Left-skewed,20.0,0.0,clean,0.3,MaxMin,500,0.0,0.0,0.7895643564356435,0.5382574257425742,11.49076477446545,14.324989142968343,0.9999600000000001,0.0008944271909999168,0.04787949119708801,0.0,0
300,50,Left-skewed,20.0,0.0,clean,0.3,MeanSD,500,0.0,0.0,0.8953861386138614,0.10461386138613861,1.5208025640040017,1.947217681963438,0.92372,0.024085718666615984,0.03990213593915713,0.0,0
300,50,Left-skewed,20.0,0.0,clean,0.3,MedianMAD,500,0.0,0.0,0.8521782178217823,0.1481782178217822,2.1668073507866263,2.764586452273865,0.9155599999999999,0.04628359041261779,0.04253208558750685,0.0,0
300,50,Left-skewed,20.0,0.0,clean,0.3,Percentile,500,0.0,0.0,0.8722772277227724,0.1321980198019802,1.9019288624451294,2.4510228281766904,0.91996,0.0008944271909999168,0.00044721359550055904,0.0,0
300,50,Left-skewed,20.0,0.0,clean,0.3,QFactor,500,0.0,0.0,0.9389900990099009,0.20619801980198021,2.926299711483358,3.760872572642596,0.9999600000000001,0.0008944271909999168,0.03808195716616346,4e-05,0
301,50,Left-skewed,20.0,0.05,lower,0.3,MaxMin,500,2.5,2.0,0.7943960396039604,0.5423564356435644,11.669502796123,14.50978570908329,0.9600000000000002,2.222669831529484e-16,0.0449836412507645,0.0,0
301,50,Left-skewed,20.0,0.05,lower,0.3,MeanSD,500,2.5,2.0,0.8925148514851485,0.10772277227722771,1.5552310057800707,1.9903462110938615,0.8845200000000002,0.021139142051022488,0.03896617565740913,0.0,0
301,50,Left-skewed,20.0,0.05,lower,0.3,MedianMAD,500,2.5,2.0,0.8538019801980199,0.14655445544554457,2.155188569664547,2.754321905160421,0.8742000000000001,0.04397986422118454,0.041868710067271074,0.0,0
301,50,Left-skewed,20.0,0.05,lower,0.3,Percentile,500,2.5,2.0,0.8722178217821783,0.13065346534653466,1.8887117803956601,2.415634675306595,0.8800000000000002,2.222669831529484e-16,1.0713963172294468e-15,0.0,0
301,50,Left-skewed,20.0,0.05,lower,0.3,QFactor,500,2.5,2.0,0.938930693069307,0.2005940594059406,2.844834928637333,3.6699179554594354,0.9600000000000002,2.222669831529484e-16,0.03522492469757295,0.0,0
302,50,Left-skewed,20.0,0.05,upper,0.3,MaxMin,500,2.5,2.0,0.8234257425742574,0.6202376237623763,13.293483138650817,15.460981470454103,0.9999600000000001,0.0008944271909999167,0.04514917483307532,0.0,0
302,50,Left-skewed,20.0,0.05,upper,0.3,MeanSD,500,2.5,2.0,0.8997821782178218,0.12736633663366337,1.8321199749464772,2.274397809170606,0.92852,0.022760617113399283,0.039307925699739496,0.0,0
302,50,Left-skewed,20.0,0.05,upper,0.3,MedianMAD,500,2.5,2.0,0.850039603960396,0.15128712871287128,2.246110992258432,2.90375078046779,0.9166400000000001,0.0437142112422157,0.04076604530595064,0.0,0
302,50,Left-skewed,20.0,0.05,upper,0.3,Percentile,500,2.5,2.0,0.868910891089109,0.13801980198019803,2.0719552845381344,2.6167704241029006,0.91996,0.0008944271909999168,0.0004472135955005595,0.0,0
302,50,Left-skewed,20.0,0.05,upper,0.3,QFactor,500,2.5,2.0,0.9811683168316832,0.02813861386138614,0.4102124716393764,0.5986276654530358,0.9999600000000001,0.0008944271909999167,0.034900648454360916,4e-05,0
303,50,Bimodal,20.0,0.0,clean,0.3,MaxMin,500,0.0,0.0,0.8328910891089107,0.280019801980198,4.121127236507968,5.3536422980232645,0.9029200000000001,0.043239019711960425,0.04743627675922688,0.034,0
303,50,Bimodal,20.0,0.0,clean,0.3,MeanSD,500,0.0,0.0,0.8349108910891089,0.16528712871287124,2.3892761537049085,3.056480103473527,0.8591200000000001,0.04304103462188898,0.04105876735761867,0.0144,0
303,50,Bimodal,20.0,0.0,clean,0.3,MedianMAD,500,0.0,0.0,0.7631683168316832,0.2382970297029703,3.5165551282144714,4.502287584091426,0.8705600000000001,0.052562458314352994,0.04399433824137481,0.02164,0
303,50,Bimodal,20.0,0.0,clean,0.3,Percentile,500,0.0,0.0,0.795980198019802,0.21188118811881188,3.0797285796832448,3.92575597799392,0.84408,0.032320935719306505,0.010581932890929655,0.01172,0
303,50,Bimodal,20.0,0.0,clean,0.3,QFactor,500,0.0,0.0,0.898019801980198,0.3072475247524753,4.511537123634343,5.861176080374486,0.9029200000000001,0.043239019711960425,0.046608191775490845,0.03352,0
304,50,Bimodal,20.0,0.05,lower,0.3,MaxMin,500,2.5,2.0,0.8400594059405939,0.28132673267326735,4.125170292129816,5.365116820992677,0.8682000000000001,0.04186963257857095,0.046685346465363264,0.03284,0
304,50,Bimodal,20.0,0.05,lower,0.3,MeanSD,500,2.5,2.0,0.8292475247524753,0.17106930693069305,2.463891920287758,3.0680901536036704,0.8280400000000001,0.042205699165920325,0.04066780795205382,0.01384,0
304,50,Bimodal,20.0,0.05,lower,0.3,MedianMAD,500,2.5,2.0,0.7536237623762378,0.24908910891089103,3.646885276147869,4.5878688022503935,0.8377600000000001,0.05141468018647354,0.04267567036627484,0.02132,0
304,50,Bimodal,20.0,0.05,lower,0.3,Percentile,500,2.5,2.0,0.7917623762376237,0.21663366336633663,3.126705432621813,3.912212156774926,0.81644,0.03348984232686316,0.011027960655251938,0.0114,0
304,50,Bimodal,20.0,0.05,lower,0.3,QFactor,500,2.5,2.0,0.9006534653465346,0.3172871287128713,4.651596037370407,6.023004658764196,0.8682000000000001,0.04186963257857095,0.04526391254287497,0.0322,0
305,50,Bimodal,20.0,0.05,upper,0.3,MaxMin,500,2.5,2.0,0.8869504950495049,0.2511089108910891,3.677876104660821,4.749758044897766,0.9073199999999999,0.041321089832310316,0.04593835068780877,0.03124,0
305,50,Bimodal,20.0,0.05,upper,0.3,MeanSD,500,2.5,2.0,0.8531485148514852,0.21823762376237626,3.08963762038795,3.8487061031940693,0.87424,0.042830962897949555,0.04081344646277453,0.01616,0
305,50,Bimodal,20.0,0.05,upper,0.3,MedianMAD,500,2.5,2.0,0.7547722772277229,0.25306930693069307,3.7339827629346063,4.815336899582939,0.8784,0.05320056955712414,0.04293263605997491,0.02112,0
305,50,Bimodal,20.0,0.05,upper,0.3,Percentile,500,2.5,2.0,0.7968712871287128,0.22877227722772275,3.3623254117803048,4.234669826214522,0.84764,0.030335967792107243,0.010177599247825901,0.011,0
305,50,Bimodal,20.0,0.05,upper,0.3,QFactor,500,2.5,2.0,0.9834059405940594,0.01821782178217822,0.297769800617416,0.4461795254380853,0.9073199999999999,0.041321089832310316,0.04417978589172563,0.03256,0
306,75,Normal,20.0,0.0,clean,0.3,MaxMin,500,0.0,0.0,0.804831683168317,0.4954851485148515,8.792668941954311,10.40371273545665,0.99952,0.00262573801269924,0.04393320516456041,2.6666666666666667e-05,0
306,75,Normal,20.0,0.0,clean,0.3,MeanSD,500,0.0,0.0,0.9192079207920792,0.0807920792079208,1.1656860487925131,1.467948066423467,0.93312,0.01965067452097688,0.03290273962562018,0.0,0
306,75,Normal,20.0,0.0,clean,0.3,MedianMAD,500,0.0,0.0,0.8903168316831683,0.10968316831683168,1.596162141481537,2.0255158063948686,0.9304000000000001,0.03357321832419339,0.03512977148808896,0.0,0
306,75,Normal,20.0,0.0,clean,0.3,Percentile,500,0.0,0.0,0.90009900990099,0.0999009900990099,1.4817756475236954,1.8734713236006268,0.9328533333333334,0.002625738012699242,0.0007051039144452007,0.0,0
306,75,Normal,20.0,0.0,clean,0.3,QFactor,500,0.0,0.0,0.8992673267326733,0.4132475247524752,6.459174580982874,8.066731662050604,0.99952,0.00262573801269924,0.03765646427156577,0.0004,0
307,75,Normal,20.0,0.05,lower,0.3,MaxMin,500,3.75,4.0,0.807029702970297,0.5008910891089109,8.947443876574935,10.574065719789802,0.9462133333333334,0.002418808508861003,0.044147567094418444,8e-05,0
307,75,Normal,20.0,0.05,lower,0.3,MeanSD,500,3.75,4.0,0.9170297029702971,0.08297029702970297,1.1967226890144282,1.5300967165475128,0.8821866666666666,0.017651486401052876,0.03227755518629792,0.0,0
307,75,Normal,20.0,0.05,lower,0.3,MedianMAD,500,3.75,4.0,0.8842970297029704,0.11570297029702971,1.6909223510770202,2.208065339795171,0.8791466666666667,0.03267050813779517,0.03450709770709433,0.0,0
307,75,Normal,20.0,0.05,lower,0.3,Percentile,500,3.75,4.0,0.8973069306930693,0.10269306930693069,1.5227688602771465,1.9272296772017268,0.8795466666666669,0.002418808508861002,0.0018141063816458896,0.0,0
307,75,Normal,20.0,0.05,lower,0.3,QFactor,500,3.75,4.0,0.8951683168316832,0.413009900990099,6.485749842529052,8.125818965059375,0.9462133333333334,0.002418808508861003,0.037902014176194924,0.0004,0
308,75,Normal,20.0,0.05,upper,0.3,MaxMin,500,3.75,4.0,0.8610495049504951,0.5565148514851485,10.03073784045424,11.676718899192041,0.99952,0.0024863555513754848,0.03799869107860629,5.333333333333333e-05,0
308,75,Normal,20.0,0.05,upper,0.3,MeanSD,500,3.75,4.0,0.9202970297029703,0.20754455445544553,3.0130467337131726,3.651220826163461,0.95904,0.017065063384945876,0.030513820791424038,0.0,0
308,75,Normal,20.0,0.05,upper,0.3,MedianMAD,500,3.75,4.0,0.8810297029702969,0.1314851485148515,1.8907432009713965,2.413518136664626,0.9398133333333334,0.0317578345206378,0.03307525405633497,0.0,0
308,75,Normal,20.0,0.05,upper,0.3,Percentile,500,3.75,4.0,0.8836237623762377,0.1577029702970297,2.266350231698937,3.1272321222938344,0.9329333333333334,0.0022767741949527892,0.0005691935487384546,0.0,0
308,75,Normal,20.0,0.05,upper,0.3,QFactor,500,3.75,4.0,0.9859009900990099,0.0403960396039604,0.6243985683506118,0.8254726004654437,0.99952,0.0024863555513754848,0.027434564268350857,0.0004,0
309,75,Compressed Normal,20.0,0.0,clean,0.3,MaxMin,500,0.0,0.0,0.9291485148514851,0.20340594059405936,3.57689425242936,4.2040871958409,1.0,0.0,0.0460159684806043,0.0,0
309,75,Compressed Normal,20.0,0.0,clean,0.3,MeanSD,500,0.0,0.0,0.974039603960396,0.026198019801980197,0.39420178736917155,0.4949396391426743,0.9334133333333333,0.018637461646369827,0.032899374426899546,0.0,0
309,75,Compressed Normal,20.0,0.0,clean,0.3,MedianMAD,500,0.0,0.0,0.9633069306930693,0.03669306930693069,0.5261724205784553,0.6699857507441683,0.9308800000000002,0.03273108313456613,0.034439352622901306,0.0,0
309,75,Compressed Normal,20.0,0.0,clean,0.3,Percentile,500,0.0,0.0,0.9663168316831683,0.033683168316831685,0.4857420658678523,0.6144804153672875,0.9333333333333335,1.111334915764742e-16,4.827361040353099e-16,0.0,0
309,75,Compressed Normal,20.0,0.0,clean,0.3,QFactor,500,0.0,0.0,0.9599009900990098,0.24942574257425743,3.3139077446743923,4.070822696139441,1.0,0.0,0.03541210311069977,0.0,0
310,75,Compressed Normal,20.0,0.05,lower,0.3,MaxMin,500,3.75,4.0,0.9339801980198019,0.20419801980198019,3.60261085566519,4.236033691014621,0.9466666666666668,1.111334915764742e-16,0.04287417148782658,0.0,0
310,75,Compressed Normal,20.0,0.05,lower,0.3,MeanSD,500,3.75,4.0,0.9735445544554455,0.02645544554455445,0.3960794063415007,0.5086658564549363,0.8841866666666667,0.018160343748371235,0.031576346379479106,0.0,0
310,75,Compressed Normal,20.0,0.05,lower,0.3,MedianMAD,500,3.75,4.0,0.9622970297029704,0.0377029702970297,0.5397312071489019,0.6807246477797035,0.8807200000000001,0.03309085890725372,0.033660493277167164,0.0,0
310,75,Compressed Normal,20.0,0.05,lower,0.3,Percentile,500,3.75,4.0,0.9654455445544555,0.03455445544554456,0.4968842552244571,0.638389480654335,0.8800000000000002,2.222669831529484e-16,4.566891919470738e-16,0.0,0
310,75,Compressed Normal,20.0,0.05,lower,0.3,QFactor,500,3.75,4.0,0.9623762376237625,0.251980198019802,3.340236330426529,4.101219944820893,0.9466666666666668,1.111334915764742e-16,0.03416576086999572,0.0,0
311,75,Compressed Normal,20.0,0.05,upper,0.3,MaxMin,500,3.75,4.0,0.9431287128712871,0.45754455445544556,13.127364020358039,13.936038423978063,1.0,0.0,0.034353675393869444,0.0,0
311,75,Compressed Normal,20.0,0.05,upper,0.3,MeanSD,500,3.75,4.0,0.9757623762376237,0.251980198019802,5.094772202771874,5.973308372094944,0.9997066666666667,0.0019577364814827637,0.02051543728711467,0.0,0
311,75,Compressed Normal,20.0,0.05,upper,0.3,MedianMAD,500,3.75,4.0,0.9603168316831684,0.044930693069306936,0.6324421778750544,0.8052135262690189,0.9381333333333335,0.03373941029011267,0.032883077973029806,0.0,0
311,75,Compressed Normal,20.0,0.05,upper,0.3,Percentile,500,3.75,4.0,0.9612475247524752,0.05293069306930693,0.7569573398738126,1.0563269855032846,0.9333333333333335,1.111334915764742e-16,4.827361040353099e-16,0.0,0
311,75,Compressed Normal,20.0,0.05,upper,0.3,QFactor,500,3.75,4.0,0.9855643564356436,0.5128910891089109,9.52793572541412,11.456326516791712,1.0,0.0,0.0121828474819684,0.0,0
312,75,Uniform,20.0,0.0,clean,0.3,MaxMin,500,0.0,0.0,0.8612277227722773,0.2101980198019802,2.972806042446053,4.010163927115891,0.8729866666666667,0.03753558157552471,0.03907422251529373,0.05408,0
312,75,Uniform,20.0,0.0,clean,0.3,MeanSD,500,0.0,0.0,0.8613861386138614,0.13861386138613863,2.0157239959471016,2.541159146430816,0.8351733333333333,0.037529962200783674,0.03405300288686288,0.025493333333333333,0
312,75,Uniform,20.0,0.0,clean,0.3,MedianMAD,500,0.0,0.0,0.7898415841584159,0.21063366336633665,3.046495416155402,3.9118599825170146,0.8472799999999999,0.0448414590108951,0.03558601095750501,0.033626666666666666,0
312,75,Uniform,20.0,0.0,clean,0.3,Percentile,500,0.0,0.0,0.8221386138613862,0.18154455445544554,2.615777509244182,3.2877745401517733,0.8237333333333333,0.03401598901031739,0.010028951790118482,0.0236,0
312,75,Uniform,20.0,0.0,clean,0.3,QFactor,500,0.0,0.0,0.9087524752475247,0.21312871287128712,3.129663407283687,4.225887898105763,0.8729866666666667,0.03753558157552471,0.037391225201515214,0.04701333333333333,0
313,75,Uniform,20.0,0.05,lower,0.3,MaxMin,500,3.75,4.0,0.8611089108910892,0.20728712871287128,2.949755930803083,4.030532973114518,0.8230933333333333,0.03908591727168558,0.03878145830401718,0.05226666666666667,0
313,75,Uniform,20.0,0.05,lower,0.3,MeanSD,500,3.75,4.0,0.8547722772277228,0.14522772277227722,2.109937446461633,2.6414782821415628,0.7872266666666667,0.03795774232785029,0.03297971600585956,0.025146666666666668,0
313,75,Uniform,20.0,0.05,lower,0.3,MedianMAD,500,3.75,4.0,0.781247524752475,0.21883168316831686,3.1916322775375385,4.085264951108989,0.7989333333333334,0.04467772223821911,0.03481285736476082,0.03333333333333333,0
313,75,Uniform,20.0,0.05,lower,0.3,Percentile,500,3.75,4.0,0.8132277227722772,0.18980198019801983,2.756830031052075,3.4356427270032865,0.7761866666666666,0.03272580362822115,0.010536253575537318,0.022826666666666665,0
313,75,Uniform,20.0,0.05,lower,0.3,QFactor,500,3.75,4.0,0.9103762376237624,0.20869306930693068,3.0533270244587487,4.165286090744421,0.8230933333333333,0.03908591727168558,0.03712359360596507,0.04525333333333333,0
314,75,Uniform,20.0,0.05,upper,0.3,MaxMin,500,3.75,4.0,0.9064950495049505,0.16293069306930696,2.283287326912843,3.2959958095731707,0.88032,0.03737888241494211,0.03838880402001909,0.05130666666666667,0
314,75,Uniform,20.0,0.05,upper,0.3,MeanSD,500,3.75,4.0,0.8671089108910891,0.255980198019802,3.5287490717297847,4.319512298928992,0.8503733333333334,0.03812743576838207,0.032239049187618954,0.025626666666666666,0
314,75,Uniform,20.0,0.05,upper,0.3,MedianMAD,500,3.75,4.0,0.7815841584158417,0.2472871287128713,3.5315283847173204,4.494646588338524,0.8595466666666668,0.0434635912866743,0.03399737478063527,0.03458666666666667,0
314,75,Uniform,20.0,0.05,upper,0.3,Percentile,500,3.75,4.0,0.816059405940594,0.27873267326732676,3.9737428019265875,5.088714359766906,0.8295733333333333,0.035388799559585765,0.010293527576177585,0.020213333333333333,0
314,75,Uniform,20.0,0.05,upper,0.3,QFactor,500,3.75,4.0,0.9861782178217823,0.029188118811881186,0.4736813210993248,0.6554829776436636,0.88032,0.03737888241494211,0.03563412759497747,0.04341333333333333,0
315,75,Right-skewed,20.0,0.0,clean,0.3,MaxMin,500,0.0,0.0,0.864970297029703,0.338970297029703,6.389777580591053,8.687632615804,0.6699466666666667,0.056966254313261536,0.04102030259385489,0.14592,0
315,75,Right-skewed,20.0,0.0,clean,0.3,MeanSD,500,0.0,0.0,0.9226930693069307,0.07754455445544556,1.109163158422584,1.5323161725684895,0.6684533333333333,0.05660009292232132,0.03408343608124491,0.11589333333333333,0
315,75,Right-skewed,20.0,0.0,clean,0.3,MedianMAD,500,0.0,0.0,0.8976633663366337,0.10415841584158415,1.494346020668968,2.068643882700013,0.6708533333333332,0.05487323339741312,0.03481781154197123,0.13410666666666668,0
315,75,Right-skewed,20.0,0.0,clean,0.3,Percentile,500,0.0,0.0,0.8965346534653467,0.1057029702970297,1.506144538001569,2.017112281140099,0.6574933333333334,0.0534111923335225,0.015406663621323197,0.08477333333333334,0
315,75,Right-skewed,20.0,0.0,clean,0.3,QFactor,500,0.0,0.0,0.8806336633663366,0.37916831683168317,7.78168965989024,9.745811556280643,0.6694933333333334,0.05700622224199885,0.03798803274716292,0.09069333333333333,0
316,75,Right-skewed,20.0,0.05,lower,0.3,MaxMin,500,3.75,4.0,0.8525346534653465,0.3425742574257426,6.560616457518398,8.934891234749214,0.6278933333333333,0.05448904130516358,0.03990586491666398,0.14581333333333332,0
316,75,Right-skewed,20.0,0.05,lower,0.3,MeanSD,500,3.75,4.0,0.9192475247524752,0.08132673267326733,1.160811889925602,1.5964900535026183,0.6261066666666667,0.054214885377374476,0.03274726301987281,0.11328,0
316,75,Right-skewed,20.0,0.05,lower,0.3,MedianMAD,500,3.75,4.0,0.8897821782178217,0.11102970297029703,1.6138639296762525,2.239284364992324,0.6277866666666666,0.053972364007866466,0.034039728366109995,0.12962666666666667,0
316,75,Right-skewed,20.0,0.05,lower,0.3,Percentile,500,3.75,4.0,0.8935247524752474,0.10786138613861386,1.5518756684522532,2.0862862060644933,0.6159199999999999,0.05161625355270557,0.014955280813789839,0.08496,0
316,75,Right-skewed,20.0,0.05,lower,0.3,QFactor,500,3.75,4.0,0.8711683168316832,0.3786336633663366,7.8850808698145345,9.940517830339461,0.62728,0.054770034406537875,0.036880305293549125,0.08741333333333333,0
317,75,Right-skewed,20.0,0.05,upper,0.3,MaxMin,500,3.75,4.0,0.9554653465346535,0.6150693069306931,10.94747235316467,12.484400304759928,0.688,0.05603065611256362,0.02937371594936867,0.14064,0
317,75,Right-skewed,20.0,0.05,upper,0.3,MeanSD,500,3.75,4.0,0.9338415841584158,0.39689108910891097,7.612526496224868,10.072527180785453,0.7129333333333334,0.052344030919710655,0.029119424434500073,0.24384,0
317,75,Right-skewed,20.0,0.05,upper,0.3,MedianMAD,500,3.75,4.0,0.8906732673267327,0.13223762376237624,1.8635046288025772,2.630479781730767,0.6909333333333333,0.05402292989007367,0.0328786171926012,0.13850666666666667,0
317,75,Right-skewed,20.0,0.05,upper,0.3,Percentile,500,3.75,4.0,0.833960396039604,0.3478415841584159,4.95242582887935,10.006146651960059,0.67528,0.05196076830538373,0.015233174452291692,0.08010666666666667,0
317,75,Right-skewed,20.0,0.05,upper,0.3,QFactor,500,3.75,4.0,0.9853663366336632,0.5130495049504951,9.181803897015836,11.040534482113205,0.688,0.05603065611256362,0.026514254064239066,0.08501333333333333,0
318,75,Left-skewed,20.0,0.0,clean,0.3,MaxMin,500,0.0,0.0,0.8076039603960395,0.5162178217821782,10.280045461319558,12.85146574832301,1.0,0.0,0.040030243196217806,0.0,0
318,75,Left-skewed,20.0,0.0,clean,0.3,MeanSD,500,0.0,0.0,0.9130693069306931,0.08693069306930692,1.2620332727395493,1.6124598269083388,0.9215999999999999,0.018957933720380432,0.03291678097586658,0.0,0
318,75,Left-skewed,20.0,0.0,clean,0.3,MedianMAD,500,0.0,0.0,0.8748712871287129,0.12596039603960396,1.828915193533135,2.323383352184321,0.9105599999999999,0.03584954830343689,0.034720583491215616,0.0,0
318,75,Left-skewed,20.0,0.0,clean,0.3,Percentile,500,0.0,0.0,0.8909900990099009,0.11166336633663367,1.591368623872238,2.0365621672984844,0.9333333333333335,1.111334915764742e-16,4.827361040353099e-16,0.0,0
318,75,Left-skewed,20.0,0.0,clean,0.3,QFactor,500,0.0,0.0,0.9507128712871287,0.18164356435643564,2.564531652805825,3.2741209918345446,1.0,0.0,0.03164210344879903,0.0,0
319,75,Left-skewed,20.0,0.05,lower,0.3,MaxMin,500,3.75,4.0,0.8099801980198019,0.5305544554455446,10.933161968633579,13.597019800995906,0.9466400000000001,0.0005962847939999428,0.03949858978510489,0.0,0
319,75,Left-skewed,20.0,0.05,lower,0.3,MeanSD,500,3.75,4.0,0.9087326732673267,0.09126732673267327,1.3307875523782682,1.685429234552987,0.8713066666666669,0.018000202873742287,0.03211975173803543,0.0,0
319,75,Left-skewed,20.0,0.05,lower,0.3,MedianMAD,500,3.75,4.0,0.8663762376237625,0.13506930693069305,1.9772102539746121,2.505540091669021,0.8631466666666667,0.03639096934328532,0.03436504344630752,0.0,0
319,75,Left-skewed,20.0,0.05,lower,0.3,Percentile,500,3.75,4.0,0.8909900990099011,0.11582178217821783,1.6363126465767168,2.070207726701118,0.8799733333333336,0.0005962847939999429,0.0004472135955000939,0.0,0
319,75,Left-skewed,20.0,0.05,lower,0.3,QFactor,500,3.75,4.0,0.9495643564356436,0.1829108910891089,2.5893164222458167,3.306461569859713,0.9466400000000001,0.0005962847939999428,0.03032788250216642,2.6666666666666667e-05,0
320,75,Left-skewed,20.0,0.05,upper,0.3,MaxMin,500,3.75,4.0,0.8209306930693068,0.607861386138614,12.20474674784365,14.151474293820389,1.0,0.0,0.03779175986409259,0.0,0
320,75,Left-skewed,20.0,0.05,upper,0.3,MeanSD,500,3.75,4.0,0.9134257425742575,0.13936633663366338,2.0028465750743973,2.401004626163313,0.9300266666666667,0.01883016478332279,0.031456126767300696,0.0,0
320,75,Left-skewed,20.0,0.05,upper,0.3,MedianMAD,500,3.75,4.0,0.8694851485148515,0.13722772277227724,2.0129273652777724,2.564693809068146,0.9191466666666668,0.03559314868560521,0.03356372667121969,0.0,0
320,75,Left-skewed,20.0,0.05,upper,0.3,Percentile,500,3.75,4.0,0.8852871287128713,0.13869306930693068,2.121253931255261,2.6797931811221107,0.9333333333333335,1.111334915764742e-16,4.827361040353099e-16,0.0,0
320,75,Left-skewed,20.0,0.05,upper,0.3,QFactor,500,3.75,4.0,0.9857821782178217,0.014297029702970296,0.21978867819504572,0.34341457399444936,1.0,0.0,0.027271885638909726,0.0,0
321,75,Bimodal,20.0,0.0,clean,0.3,MaxMin,500,0.0,0.0,0.8707722772277227,0.238019801980198,3.4385562709134523,4.537043911882305,0.9047999999999999,0.03293252685221658,0.03957959291943297,0.03794666666666666,0
321,75,Bimodal,20.0,0.0,clean,0.3,MeanSD,500,0.0,0.0,0.8687920792079207,0.1312871287128713,1.8948757705680712,2.3697083391855465,0.8592266666666667,0.03578962256094633,0.034642907065838766,0.012746666666666667,0
321,75,Bimodal,20.0,0.0,clean,0.3,MedianMAD,500,0.0,0.0,0.7980396039603961,0.20196039603960395,2.927468818710358,3.730917757492079,0.87224,0.04305682501486519,0.03657384174326113,0.019546666666666667,0
321,75,Bimodal,20.0,0.0,clean,0.3,Percentile,500,0.0,0.0,0.8322376237623762,0.17104950495049503,2.4618807254898245,3.110547858061102,0.8511466666666667,0.030752758826844057,0.009147584461847238,0.01152,0
321,75,Bimodal,20.0,0.0,clean,0.3,QFactor,500,0.0,0.0,0.9143168316831684,0.28077227722772274,4.044610677897167,5.19911346925459,0.9047999999999999,0.03293252685221658,0.03797400405602437,0.0328,0
322,75,Bimodal,20.0,0.05,lower,0.3,MaxMin,500,3.75,4.0,0.8720198019801979,0.23857425742574256,3.480152474777718,4.594132910805448,0.8579466666666666,0.03301325010808131,0.0379035240245258,0.03338666666666667,0
322,75,Bimodal,20.0,0.05,lower,0.3,MeanSD,500,3.75,4.0,0.8586336633663367,0.14136633663366338,2.037829814506208,2.5751509465044236,0.8143733333333333,0.034701169819158564,0.03354296667347696,0.013066666666666667,0
322,75,Bimodal,20.0,0.05,lower,0.3,MedianMAD,500,3.75,4.0,0.7890297029702973,0.21128712871287122,3.0685788389422846,3.922593968068733,0.8273333333333334,0.04172093993684687,0.035862040992718947,0.019466666666666667,0
322,75,Bimodal,20.0,0.05,lower,0.3,Percentile,500,3.75,4.0,0.8250297029702971,0.17928712871287125,2.588056900301871,3.291538430513256,0.8045066666666666,0.030446118143332722,0.009461714550982457,0.011813333333333334,0
322,75,Bimodal,20.0,0.05,lower,0.3,QFactor,500,3.75,4.0,0.9128316831683169,0.2811287128712871,4.0480294570253275,5.2343352123385305,0.8579466666666666,0.03301325010808131,0.03681549571561574,0.030266666666666667,0
323,75,Bimodal,20.0,0.05,upper,0.3,MaxMin,500,3.75,4.0,0.9205940594059405,0.2100990099009901,3.0466451382093758,3.857797635429445,0.9086400000000001,0.03453181726928006,0.0366168131951248,0.03584,0
323,75,Bimodal,20.0,0.05,upper,0.3,MeanSD,500,3.75,4.0,0.8787524752475246,0.24576237623762376,3.4739924077196966,4.261123112027436,0.8755999999999999,0.03500065209177186,0.032680410799888336,0.015546666666666667,0
323,75,Bimodal,20.0,0.05,upper,0.3,MedianMAD,500,3.75,4.0,0.7927326732673268,0.22976237623762374,3.329222031652812,4.262979449115643,0.88328,0.04298686630452025,0.03434906021096758,0.02376,0
323,75,Bimodal,20.0,0.05,upper,0.3,Percentile,500,3.75,4.0,0.8286534653465348,0.23788118811881184,3.486400820417233,4.485627666769605,0.8554933333333333,0.031526885530364576,0.009276469302124366,0.010666666666666666,0
323,75,Bimodal,20.0,0.05,upper,0.3,QFactor,500,3.75,4.0,0.986019801980198,0.013980198019801982,0.23305050113636702,0.34346839240932564,0.9086400000000001,0.03453181726928006,0.035294690270152806,0.031786666666666664,0
324,100,Normal,20.0,0.0,clean,0.3,MaxMin,500,0.0,0.0,0.8082178217821782,0.48198019801980196,8.333065475010416,9.86126542405438,0.9996400000000001,0.0019693035095244356,0.04103833696934138,8e-05,0
324,100,Normal,20.0,0.0,clean,0.3,MeanSD,500,0.0,0.0,0.9307722772277227,0.06922772277227723,1.0066715598456322,1.2599993547957353,0.9337,0.0160943485768211,0.027963739557693837,0.0,0
324,100,Normal,20.0,0.0,clean,0.3,MedianMAD,500,0.0,0.0,0.9048514851485149,0.0955049504950495,1.3782905276356967,1.7695873172579655,0.9317199999999999,0.02914688116012971,0.029415827157067295,0.0,0
324,100,Normal,20.0,0.0,clean,0.3,Percentile,500,0.0,0.0,0.9122574257425743,0.0880990099009901,1.2830544135484165,1.6126902641328211,0.9296399999999999,0.001969303509524435,0.0005781866681169282,0.0,0
324,100,Normal,20.0,0.0,clean,0.3,QFactor,500,0.0,0.0,0.9030693069306931,0.39035643564356437,5.949604854373212,7.441369360453983,0.9996400000000001,0.0019693035095244356,0.03388380692484031,0.00028,0
325,100,Normal,20.0,0.05,lower,0.3,MaxMin,500,5.0,5.0,0.8180990099009903,0.4808514851485149,8.272618571314629,9.779256103257717,0.9495799999999999,0.0020079002282616817,0.038832269554158486,0.00014,0
325,100,Normal,20.0,0.05,lower,0.3,MeanSD,500,5.0,5.0,0.9240792079207921,0.07592079207920792,1.0983479647850247,1.3839141131150008,0.8854200000000001,0.015534034003595142,0.02736621305559264,0.0,0
325,100,Normal,20.0,0.05,lower,0.3,MedianMAD,500,5.0,5.0,0.8993861386138613,0.10146534653465346,1.4662391609039505,1.8775353567906115,0.88276,0.028796542878677785,0.0297298588875633,0.0,0
325,100,Normal,20.0,0.05,lower,0.3,Percentile,500,5.0,5.0,0.9072079207920792,0.09350495049504949,1.3680106878265872,1.7243096281941335,0.8795800000000001,0.0020079002282616817,0.001003950114131345,0.0,0
325,100,Normal,20.0,0.05,lower,0.3,QFactor,500,5.0,5.0,0.9061782178217822,0.39235643564356437,6.023201498348293,7.541188840888926,0.9495799999999999,0.0020079002282616817,0.03316163424544156,0.00042,0
326,100,Normal,20.0,0.05,upper,0.3,MaxMin,500,5.0,5.0,0.8702772277227723,0.54609900990099,9.41127763726211,10.89334261262832,0.9997,0.0017075806462145966,0.03304152606229211,8e-05,0
326,100,Normal,20.0,0.05,upper,0.3,MeanSD,500,5.0,5.0,0.9351485148514852,0.1941980198019802,2.792630019697769,3.3941814373699777,0.9568199999999999,0.014314237485440123,0.02647350264099592,0.0,0
326,100,Normal,20.0,0.05,upper,0.3,MedianMAD,500,5.0,5.0,0.9003168316831683,0.11300990099009901,1.6217636235591253,2.0997372776066703,0.93748,0.02838416674562927,0.028657844337763735,0.0,0
326,100,Normal,20.0,0.05,upper,0.3,Percentile,500,5.0,5.0,0.903960396039604,0.14037623762376236,2.01489428990374,2.7670533222126505,0.9297199999999998,0.0016513794561567121,0.0004128448640396031,0.0,0
326,100,Normal,20.0,0.05,upper,0.3,QFactor,500,5.0,5.0,0.9872475247524751,0.035762376237623766,0.5356523990586879,0.7125051334765824,0.9997,0.0017075806462145966,0.02394803654546103,0.00024,0
327,100,Compressed Normal,20.0,0.0,clean,0.3,MaxMin,500,0.0,0.0,0.9310693069306932,0.19564356435643565,3.3329889115822495,3.933055949816116,1.0,0.0,0.04323543696974506,0.0,0
327,100,Compressed Normal,20.0,0.0,clean,0.3,MeanSD,500,0.0,0.0,0.9776039603960396,0.02247524752475247,0.3328714727478354,0.4254373990514418,0.93306,0.016774957478240968,0.027977105883344785,0.0,0
327,100,Compressed Normal,20.0,0.0,clean,0.3,MedianMAD,500,0.0,0.0,0.968930693069307,0.03198019801980198,0.45857829808682843,0.5902037553948493,0.9274199999999999,0.0302419038007031,0.0296959860866307,0.0,0
327,100,Compressed Normal,20.0,0.0,clean,0.3,Percentile,500,0.0,0.0,0.9718613861386137,0.02904950495049505,0.4212699592470872,0.5349774056155747,0.9299999999999998,2.222669831529484e-16,6.181800468941379e-16,0.0,0
327,100,Compressed Normal,20.0,0.0,clean,0.3,QFactor,500,0.0,0.0,0.9588514851485148,0.23964356435643566,3.156974573001593,3.8833135245569164,1.0,0.0,0.034635815274153305,0.0,0
328,100,Compressed Normal,20.0,0.05,lower,0.3,MaxMin,500,5.0,5.0,0.9366138613861386,0.19952475247524754,3.416558441876303,4.015124393562798,0.9499999999999997,2.222669831529484e-16,0.038910482399527005,0.0,0
328,100,Compressed Normal,20.0,0.05,lower,0.3,MeanSD,500,5.0,5.0,0.9766930693069307,0.023900990099009898,0.35717103485823476,0.4529482613084774,0.88646,0.015327696387686789,0.028080531477788488,0.0,0
328,100,Compressed Normal,20.0,0.05,lower,0.3,MedianMAD,500,5.0,5.0,0.9663762376237623,0.03362376237623762,0.48980204160194796,0.6313583656755518,0.8833199999999999,0.030225896341039078,0.029784026038515432,0.0,0
328,100,Compressed Normal,20.0,0.05,lower,0.3,Percentile,500,5.0,5.0,0.9701584158415842,0.029841584158415844,0.43408953551657337,0.5529976292715897,0.8800000000000002,2.222669831529484e-16,8.091907355412029e-16,0.0,0
328,100,Compressed Normal,20.0,0.05,lower,0.3,QFactor,500,5.0,5.0,0.9639207920792079,0.24554455445544554,3.2337251163750635,3.953872985542153,0.9499999999999997,2.222669831529484e-16,0.029316725343439744,0.0,0
329,100,Compressed Normal,20.0,0.05,upper,0.3,MaxMin,500,5.0,5.0,0.9471881188118811,0.458970297029703,13.007121702663683,13.870398405003023,1.0,0.0,0.03159721709857163,0.0,0
329,100,Compressed Normal,20.0,0.05,upper,0.3,MeanSD,500,5.0,5.0,0.9803168316831683,0.24615841584158418,4.883001332586569,5.71408347291722,0.99968,0.0017617626444077152,0.018057465125478324,0.0,0
329,100,Compressed Normal,20.0,0.05,upper,0.3,MedianMAD,500,5.0,5.0,0.9661188118811882,0.039623762376237624,0.5516173584556431,0.7054429412646214,0.94004,0.028326722479186058,0.02930082107657274,0.0,0
329,100,Compressed Normal,20.0,0.05,upper,0.3,Percentile,500,5.0,5.0,0.9678811881188119,0.048534653465346536,0.6936655061084767,0.9659545307648917,0.9299999999999998,2.222669831529484e-16,6.181800468941379e-16,0.0,0
329,100,Compressed Normal,20.0,0.05,upper,0.3,QFactor,500,5.0,5.0,0.9862574257425742,0.5145544554455446,9.615864674594391,11.561249667922954,1.0,0.0,0.010540405155116131,0.0,0
330,100,Uniform,20.0,0.0,clean,0.3,MaxMin,500,0.0,0.0,0.8883168316831683,0.17043564356435642,2.3972231183173935,3.2987188133769183,0.8732,0.03285603503279349,0.03434635588650343,0.05802,0
330,100,Uniform,20.0,0.0,clean,0.3,MeanSD,500,0.0,0.0,0.8782574257425744,0.1217821782178218,1.75772777875314,2.211894048187814,0.8345,0.0340392029088423,0.028847539151716943,0.02596,0
330,100,Uniform,20.0,0.0,clean,0.3,MedianMAD,500,0.0,0.0,0.8185544554455446,0.1814455445544554,2.615819105771943,3.324499653040084,0.8482799999999999,0.04134804616718531,0.03142780518991127,0.03484,0
330,100,Uniform,20.0,0.0,clean,0.3,Percentile,500,0.0,0.0,0.8423564356435644,0.1579009900990099,2.285397883324117,2.8721506088163116,0.8282200000000001,0.02820323465295743,0.008523850482465156,0.02424,0
330,100,Uniform,20.0,0.0,clean,0.3,QFactor,500,0.0,0.0,0.9246138613861385,0.1786138613861386,2.600726877730947,3.5351345748289376,0.8732,0.03285603503279349,0.032506894597522734,0.04648,0
331,100,Uniform,20.0,0.05,lower,0.3,MaxMin,500,5.0,5.0,0.8815643564356437,0.1763168316831683,2.4801175616651423,3.393881128530395,0.8272,0.031631647479138485,0.03297728006841192,0.05624,0
331,100,Uniform,20.0,0.05,lower,0.3,MeanSD,500,5.0,5.0,0.874990099009901,0.12645544554455446,1.7979949074771742,2.274311336253493,0.7908999999999999,0.0323090971014515,0.028590251868120156,0.02522,0
331,100,Uniform,20.0,0.05,lower,0.3,MedianMAD,500,5.0,5.0,0.8143366336633663,0.1856633663366337,2.6738533510283724,3.41491456513557,0.80476,0.037214408828421516,0.02980684457467424,0.03432,0
331,100,Uniform,20.0,0.05,lower,0.3,Percentile,500,5.0,5.0,0.8395841584158416,0.16295049504950493,2.342102625897091,2.959773122985714,0.7839200000000001,0.02983981281539339,0.008326576527971313,0.0231,0
331,100,Uniform,20.0,0.05,lower,0.3,QFactor,500,5.0,5.0,0.9239405940594059,0.17782178217821784,2.6029989298699854,3.5544880140935713,0.8272,0.031631647479138485,0.031797174946608386,0.04566,0
332,100,Uniform,20.0,0.05,upper,0.3,MaxMin,500,5.0,5.0,0.9281584158415842,0.13897029702970295,1.9338283098544542,2.76227323861314,0.8831800000000001,0.03215829460378221,0.03252318824009536,0.05338,0
332,100,Uniform,20.0,0.05,upper,0.3,MeanSD,500,5.0,5.0,0.8866732673267327,0.23528712871287133,3.224302919555996,3.923988962312528,0.84994,0.032116340368063025,0.028577807553792745,0.02498,0
332,100,Uniform,20.0,0.05,upper,0.3,MedianMAD,500,5.0,5.0,0.8026138613861385,0.22514851485148513,3.195245753824789,4.113663235398291,0.8603,0.03807110213318326,0.0300134454129443,0.03206,0
332,100,Uniform,20.0,0.05,upper,0.3,Percentile,500,5.0,5.0,0.840138613861386,0.2547722772277228,3.5892650677209073,4.662230141024897,0.83472,0.025460126395447133,0.00797554142642295,0.02086,0
332,100,Uniform,20.0,0.05,upper,0.3,QFactor,500,5.0,5.0,0.9868118811881189,0.025702970297029705,0.4279238993965207,0.6006161525328256,0.8831800000000001,0.03215829460378221,0.03047704022059914,0.04344,0
333,100,Right-skewed,20.0,0.0,clean,0.3,MaxMin,500,0.0,0.0,0.8651287128712871,0.3324158415841584,6.107203505165102,8.308560741894228,0.6672,0.04797460918290533,0.03644802600447991,0.15802,0
333,100,Right-skewed,20.0,0.0,clean,0.3,MeanSD,500,0.0,0.0,0.9341584158415841,0.06584158415841584,0.9454384012728201,1.3018114503958325,0.6660799999999999,0.047606368614559656,0.029532609784046232,0.11522,0
333,100,Right-skewed,20.0,0.0,clean,0.3,MedianMAD,500,0.0,0.0,0.9082772277227723,0.0919009900990099,1.3291201674935473,1.8235740197944406,0.6663399999999999,0.04762079251502981,0.03041791804562769,0.13338,0
333,100,Right-skewed,20.0,0.0,clean,0.3,Percentile,500,0.0,0.0,0.9104554455445545,0.09039603960396039,1.2857820626003296,1.7302774955836344,0.65742,0.044215989273280194,0.012946018036730343,0.08762,0
333,100,Right-skewed,20.0,0.0,clean,0.3,QFactor,500,0.0,0.0,0.8781584158415842,0.36710891089108916,7.289057004163089,9.200592091123973,0.66682,0.04801978132809014,0.033452239632228375,0.08896,0
334,100,Right-skewed,20.0,0.05,lower,0.3,MaxMin,500,5.0,5.0,0.8668910891089109,0.3362574257425743,6.249175680347442,8.489107109545268,0.6305599999999999,0.04501265019252598,0.03355767242791095,0.1523,0
334,100,Right-skewed,20.0,0.05,lower,0.3,MeanSD,500,5.0,5.0,0.9282574257425742,0.07174257425742575,1.0104956600761612,1.4105200211326436,0.6291800000000001,0.04505093532377651,0.02779325236480553,0.11114,0
334,100,Right-skewed,20.0,0.05,lower,0.3,MedianMAD,500,5.0,5.0,0.9050891089108912,0.09598019801980197,1.3737388292063188,1.9058824761914763,0.6310399999999999,0.0448747801307546,0.029230090384217686,0.12996,0
334,100,Right-skewed,20.0,0.05,lower,0.3,Percentile,500,5.0,5.0,0.9073267326732675,0.09304950495049505,1.3222151025539128,1.8135871967398094,0.6223600000000001,0.04295720011923693,0.012574102011502277,0.08626,0
334,100,Right-skewed,20.0,0.05,lower,0.3,QFactor,500,5.0,5.0,0.8783762376237625,0.3718019801980198,7.483965898279752,9.41501913912014,0.62998,0.04508064028223772,0.031137936540854547,0.0869,0
335,100,Right-skewed,20.0,0.05,upper,0.3,MaxMin,500,5.0,5.0,0.9578217821782179,0.6085544554455445,10.760344566144461,12.334785229309482,0.6836599999999999,0.04574045012409814,0.025655649949592952,0.15164,0
335,100,Right-skewed,20.0,0.05,upper,0.3,MeanSD,500,5.0,5.0,0.9406732673267326,0.38423762376237625,7.275561154204493,9.633872511536712,0.7056199999999999,0.04519181563514352,0.025761127392076436,0.24318,0
335,100,Right-skewed,20.0,0.05,upper,0.3,MedianMAD,500,5.0,5.0,0.9048712871287128,0.12235643564356437,1.699881220253684,2.40993046759279,0.6845999999999999,0.045565254139196223,0.02947929540015382,0.14038,0
335,100,Right-skewed,20.0,0.05,upper,0.3,Percentile,500,5.0,5.0,0.8480792079207922,0.2944158415841584,4.181547585581806,8.294245962832367,0.6735,0.04296559186335429,0.012497939493979796,0.08188,0
335,100,Right-skewed,20.0,0.05,upper,0.3,QFactor,500,5.0,5.0,0.9874455445544554,0.5138613861386139,9.219280969234134,11.08433081298898,0.6836599999999999,0.04574045012409814,0.022464280000715046,0.08706,0
336,100,Left-skewed,20.0,0.0,clean,0.3,MaxMin,500,0.0,0.0,0.823009900990099,0.5126930693069307,9.928114206374165,12.355100411442178,0.99994,0.0007730428127734987,0.035376846973003154,0.0,0
336,100,Left-skewed,20.0,0.0,clean,0.3,MeanSD,500,0.0,0.0,0.9278811881188117,0.07211881188118813,1.049416562265258,1.350866908413579,0.92188,0.016631862122905842,0.02866434370274612,0.0,0
336,100,Left-skewed,20.0,0.0,clean,0.3,MedianMAD,500,0.0,0.0,0.8959603960396041,0.10473267326732674,1.502723989607706,1.9425348777059839,0.9148599999999999,0.03101781116098356,0.029621174004723097,0.0,0
336,100,Left-skewed,20.0,0.0,clean,0.3,Percentile,500,0.0,0.0,0.9069900990099009,0.09514851485148515,1.3519116219043126,1.7338599759022966,0.9299399999999999,0.0007730428127734987,0.00019326070319379982,0.0,0
336,100,Left-skewed,20.0,0.0,clean,0.3,QFactor,500,0.0,0.0,0.9512673267326733,0.16267326732673268,2.2920574634856212,2.944494510084688,0.99994,0.0007730428127734987,0.027595482536949236,6e-05,0
337,100,Left-skewed,20.0,0.05,lower,0.3,MaxMin,500,5.0,5.0,0.8179801980198019,0.516950495049505,10.099143654575904,12.538973885204472,0.9499999999999997,2.222669831529484e-16,0.03447799253695903,0.0,0
337,100,Left-skewed,20.0,0.05,lower,0.3,MeanSD,500,5.0,5.0,0.922990099009901,0.07700990099009901,1.108865225140186,1.424933655587077,0.8753,0.01598189105467082,0.027965928384212684,0.0,0
337,100,Left-skewed,20.0,0.05,lower,0.3,MedianMAD,500,5.0,5.0,0.8890891089108912,0.11091089108910891,1.6009492803573573,2.0468644133092586,0.8696400000000001,0.030941641364683324,0.02935027266998045,0.0,0
337,100,Left-skewed,20.0,0.05,lower,0.3,Percentile,500,5.0,5.0,0.9027128712871287,0.09744554455445543,1.4022539953120239,1.7897047673317215,0.8800000000000002,2.222669831529484e-16,8.091907355412029e-16,0.0,0
337,100,Left-skewed,20.0,0.05,lower,0.3,QFactor,500,5.0,5.0,0.9499603960396039,0.16916831683168315,2.3959766924975154,3.0778493232806854,0.9499999999999997,2.222669831529484e-16,0.026941203486733446,0.0,0
338,100,Left-skewed,20.0,0.05,upper,0.3,MaxMin,500,5.0,5.0,0.827029702970297,0.6002574257425742,11.75188388315897,13.60413166400129,0.99992,0.0008917344788453146,0.03338343429616053,0.0,0
338,100,Left-skewed,20.0,0.05,upper,0.3,MeanSD,500,5.0,5.0,0.9300198019801978,0.12223762376237624,1.7579244520748603,2.101934214657385,0.92794,0.015673152056647086,0.02710558976724732,0.0,0
338,100,Left-skewed,20.0,0.05,upper,0.3,MedianMAD,500,5.0,5.0,0.8961980198019801,0.11041584158415843,1.6136825991108859,2.080844559643934,0.91764,0.030859926606203715,0.028361174875856564,0.0,0
338,100,Left-skewed,20.0,0.05,upper,0.3,Percentile,500,5.0,5.0,0.9042178217821781,0.11946534653465346,1.8361528074463531,2.3258126206831626,0.9299199999999999,0.0008917344788453143,0.0002229336197117537,0.0,0
338,100,Left-skewed,20.0,0.05,upper,0.3,QFactor,500,5.0,5.0,0.9862178217821782,0.01382178217821782,0.22291472248780886,0.33951738105570073,0.99992,0.0008917344788453146,0.024206560497885804,6e-05,0
339,100,Bimodal,20.0,0.0,clean,0.3,MaxMin,500,0.0,0.0,0.8846336633663366,0.2068910891089109,3.000566323414816,3.98205550624388,0.9060600000000001,0.02975983359144976,0.03512137347067154,0.03968,0
339,100,Bimodal,20.0,0.0,clean,0.3,MeanSD,500,0.0,0.0,0.8864554455445545,0.11354455445544555,1.6345526819904168,2.0808252932425098,0.86098,0.03147731313954497,0.0295016617514123,0.01364,0
339,100,Bimodal,20.0,0.0,clean,0.3,MedianMAD,500,0.0,0.0,0.8271287128712871,0.1736237623762376,2.5035285789729325,3.1890871381832357,0.8775400000000001,0.03893044514410588,0.03204311721942431,0.02034,0
339,100,Bimodal,20.0,0.0,clean,0.3,Percentile,500,0.0,0.0,0.8521980198019802,0.15148514851485148,2.167035506122565,2.7415860683563107,0.85318,0.023866856804100018,0.007689971133860404,0.01252,0
339,100,Bimodal,20.0,0.0,clean,0.3,QFactor,500,0.0,0.0,0.920079207920792,0.2442178217821782,3.477015993071025,4.505440500082093,0.9060600000000001,0.02975983359144976,0.033015238926784346,0.03258,0
340,100,Bimodal,20.0,0.05,lower,0.3,MaxMin,500,5.0,5.0,0.8776039603960396,0.21774257425742574,3.160080377180082,4.1609314340571615,0.8618599999999998,0.02822647458921273,0.03296256236820741,0.03568,0
340,100,Bimodal,20.0,0.05,lower,0.3,MeanSD,500,5.0,5.0,0.8799009900990099,0.12037623762376239,1.7275279374996029,2.2106389056128943,0.81834,0.03065491555518282,0.029231798472083636,0.01314,0
340,100,Bimodal,20.0,0.05,lower,0.3,MedianMAD,500,5.0,5.0,0.8208514851485149,0.17924752475247524,2.599212536630787,3.3486556771797136,0.83254,0.03707961969050903,0.03109227361294156,0.01802,0
340,100,Bimodal,20.0,0.05,lower,0.3,Percentile,500,5.0,5.0,0.8492475247524752,0.15411881188118812,2.206976608776674,2.7933356351943286,0.8133199999999999,0.024498529668366274,0.00744321387318236,0.01156,0
340,100,Bimodal,20.0,0.05,lower,0.3,QFactor,500,5.0,5.0,0.9168514851485149,0.25532673267326733,3.628621898799204,4.690305529533073,0.8618599999999998,0.02822647458921273,0.03204665366288005,0.03024,0
341,100,Bimodal,20.0,0.05,upper,0.3,MaxMin,500,5.0,5.0,0.9277425742574257,0.19681188118811882,2.8488461269289496,3.5979222965599043,0.9108800000000001,0.02894306483432616,0.032426378299753325,0.03724,0
341,100,Bimodal,20.0,0.05,upper,0.3,MeanSD,500,5.0,5.0,0.8941980198019801,0.22441584158415842,3.1640430898847294,3.8689907536460986,0.8774200000000001,0.031245738787629432,0.028894429508555013,0.01516,0
341,100,Bimodal,20.0,0.05,upper,0.3,MedianMAD,500,5.0,5.0,0.818059405940594,0.2036237623762376,2.9296691532946246,3.757006444226237,0.88892,0.037604012065827426,0.030373609193376585,0.02182,0
341,100,Bimodal,20.0,0.05,upper,0.3,Percentile,500,5.0,5.0,0.8492475247524752,0.2152079207920792,3.1512951531049236,4.076325837242521,0.856,0.023982291395969715,0.007586188866861734,0.01158,0
341,100,Bimodal,20.0,0.05,upper,0.3,QFactor,500,5.0,5.0,0.986039603960396,0.013960396039603959,0.23165577285152147,0.33939001976849775,0.9108800000000001,0.02894306483432616,0.030448470242601455,0.03126,0
342,200,Normal,20.0,0.0,clean,0.3,MaxMin,500,0.0,0.0,0.832079207920792,0.44116831683168317,7.1863885758836465,8.511689143691697,0.99961,0.0013790226273755013,0.03335509181618701,0.0001,0
342,200,Normal,20.0,0.0,clean,0.3,MeanSD,500,0.0,0.0,0.9517623762376237,0.04887128712871287,0.7055186741585042,0.889669598606825,0.93244,0.01102222204265158,0.019340015459809793,0.0,0
342,200,Normal,20.0,0.0,clean,0.3,MedianMAD,500,0.0,0.0,0.9303168316831683,0.06972277227722773,0.9930157648661291,1.267742413704567,0.93262,0.020654025698519627,0.020713451176572015,0.0,0
342,200,Normal,20.0,0.0,clean,0.3,Percentile,500,0.0,0.0,0.9399603960396039,0.06007920792079208,0.8808296080508117,1.118084585840819,0.9296399999999999,0.0013318963532465977,0.0003798875109649361,0.0,0
342,200,Normal,20.0,0.0,clean,0.3,QFactor,500,0.0,0.0,0.9105742574257425,0.3337029702970297,4.933199920760429,6.24910721948103,0.99961,0.0013790226273755013,0.02763681962728793,0.00031,0
343,200,Normal,20.0,0.05,lower,0.3,MaxMin,500,10.0,10.0,0.8334059405940595,0.43908910891089115,7.121121546022513,8.413197993779866,0.94961,0.001484016377678643,0.030933945724908117,9e-05,0
343,200,Normal,20.0,0.05,lower,0.3,MeanSD,500,10.0,10.0,0.9478019801980198,0.0521980198019802,0.7430521938760136,0.9471448146224849,0.8855,0.011765494197330391,0.019459510999428685,0.0,0
343,200,Normal,20.0,0.05,lower,0.3,MedianMAD,500,10.0,10.0,0.9304950495049504,0.0695049504950495,1.0096341777765863,1.2867713033418204,0.88359,0.020074058774232566,0.020641630694483985,0.0,0
343,200,Normal,20.0,0.05,lower,0.3,Percentile,500,10.0,10.0,0.935069306930693,0.06493069306930693,0.9445100959132159,1.2072862706418466,0.8846299999999999,0.0014551064116890837,0.00043959107616458974,0.0,0
343,200,Normal,20.0,0.05,lower,0.3,QFactor,500,10.0,10.0,0.9124554455445545,0.3443564356435644,5.085005370632111,6.419533561517055,0.94961,0.001484016377678643,0.02622431207399615,0.00036,0
344,200,Normal,20.0,0.05,upper,0.3,MaxMin,500,10.0,10.0,0.8680594059405942,0.4896633663366336,7.733746584331374,9.054332868734026,0.99963,0.0013101652819901262,0.0283288090673594,0.00011,0
344,200,Normal,20.0,0.05,upper,0.3,MeanSD,500,10.0,10.0,0.9559405940594059,0.188990099009901,2.6879539687013363,3.2607506227693657,0.9573900000000001,0.009946646246001022,0.018654941107336592,0.0,0
344,200,Normal,20.0,0.05,upper,0.3,MedianMAD,500,10.0,10.0,0.9308316831683168,0.08689108910891088,1.2255688239537181,1.5794893654675015,0.94037,0.01844433482058778,0.02035313293148852,0.0,0
344,200,Normal,20.0,0.05,upper,0.3,Percentile,500,10.0,10.0,0.9326732673267327,0.12778217821782178,1.8177647751831008,2.663608057298668,0.9296899999999998,0.0012069853467439077,0.00030174633668640156,0.0,0
344,200,Normal,20.0,0.05,upper,0.3,QFactor,500,10.0,10.0,0.989940594059406,0.027168316831683165,0.40454815549820355,0.5423929392395435,0.99963,0.0013101652819901262,0.016725637976323413,0.00027,0
345,200,Compressed Normal,20.0,0.0,clean,0.3,MaxMin,500,0.0,0.0,0.9395247524752475,0.18524752475247525,3.0020108909370258,3.531251629746403,1.0,0.0,0.03474397441750927,0.0,0
345,200,Compressed Normal,20.0,0.0,clean,0.3,MeanSD,500,0.0,0.0,0.9844158415841583,0.015742574257425743,0.2392491891443017,0.3049473864642387,0.93421,0.012021436264428585,0.01993387792220659,0.0,0
345,200,Compressed Normal,20.0,0.0,clean,0.3,MedianMAD,500,0.0,0.0,0.9777623762376239,0.022237623762376237,0.33207442203951504,0.4329999543020268,0.9324,0.020873701704433985,0.02138628366072049,0.0,0
345,200,Compressed Normal,20.0,0.0,clean,0.3,Percentile,500,0.0,0.0,0.9795445544554455,0.020455445544554453,0.29960605863327683,0.3812235503557458,0.9299999999999998,2.222669831529484e-16,6.181800468941379e-16,0.0,0
345,200,Compressed Normal,20.0,0.0,clean,0.3,QFactor,500,0.0,0.0,0.964039603960396,0.21568316831683168,2.8229835938517702,3.47668488441962,1.0,0.0,0.02765515990273706,0.0,0
346,200,Compressed Normal,20.0,0.05,lower,0.3,MaxMin,500,10.0,10.0,0.9377821782178218,0.18429702970297027,2.9939452196585346,3.528247814700539,0.9499999999999997,2.222669831529484e-16,0.033473088416061544,0.0,0
346,200,Compressed Normal,20.0,0.05,lower,0.3,MeanSD,500,10.0,10.0,0.984019801980198,0.016336633663366337,0.2538545794565707,0.3227656563761794,0.88588,0.011025821396837067,0.01933462153566353,0.0,0
346,200,Compressed Normal,20.0,0.05,lower,0.3,MedianMAD,500,10.0,10.0,0.9763960396039603,0.024673267326732674,0.35079257454369706,0.44373956838757544,0.88356,0.02058577051984677,0.020429711325965137,0.0,0
346,200,Compressed Normal,20.0,0.05,lower,0.3,Percentile,500,10.0,10.0,0.9792475247524752,0.021821782178217824,0.31801544005439997,0.4023614016392306,0.8849999999999999,1.111334915764742e-16,9.41161756788266e-16,0.0,0
346,200,Compressed Normal,20.0,0.05,lower,0.3,QFactor,500,10.0,10.0,0.9632277227722772,0.218019801980198,2.839730642777358,3.4915398082506792,0.9499999999999997,2.222669831529484e-16,0.026479761940704474,0.0,0
347,200,Compressed Normal,20.0,0.05,upper,0.3,MaxMin,500,10.0,10.0,0.9544752475247524,0.4586534653465346,12.619138087977742,13.626691194988366,1.0,0.0,0.025755867964217576,0.0,0
347,200,Compressed Normal,20.0,0.05,upper,0.3,MeanSD,500,10.0,10.0,0.9864752475247524,0.2459405940594059,4.862477572164968,5.685899023214678,0.99958,0.0014587171457903858,0.01271081321335794,0.0,0
347,200,Compressed Normal,20.0,0.05,upper,0.3,MedianMAD,500,10.0,10.0,0.9763960396039604,0.03184158415841584,0.4309794394319949,0.5526586398769164,0.93951,0.02009521174484457,0.020359633213750145,0.0,0
347,200,Compressed Normal,20.0,0.05,upper,0.3,Percentile,500,10.0,10.0,0.9774851485148515,0.04576237623762376,0.6326627403084554,0.9172384967645787,0.9299999999999998,2.222669831529484e-16,6.181800468941379e-16,0.0,0
347,200,Compressed Normal,20.0,0.05,upper,0.3,QFactor,500,10.0,10.0,0.9895049504950495,0.5175049504950495,9.746979627026894,11.717024691893696,1.0,0.0,0.0069692933612193805,0.0,0
348,200,Uniform,20.0,0.0,clean,0.3,MaxMin,500,0.0,0.0,0.9171881188118811,0.12122772277227722,1.7049289632786806,2.36408955157356,0.8717800000000001,0.02358270314818791,0.02393656582114799,0.06417,0
348,200,Uniform,20.0,0.0,clean,0.3,MeanSD,500,0.0,0.0,0.9145346534653465,0.08546534653465349,1.2312468953757656,1.5641865594716438,0.8311199999999999,0.024261550768476903,0.02088689466529873,0.02591,0
348,200,Uniform,20.0,0.0,clean,0.3,MedianMAD,500,0.0,0.0,0.8648118811881188,0.13574257425742575,1.9548010527627406,2.537224660260634,0.8479,0.02787371320394093,0.022207005292492168,0.0337,0
348,200,Uniform,20.0,0.0,clean,0.3,Percentile,500,0.0,0.0,0.8876039603960396,0.11318811881188119,1.6202937659687762,2.0432371460953513,0.82755,0.02083784854210546,0.005811288007287025,0.02461,0
348,200,Uniform,20.0,0.0,clean,0.3,QFactor,500,0.0,0.0,0.9463960396039606,0.1208118811881188,1.7661020349991228,2.4235415365653896,0.8717800000000001,0.02358270314818791,0.023364262783957455,0.04716,0
349,200,Uniform,20.0,0.05,lower,0.3,MaxMin,500,10.0,10.0,0.9169306930693071,0.12334653465346533,1.7315056091250869,2.407763725192651,0.8298399999999999,0.02244508774604936,0.023496897835678463,0.06006,0
349,200,Uniform,20.0,0.05,lower,0.3,MeanSD,500,10.0,10.0,0.907980198019802,0.09209900990099011,1.3200652515577067,1.6657772950770713,0.7919,0.02308800797436731,0.02020560777918836,0.02496,0
349,200,Uniform,20.0,0.05,lower,0.3,MedianMAD,500,10.0,10.0,0.8628514851485148,0.13746534653465348,1.9704048872094257,2.502108859274606,0.8076599999999999,0.027677725936681486,0.02176507022810567,0.03224,0
349,200,Uniform,20.0,0.05,lower,0.3,Percentile,500,10.0,10.0,0.8816831683168317,0.11871287128712872,1.7048839665072817,2.1558023053359543,0.78741,0.01997849294518286,0.0055357607602254,0.02368,0
349,200,Uniform,20.0,0.05,lower,0.3,QFactor,500,10.0,10.0,0.9414257425742575,0.12332673267326733,1.8169462061574877,2.502203834300963,0.8298399999999999,0.02244508774604936,0.023029272181392425,0.04398,0
350,200,Uniform,20.0,0.05,upper,0.3,MaxMin,500,10.0,10.0,0.9508910891089108,0.09401980198019802,1.307153647335764,1.9061773166563465,0.8772000000000001,0.02176021631390775,0.022641935816191422,0.06042,0
350,200,Uniform,20.0,0.05,upper,0.3,MeanSD,500,10.0,10.0,0.9182772277227722,0.21895049504950492,2.981510631006638,3.6318075544863966,0.8455699999999999,0.022610784930877145,0.01999811254294022,0.02606,0
350,200,Uniform,20.0,0.05,upper,0.3,MedianMAD,500,10.0,10.0,0.8618019801980198,0.17661386138613863,2.481716102363285,3.2133734731236245,0.8605700000000001,0.025815848156356687,0.020955575331884677,0.03422,0
350,200,Uniform,20.0,0.05,upper,0.3,Percentile,500,10.0,10.0,0.8853267326732673,0.23578217821782177,3.3096945333527548,4.504758812277896,0.8331199999999999,0.0195122283224704,0.005531094819846397,0.02174,0
350,200,Uniform,20.0,0.05,upper,0.3,QFactor,500,10.0,10.0,0.989940594059406,0.016792079207920793,0.2798378930246506,0.4022300263908523,0.8772000000000001,0.02176021631390775,0.021832147081927822,0.04413,0
351,200,Right-skewed,20.0,0.0,clean,0.3,MaxMin,500,0.0,0.0,0.8795643564356435,0.3044554455445544,5.164518622335709,7.052296264973452,0.6634300000000001,0.03465815163781674,0.026812410456686107,0.17849,0
351,200,Right-skewed,20.0,0.0,clean,0.3,MeanSD,500,0.0,0.0,0.9517821782178217,0.04821782178217822,0.6734239840392257,0.9246007703497267,0.6629700000000001,0.03443400210550617,0.021010399335196082,0.11972,0
351,200,Right-skewed,20.0,0.0,clean,0.3,MedianMAD,500,0.0,0.0,0.9344158415841585,0.06635643564356436,0.931594177131637,1.2873865675358551,0.66328,0.03437739388640217,0.0219631060277846,0.1382,0
351,200,Right-skewed,20.0,0.0,clean,0.3,Percentile,500,0.0,0.0,0.9344356435643565,0.06556435643564357,0.9031133100678362,1.2152794380165364,0.6580199999999999,0.03154472601686307,0.008968351512788492,0.09355,0
351,200,Right-skewed,20.0,0.0,clean,0.3,QFactor,500,0.0,0.0,0.8848712871287129,0.337980198019802,6.085919575086853,7.739048885443362,0.6631,0.03443343321025787,0.024404506346427993,0.09204,0
352,200,Right-skewed,20.0,0.05,lower,0.3,MaxMin,500,10.0,10.0,0.8735049504950495,0.3089306930693069,5.308852085399349,7.245874311160555,0.62981,0.031406793426688666,0.026218411238130908,0.16881,0
352,200,Right-skewed,20.0,0.05,lower,0.3,MeanSD,500,10.0,10.0,0.948970297029703,0.051029702970297026,0.7285918132452388,1.0019069997868542,0.62913,0.03135217724554506,0.020509909758621717,0.11186,0
352,200,Right-skewed,20.0,0.05,lower,0.3,MedianMAD,500,10.0,10.0,0.9297821782178218,0.07104950495049506,1.0116441477518456,1.3985985541165316,0.62951,0.031060254003428822,0.02160390025580776,0.12965,0
352,200,Right-skewed,20.0,0.05,lower,0.3,Percentile,500,10.0,10.0,0.9300594059405941,0.07021782178217821,0.976669497030129,1.3069725367089133,0.62425,0.0292420535426427,0.008473232459792234,0.08809,0
352,200,Right-skewed,20.0,0.05,lower,0.3,QFactor,500,10.0,10.0,0.88,0.34299009900990096,6.254261181516762,7.942692708336215,0.6293599999999999,0.03143193173613947,0.023843778395452757,0.08694,0
353,200,Right-skewed,20.0,0.05,upper,0.3,MaxMin,500,10.0,10.0,0.9635247524752476,0.601069306930693,10.578187573529446,12.229811934976613,0.68053,0.0341262112838971,0.018559834168168445,0.16719,0
353,200,Right-skewed,20.0,0.05,upper,0.3,MeanSD,500,10.0,10.0,0.9594455445544554,0.3824752475247524,7.191008466830811,9.538843036720964,0.70145,0.03313674074459267,0.018332020889364736,0.24909,0
353,200,Right-skewed,20.0,0.05,upper,0.3,MedianMAD,500,10.0,10.0,0.9343564356435644,0.10047524752475247,1.3400350036740185,1.8995396044962947,0.68075,0.03381085399239998,0.02106584171735451,0.14325,0
353,200,Right-skewed,20.0,0.05,upper,0.3,Percentile,500,10.0,10.0,0.8472475247524752,0.3451683168316832,4.882850879483499,10.862564932011628,0.6734,0.03143590992584326,0.008794956450145653,0.08598,0
353,200,Right-skewed,20.0,0.05,upper,0.3,QFactor,500,10.0,10.0,0.9903366336633663,0.5172475247524753,9.380482765479762,11.276424353030318,0.68053,0.0341262112838971,0.015989103345446745,0.08822,0
354,200,Left-skewed,20.0,0.0,clean,0.3,MaxMin,500,0.0,0.0,0.830930693069307,0.4808316831683168,8.573500652859986,10.700796675048746,0.99997,0.00038652140638674936,0.028327524265531104,1e-05,0
354,200,Left-skewed,20.0,0.0,clean,0.3,MeanSD,500,0.0,0.0,0.9457425742574257,0.054257425742574264,0.7953963088230948,1.008360065861318,0.92115,0.010721819567109832,0.019410742831673725,0.0,0
354,200,Left-skewed,20.0,0.0,clean,0.3,MedianMAD,500,0.0,0.0,0.9216039603960395,0.07893069306930693,1.1429904160576512,1.4540201617670965,0.91525,0.02234695219812066,0.020767844805239355,0.0,0
354,200,Left-skewed,20.0,0.0,clean,0.3,Percentile,500,0.0,0.0,0.9312673267326732,0.06952475247524753,0.9902796700104189,1.2683382082227574,0.9299799999999998,0.00031591074562033655,7.897768640550936e-05,0.0,0
354,200,Left-skewed,20.0,0.0,clean,0.3,QFactor,500,0.0,0.0,0.9620594059405941,0.1257029702970297,1.7519033887475275,2.269661655951982,0.99997,0.00038652140638674936,0.020400344521285863,2e-05,0
355,200,Left-skewed,20.0,0.05,lower,0.3,MaxMin,500,10.0,10.0,0.8292079207920792,0.4847920792079208,8.757176532820099,10.92914775258513,0.9499599999999998,0.00044586723942265723,0.027245205011868848,0.0,0
355,200,Left-skewed,20.0,0.05,lower,0.3,MeanSD,500,10.0,10.0,0.9446930693069305,0.05530693069306931,0.7970752281748626,1.0043091753673332,0.87475,0.011346584947902173,0.019712681642144923,0.0,0
355,200,Left-skewed,20.0,0.05,lower,0.3,MedianMAD,500,10.0,10.0,0.9202574257425742,0.0804950495049505,1.15867486052769,1.4946200715459135,0.8688899999999998,0.02249733673839288,0.02102285341190943,0.0,0
355,200,Left-skewed,20.0,0.05,lower,0.3,Percentile,500,10.0,10.0,0.9305940594059406,0.07122772277227722,1.006059424477814,1.2847279340525093,0.8849699999999998,0.0003865214063867494,9.663035159734185e-05,0.0,0
355,200,Left-skewed,20.0,0.05,lower,0.3,QFactor,500,10.0,10.0,0.960138613861386,0.1315841584158416,1.8373754741411887,2.3699668294491003,0.9499599999999998,0.00044586723942265723,0.02007717196690942,3e-05,0
356,200,Left-skewed,20.0,0.05,upper,0.3,MaxMin,500,10.0,10.0,0.8421188118811881,0.5641782178217821,10.040019821371796,11.606935783486831,0.99994,0.0005449715478591084,0.026510157640174538,0.0,0
356,200,Left-skewed,20.0,0.05,upper,0.3,MeanSD,500,10.0,10.0,0.9497425742574258,0.11211881188118812,1.6092584232107052,1.9097690081845753,0.92828,0.01122914901384561,0.01918786143577386,0.0,0
356,200,Left-skewed,20.0,0.05,upper,0.3,MedianMAD,500,10.0,10.0,0.9209504950495049,0.09112871287128714,1.3366887665925045,1.6830057607918916,0.92099,0.022618423600515226,0.020459860911867623,0.0,0
356,200,Left-skewed,20.0,0.05,upper,0.3,Percentile,500,10.0,10.0,0.9297029702970296,0.10518811881188117,1.6558463016236085,2.129598091199828,0.9299699999999999,0.00038652140638674936,9.663035159711205e-05,0.0,0
356,200,Left-skewed,20.0,0.05,upper,0.3,QFactor,500,10.0,10.0,0.9895049504950495,0.010495049504950496,0.17680156422159266,0.2542606413870928,0.99994,0.0005449715478591084,0.017281693489627464,2e-05,0
357,200,Bimodal,20.0,0.0,clean,0.3,MaxMin,500,0.0,0.0,0.9142970297029702,0.16079207920792082,2.344769743798065,3.174673483574784,0.9033199999999999,0.02071317627363524,0.02451823955075417,0.0479,0
357,200,Bimodal,20.0,0.0,clean,0.3,MeanSD,500,0.0,0.0,0.9235049504950495,0.0764950495049505,1.1057429257370615,1.3909114597352954,0.8568399999999999,0.021288984045354706,0.020684496063071565,0.01365,0
357,200,Bimodal,20.0,0.0,clean,0.3,MedianMAD,500,0.0,0.0,0.8796237623762376,0.12037623762376237,1.7399564333250044,2.233270449838446,0.8746199999999998,0.028749062893153054,0.022616597292890353,0.01978,0
357,200,Bimodal,20.0,0.0,clean,0.3,Percentile,500,0.0,0.0,0.8975445544554456,0.10479207920792079,1.4887163620888446,1.8620743551519223,0.8535699999999999,0.017358217518825547,0.004965140215113139,0.01317,0
357,200,Bimodal,20.0,0.0,clean,0.3,QFactor,500,0.0,0.0,0.937069306930693,0.20089108910891088,2.83966408116966,3.6758447274478816,0.9033199999999999,0.02071317627363524,0.02349094179865392,0.03367,0
358,200,Bimodal,20.0,0.05,lower,0.3,MaxMin,500,10.0,10.0,0.9125346534653465,0.164990099009901,2.4064488953275056,3.2219289326359597,0.86013,0.018231782573066836,0.023763833002587505,0.04301,0
358,200,Bimodal,20.0,0.05,lower,0.3,MeanSD,500,10.0,10.0,0.9186534653465346,0.08162376237623763,1.1781312285197414,1.4866123652919823,0.81547,0.020563921068205784,0.020355428198496412,0.01261,0
358,200,Bimodal,20.0,0.05,lower,0.3,MedianMAD,500,10.0,10.0,0.872930693069307,0.12706930693069307,1.8298429862276522,2.3506179163419825,0.8336600000000001,0.025935491115434795,0.02168733513434285,0.01884,0
358,200,Bimodal,20.0,0.05,lower,0.3,Percentile,500,10.0,10.0,0.8932475247524753,0.10821782178217822,1.5473758698777917,1.956873219373469,0.8130299999999999,0.016980747674444886,0.004793111874340939,0.01228,0
358,200,Bimodal,20.0,0.05,lower,0.3,QFactor,500,10.0,10.0,0.9398019801980196,0.20455445544554457,2.8847180444394867,3.7041453701003344,0.86013,0.018231782573066836,0.022991047322523536,0.03148,0
359,200,Bimodal,20.0,0.05,upper,0.3,MaxMin,500,10.0,10.0,0.9493267326732674,0.14972277227722772,2.189469913397529,2.732660626865817,0.90684,0.01934587619756995,0.022441049283041477,0.04464,0
359,200,Bimodal,20.0,0.05,upper,0.3,MeanSD,500,10.0,10.0,0.9252277227722773,0.22003960396039604,3.0810242413031426,3.730319591642448,0.87042,0.02083967812536312,0.020247891469948976,0.01534,0
359,200,Bimodal,20.0,0.05,upper,0.3,MedianMAD,500,10.0,10.0,0.8721386138613861,0.16455445544554456,2.3715545206544077,3.033651805299383,0.8848899999999998,0.0257733667351732,0.021516258513324685,0.02133,0
359,200,Bimodal,20.0,0.05,upper,0.3,Percentile,500,10.0,10.0,0.8929900990099011,0.20348514851485147,2.9903531699210273,3.9610887696888972,0.85568,0.0169058930091514,0.0048884593429377975,0.01214,0
359,200,Bimodal,20.0,0.05,upper,0.3,QFactor,500,10.0,10.0,0.9892277227722773,0.015841584158415842,0.2780879779959086,0.3853397407718488,0.90684,0.01934587619756995,0.02135373207852162,0.03188,0
360,10,Normal,20.0,0.0,clean,0.6,MaxMin,500,0.0,0.0,0.772831683168317,0.5909504950495049,13.348951399657732,15.73578104261796,0.9996,0.006318214912406724,0.08847506457751272,0.0,0
360,10,Normal,20.0,0.0,clean,0.6,MeanSD,500,0.0,0.0,0.7918217821782177,0.20996039603960392,3.2805724764573045,4.116330303416663,0.9424000000000001,0.05336605542611789,0.0901123997833867,0.0,0
360,10,Normal,20.0,0.0,clean,0.6,MedianMAD,500,0.0,0.0,0.7631485148514855,0.24700990099009898,4.216688386225791,5.3996680016253835,0.9252,0.08425650311182671,0.08434813356623412,0.0,0
360,10,Normal,20.0,0.0,clean,0.6,Percentile,500,0.0,0.0,0.8019405940594059,0.2264950495049505,3.824870315710325,4.777640092392432,0.8998000000000002,0.004472135954999578,0.0011180339887506602,0.0,0
360,10,Normal,20.0,0.0,clean,0.6,QFactor,500,0.0,0.0,0.8536633663366336,0.516950495049505,9.910380972773657,12.332926855065836,0.9996,0.006318214912406724,0.0806855581013315,0.0,0
361,10,Normal,20.0,0.05,lower,0.6,MaxMin,500,0.5,0.0,0.7707326732673266,0.5931881188118813,13.527793885102824,16.01476574013172,1.0,0.0,0.08758302299543812,0.0,0
361,10,Normal,20.0,0.05,lower,0.6,MeanSD,500,0.5,0.0,0.7842376237623763,0.21914851485148515,3.568194262057312,4.49822299023721,0.9408000000000002,0.05158179293825923,0.08956504257441346,0.0,0
361,10,Normal,20.0,0.05,lower,0.6,MedianMAD,500,0.5,0.0,0.758079207920792,0.25683168316831684,4.561574967310829,5.835217951404619,0.9216000000000001,0.08310989417041773,0.08342399093127706,0.0,0
361,10,Normal,20.0,0.05,lower,0.6,Percentile,500,0.5,0.0,0.7973663366336633,0.23463366336633665,4.117147268094967,5.155990162352274,0.9000000000000002,2.222669831529484e-16,1.0939703077059182e-15,0.0,0
361,10,Normal,20.0,0.05,lower,0.6,QFactor,500,0.5,0.0,0.8613861386138614,0.520138613861386,9.940723917919948,12.322375442277739,1.0,0.0,0.08171591143975092,0.0,0
362,10,Normal,20.0,0.05,upper,0.6,MaxMin,500,0.5,0.0,0.7644752475247524,0.5882574257425742,13.23419869050499,15.655897986840317,1.0,0.0,0.08869764656016013,0.0,0
362,10,Normal,20.0,0.05,upper,0.6,MeanSD,500,0.5,0.0,0.7884950495049505,0.21265346534653468,3.410348579101845,4.342894547192218,0.9386,0.05268387972012623,0.08943154126634159,0.0,0
362,10,Normal,20.0,0.05,upper,0.6,MedianMAD,500,0.5,0.0,0.7635643564356436,0.25184158415841584,4.441296980384035,5.6358284977822475,0.9180000000000001,0.08538490008382424,0.08456359390418994,0.0,0
362,10,Normal,20.0,0.05,upper,0.6,Percentile,500,0.5,0.0,0.7988118811881189,0.22837623762376236,3.9380085479578857,4.950486371025998,0.9000000000000002,2.222669831529484e-16,1.0939703077059182e-15,0.0,0
362,10,Normal,20.0,0.05,upper,0.6,QFactor,500,0.5,0.0,0.8478613861386138,0.5117029702970297,9.813283772421551,12.27324378756743,1.0,0.0,0.08347303127139587,0.0,0
363,10,Compressed Normal,20.0,0.0,clean,0.6,MaxMin,500,0.0,0.0,0.9239009900990098,0.2712673267326733,6.090739028986084,7.245708358209208,1.0,0.0,0.08849639828401679,0.0,0
363,10,Compressed Normal,20.0,0.0,clean,0.6,MeanSD,500,0.0,0.0,0.9276435643564356,0.07283168316831683,1.149365693401087,1.4534327308707786,0.9392,0.05393679965212457,0.09041049116693345,0.0,0
363,10,Compressed Normal,20.0,0.0,clean,0.6,MedianMAD,500,0.0,0.0,0.9177227722772276,0.08677227722772277,1.5162332067964341,1.9257623880906884,0.9156000000000002,0.0867853870580389,0.08350490889363758,0.0,0
363,10,Compressed Normal,20.0,0.0,clean,0.6,Percentile,500,0.0,0.0,0.9322574257425741,0.0753861386138614,1.3211504822103053,1.6563704217907558,0.9000000000000002,2.222669831529484e-16,1.0939703077059182e-15,0.0,0
363,10,Compressed Normal,20.0,0.0,clean,0.6,QFactor,500,0.0,0.0,0.9503168316831683,0.31285148514851485,4.584096224818135,5.622557609055837,1.0,0.0,0.056513155628774694,0.0,0
364,10,Compressed Normal,20.0,0.05,lower,0.6,MaxMin,500,0.5,0.0,0.9213069306930692,0.27132673267326735,6.029993105860824,7.174654868306031,1.0,0.0,0.09243901382683437,0.0,0
364,10,Compressed Normal,20.0,0.05,lower,0.6,MeanSD,500,0.5,0.0,0.9288712871287129,0.07122772277227722,1.1191150360127957,1.429993365962972,0.944,0.0520520781302279,0.09094048843345467,0.0,0
364,10,Compressed Normal,20.0,0.05,lower,0.6,MedianMAD,500,0.5,0.0,0.9203960396039604,0.08314851485148514,1.4492655071172857,1.8778476697640563,0.924,0.08436964189177225,0.0835913235217586,0.0,0
364,10,Compressed Normal,20.0,0.05,lower,0.6,Percentile,500,0.5,0.0,0.9323168316831684,0.07423762376237625,1.2871565790229262,1.631525441848434,0.9000000000000002,2.222669831529484e-16,1.0939703077059182e-15,0.0,0
364,10,Compressed Normal,20.0,0.05,lower,0.6,QFactor,500,0.5,0.0,0.9461188118811882,0.3098811881188119,4.533377089751625,5.5715741769407705,1.0,0.0,0.05862248026073366,0.0,0
365,10,Compressed Normal,20.0,0.05,upper,0.6,MaxMin,500,0.5,0.0,0.9230891089108911,0.2725940594059406,6.070332214343203,7.194128522850908,1.0,0.0,0.09122515886364957,0.0,0
365,10,Compressed Normal,20.0,0.05,upper,0.6,MeanSD,500,0.5,0.0,0.928990099009901,0.07158415841584159,1.1464168989486694,1.4562854800973977,0.944,0.051665643104046505,0.08974271964037048,0.0,0
365,10,Compressed Normal,20.0,0.05,upper,0.6,MedianMAD,500,0.5,0.0,0.9194257425742574,0.08681188118811882,1.5054151286871114,1.8920100931889463,0.924,0.08220410591971741,0.0839644843824416,0.0,0
365,10,Compressed Normal,20.0,0.05,upper,0.6,Percentile,500,0.5,0.0,0.9322178217821782,0.07677227722772277,1.3393312636787718,1.6838100174652229,0.9000000000000002,2.222669831529484e-16,1.0939703077059182e-15,0.0,0
365,10,Compressed Normal,20.0,0.05,upper,0.6,QFactor,500,0.5,0.0,0.9507128712871288,0.31871287128712866,4.722832794480115,5.778815815738694,1.0,0.0,0.05440674221802606,0.0,0
366,10,Uniform,20.0,0.0,clean,0.6,MaxMin,500,0.0,0.0,0.6893861386138613,0.4440990099009901,7.68008595841422,9.869691438657537,0.8928,0.09943810070462673,0.09652762704882437,0.008,0
366,10,Uniform,20.0,0.0,clean,0.6,MeanSD,500,0.0,0.0,0.6559207920792078,0.3457821782178217,5.430215489001256,6.907212741321383,0.8684000000000001,0.09950498723667041,0.09369714701642043,0.0116,0
366,10,Uniform,20.0,0.0,clean,0.6,MedianMAD,500,0.0,0.0,0.56990099009901,0.4581386138613861,8.356662252839268,11.068800752034733,0.8526000000000001,0.11627674127323248,0.09213600784956014,0.02,0
366,10,Uniform,20.0,0.0,clean,0.6,Percentile,500,0.0,0.0,0.6563960396039603,0.39805940594059397,6.861584208522368,8.678029224060097,0.815,0.08950431299154349,0.028431143355205815,0.0024,0
366,10,Uniform,20.0,0.0,clean,0.6,QFactor,500,0.0,0.0,0.803940594059406,0.4193861386138614,7.378380598457885,9.938056823389179,0.8928,0.09943810070462673,0.09840715182128526,0.0136,0
367,10,Uniform,20.0,0.05,lower,0.6,MaxMin,500,0.5,0.0,0.696910891089109,0.44352475247524753,7.694570934466747,9.90193334961178,0.8940000000000001,0.09789364807108442,0.09747774990600755,0.0086,0
367,10,Uniform,20.0,0.05,lower,0.6,MeanSD,500,0.5,0.0,0.6503366336633664,0.3524554455445545,5.617844948175079,7.118448594288575,0.8658000000000002,0.1013454577354467,0.09285649125720104,0.01,0
367,10,Uniform,20.0,0.05,lower,0.6,MedianMAD,500,0.5,0.0,0.5647128712871287,0.4673465346534654,8.571878831537754,11.28482274151518,0.8542000000000001,0.11946087980425733,0.08992651348185336,0.0216,0
367,10,Uniform,20.0,0.05,lower,0.6,Percentile,500,0.5,0.0,0.6561188118811881,0.3993069306930693,7.021768101276019,8.950337194945911,0.8148000000000002,0.08784300077735929,0.028130476901987465,0.0026,0
367,10,Uniform,20.0,0.05,lower,0.6,QFactor,500,0.5,0.0,0.8059801980198019,0.4255049504950495,7.526483666956938,10.102603256116288,0.8940000000000001,0.09789364807108442,0.0973042735580355,0.0142,0
368,10,Uniform,20.0,0.05,upper,0.6,MaxMin,500,0.5,0.0,0.6858811881188119,0.4512475247524752,8.02037706517681,10.40680970442961,0.8998,0.09293672292984015,0.09689534223542245,0.0064,0
368,10,Uniform,20.0,0.05,upper,0.6,MeanSD,500,0.5,0.0,0.6512475247524754,0.35122772277227726,5.721816199749646,7.431790976281943,0.8730000000000002,0.09502135610604842,0.09456680251480552,0.0108,0
368,10,Uniform,20.0,0.05,upper,0.6,MedianMAD,500,0.5,0.0,0.5641188118811881,0.4744950495049505,8.791882958969891,11.541637048158204,0.8578000000000001,0.1155242472531495,0.0896849844006222,0.0168,0
368,10,Uniform,20.0,0.05,upper,0.6,Percentile,500,0.5,0.0,0.6516039603960396,0.40437623762376235,7.192262711707193,9.23128236127331,0.8202,0.08406005106094536,0.02594122100436811,0.0024,0
368,10,Uniform,20.0,0.05,upper,0.6,QFactor,500,0.5,0.0,0.8031485148514851,0.4241980198019802,7.5208795588442365,10.13344853339229,0.8998,0.09293672292984015,0.099038926843495,0.0174,0
369,10,Right-skewed,20.0,0.0,clean,0.6,MaxMin,500,0.0,0.0,0.8167524752475247,0.4755445544554456,12.802719235436308,16.793483857295524,0.701,0.14484806496411232,0.0978386930969834,0.0446,0
369,10,Right-skewed,20.0,0.0,clean,0.6,MeanSD,500,0.0,0.0,0.8142178217821782,0.1943960396039604,3.3265508585748385,4.555224921607345,0.7012,0.13898631007684736,0.09373906158644535,0.0836,0
369,10,Right-skewed,20.0,0.0,clean,0.6,MedianMAD,500,0.0,0.0,0.8045346534653466,0.21469306930693066,4.301892280225159,5.813491227002925,0.6908,0.15046807396442988,0.08832179519749273,0.075,0
369,10,Right-skewed,20.0,0.0,clean,0.6,Percentile,500,0.0,0.0,0.8185148514851487,0.22443564356435644,4.199462883521591,5.492217162375248,0.6463999999999999,0.13432470455022416,0.04395448995184048,0.0274,0
369,10,Right-skewed,20.0,0.0,clean,0.6,QFactor,500,0.0,0.0,0.8563960396039605,0.49409900990099004,15.289739201452612,18.84663114583046,0.6995999999999999,0.1454722115342216,0.09731330244721506,0.0468,0
370,10,Right-skewed,20.0,0.05,lower,0.6,MaxMin,500,0.5,0.0,0.8237029702970295,0.47669306930693073,12.904008171511627,16.884149572352317,0.697,0.14412683681459315,0.09639129889131076,0.046,0
370,10,Right-skewed,20.0,0.05,lower,0.6,MeanSD,500,0.5,0.0,0.8139405940594059,0.19235643564356433,3.358502235998733,4.700439507821082,0.6994,0.1417739033791435,0.09231735641049142,0.082,0
370,10,Right-skewed,20.0,0.05,lower,0.6,MedianMAD,500,0.5,0.0,0.7949900990099009,0.22091089108910889,4.362864713905625,5.958419614477475,0.7026,0.14716165637221004,0.08878007670708124,0.0862,0
370,10,Right-skewed,20.0,0.05,lower,0.6,Percentile,500,0.5,0.0,0.8155049504950493,0.22455445544554456,4.231788257274378,5.597522695008891,0.6464,0.13492015006583552,0.045020315863919816,0.029,0
370,10,Right-skewed,20.0,0.05,lower,0.6,QFactor,500,0.5,0.0,0.8638217821782178,0.4958811881188118,15.40334400698015,18.94114670684076,0.6961999999999999,0.14438578361119228,0.09405506188265089,0.0518,0
371,10,Right-skewed,20.0,0.05,upper,0.6,MaxMin,500,0.5,0.0,0.8161782178217821,0.4759207920792079,12.899403273406472,16.942328190892937,0.6948000000000001,0.14905500591922152,0.09622511138749858,0.0484,0
371,10,Right-skewed,20.0,0.05,upper,0.6,MeanSD,500,0.5,0.0,0.8064950495049507,0.20051485148514847,3.528754883669093,4.804157008663151,0.6964,0.14334621122493993,0.0935276160219707,0.085,0
371,10,Right-skewed,20.0,0.05,upper,0.6,MedianMAD,500,0.5,0.0,0.7951881188118811,0.22819801980198018,4.61367010441097,6.1275543368489265,0.6866,0.15312522545073584,0.0868974528845773,0.0796,0
371,10,Right-skewed,20.0,0.05,upper,0.6,Percentile,500,0.5,0.0,0.8104356435643563,0.2275247524752475,4.343587833965956,5.691494405908032,0.6429999999999999,0.13582303115297925,0.04494692152729176,0.032,0
371,10,Right-skewed,20.0,0.05,upper,0.6,QFactor,500,0.5,0.0,0.8565940594059407,0.4955643564356436,15.413723416561117,19.005101803219468,0.6931999999999999,0.15019613096052448,0.09570629889738302,0.0486,0
372,10,Left-skewed,20.0,0.0,clean,0.6,MaxMin,500,0.0,0.0,0.7655049504950495,0.5892475247524752,15.257717961670394,19.051725549269445,1.0,0.0,0.08620312287796046,0.0,0
372,10,Left-skewed,20.0,0.0,clean,0.6,MeanSD,500,0.0,0.0,0.7767524752475248,0.22667326732673268,3.645724893353873,4.66348106162075,0.9258000000000002,0.04938864724766114,0.08930654561436221,0.0,0
372,10,Left-skewed,20.0,0.0,clean,0.6,MedianMAD,500,0.0,0.0,0.739881188118812,0.27332673267326735,4.851108176727663,6.2411359539036795,0.9042,0.09455284491204866,0.08517298659633123,0.0,0
372,10,Left-skewed,20.0,0.0,clean,0.6,Percentile,500,0.0,0.0,0.7856831683168318,0.24576237623762373,4.218989476361331,5.400565686177721,0.9000000000000002,2.222669831529484e-16,1.0939703077059182e-15,0.0,0
372,10,Left-skewed,20.0,0.0,clean,0.6,QFactor,500,0.0,0.0,0.8948712871287129,0.32621782178217823,4.953632008616748,6.361590728139923,1.0,0.0,0.07478670385180344,0.0,0
373,10,Left-skewed,20.0,0.05,lower,0.6,MaxMin,500,0.5,0.0,0.7607326732673267,0.5840594059405941,14.908273150933674,18.711035778143685,1.0,0.0,0.0869042790787207,0.0,0
373,10,Left-skewed,20.0,0.05,lower,0.6,MeanSD,500,0.5,0.0,0.7766732673267327,0.22912871287128717,3.686622142253404,4.727551733349492,0.9252000000000002,0.049089505590484764,0.08836401056183704,0.0,0
373,10,Left-skewed,20.0,0.05,lower,0.6,MedianMAD,500,0.5,0.0,0.7446732673267324,0.2701782178217822,4.842157026363637,6.221739246759693,0.8982000000000001,0.08804694502967218,0.08326447508014576,0.0,0
373,10,Left-skewed,20.0,0.05,lower,0.6,Percentile,500,0.5,0.0,0.7854059405940593,0.24611881188118812,4.233857873565964,5.421436940542787,0.9000000000000002,2.222669831529484e-16,1.0939703077059182e-15,0.0,0
373,10,Left-skewed,20.0,0.05,lower,0.6,QFactor,500,0.5,0.0,0.8984356435643563,0.3356237623762376,5.117532622815978,6.549488872785237,1.0,0.0,0.07575468150221036,0.0,0
374,10,Left-skewed,20.0,0.05,upper,0.6,MaxMin,500,0.5,0.0,0.7660198019801979,0.589069306930693,15.34543359252312,19.177481115563964,1.0,0.0,0.08971165377302812,0.0,0
374,10,Left-skewed,20.0,0.05,upper,0.6,MeanSD,500,0.5,0.0,0.7819801980198019,0.22158415841584153,3.5912460074215273,4.684991085521847,0.9282000000000001,0.05394980224546377,0.0913082182247244,0.0,0
374,10,Left-skewed,20.0,0.05,upper,0.6,MedianMAD,500,0.5,0.0,0.7431089108910891,0.27356435643564353,4.949860842358981,6.386946435483685,0.9038,0.09111621331386262,0.08487706095782911,0.0,0
374,10,Left-skewed,20.0,0.05,upper,0.6,Percentile,500,0.5,0.0,0.7881782178217821,0.24726732673267326,4.29963308744714,5.507838996761814,0.9000000000000002,2.222669831529484e-16,1.0939703077059182e-15,0.0,0
374,10,Left-skewed,20.0,0.05,upper,0.6,QFactor,500,0.5,0.0,0.8996633663366338,0.3287326732673267,5.007982172979635,6.430824684245678,1.0,0.0,0.07705089639857915,0.0,0
375,10,Bimodal,20.0,0.0,clean,0.6,MaxMin,500,0.0,0.0,0.7137227722772278,0.4548514851485149,8.060777780810517,10.247685545322748,0.9282,0.08171974199950051,0.09750240809898564,0.0038,0
375,10,Bimodal,20.0,0.0,clean,0.6,MeanSD,500,0.0,0.0,0.6779207920792081,0.3245940594059407,5.147200170240576,6.626299331098225,0.8960000000000001,0.08648096851811769,0.09378884581241186,0.0062,0
375,10,Bimodal,20.0,0.0,clean,0.6,MedianMAD,500,0.0,0.0,0.5877227722772278,0.4451881188118812,8.175200712249906,10.809383676226245,0.8814000000000001,0.10926076986578179,0.09034773293701862,0.014,0
375,10,Bimodal,20.0,0.0,clean,0.6,Percentile,500,0.0,0.0,0.6765742574257426,0.3692871287128713,6.503018802394733,8.31660758490915,0.8414,0.07318984565507725,0.022251436440959213,0.001,0
375,10,Bimodal,20.0,0.0,clean,0.6,QFactor,500,0.0,0.0,0.8133465346534653,0.4476237623762376,8.042254195000341,10.60554358262793,0.9282,0.08171974199950051,0.10048323927576508,0.0108,0
376,10,Bimodal,20.0,0.05,lower,0.6,MaxMin,500,0.5,0.0,0.7052079207920792,0.44748514851485155,7.922446828763848,10.110892931984777,0.9148000000000002,0.089872766889959,0.0970397204924788,0.0064,0
376,10,Bimodal,20.0,0.05,lower,0.6,MeanSD,500,0.5,0.0,0.6606930693069307,0.34146534653465355,5.4884286402588165,6.947887178606439,0.886,0.0917651441636024,0.09486538608535754,0.0136,0
376,10,Bimodal,20.0,0.05,lower,0.6,MedianMAD,500,0.5,0.0,0.5803762376237624,0.4591089108910891,8.471899888776345,11.087555006390765,0.871,0.10955823114683828,0.09001774345782226,0.0208,0
376,10,Bimodal,20.0,0.05,lower,0.6,Percentile,500,0.5,0.0,0.6662772277227724,0.37756435643564357,6.794293184394676,8.659832592242983,0.8316000000000001,0.07728768836979856,0.024288803766195223,0.0026,0
376,10,Bimodal,20.0,0.05,lower,0.6,QFactor,500,0.5,0.0,0.8180792079207921,0.43835643564356436,7.743803713201177,10.208320252165501,0.9148000000000002,0.089872766889959,0.10031036271783653,0.0128,0
377,10,Bimodal,20.0,0.05,upper,0.6,MaxMin,500,0.5,0.0,0.7044554455445545,0.45203960396039605,7.977058929090635,10.20271413679113,0.9246000000000001,0.08803601922714772,0.09791495013124805,0.0054,0
377,10,Bimodal,20.0,0.05,upper,0.6,MeanSD,500,0.5,0.0,0.661049504950495,0.34372277227722764,5.455178291412024,6.8378262875706195,0.8924000000000001,0.08987990205595005,0.09422855347197255,0.0092,0
377,10,Bimodal,20.0,0.05,upper,0.6,MedianMAD,500,0.5,0.0,0.5873069306930692,0.4573069306930693,8.43586076729519,10.952894088291794,0.876,0.1142370351523568,0.09157170321322324,0.0148,0
377,10,Bimodal,20.0,0.05,upper,0.6,Percentile,500,0.5,0.0,0.6705742574257425,0.3801980198019802,6.772862784717813,8.58589477102281,0.8418000000000002,0.07723140150714292,0.023983194222626483,0.0016,0
377,10,Bimodal,20.0,0.05,upper,0.6,QFactor,500,0.5,0.0,0.8125346534653466,0.45251485148514853,8.181139132613836,10.752498256527065,0.9246000000000001,0.08803601922714772,0.10105992791743901,0.012,0
378,15,Normal,20.0,0.0,clean,0.6,MaxMin,500,0.0,0.0,0.7646930693069308,0.5691683168316832,12.10237359798257,14.3346256641651,0.9998666666666667,0.0029814239699997185,0.07924482923362178,0.0,0
378,15,Normal,20.0,0.0,clean,0.6,MeanSD,500,0.0,0.0,0.8107326732673268,0.18958415841584159,2.8943805057256875,3.6477593748900423,0.9380000000000002,0.04330480536720304,0.07408193105598398,0.0,0
378,15,Normal,20.0,0.0,clean,0.6,MedianMAD,500,0.0,0.0,0.7726534653465347,0.23302970297029701,3.9033985370420665,5.02395585693677,0.9206666666666667,0.0756740658322935,0.07492725776062177,0.0,0
378,15,Normal,20.0,0.0,clean,0.6,Percentile,500,0.0,0.0,0.8039801980198019,0.21465346534653465,3.497165046388988,4.357817974188079,0.9333333333333335,1.111334915764742e-16,3.0214418022353927e-16,0.0,0
378,15,Normal,20.0,0.0,clean,0.6,QFactor,500,0.0,0.0,0.8655643564356436,0.4908316831683168,8.847048194617905,11.038803714655684,0.9998666666666667,0.0029814239699997185,0.07298186719166613,0.0,0
379,15,Normal,20.0,0.05,lower,0.6,MaxMin,500,0.75,1.0,0.7699207920792079,0.5744752475247525,12.34253145277917,14.590511133385549,0.9332,0.0029814239699997185,0.07514143687697009,0.0,0
379,15,Normal,20.0,0.05,lower,0.6,MeanSD,500,0.75,1.0,0.8105742574257425,0.18948514851485146,2.933972096982194,3.7592574260448157,0.8757333333333336,0.04186181421828201,0.07148694026742973,0.0,0
379,15,Normal,20.0,0.05,lower,0.6,MedianMAD,500,0.75,1.0,0.7727128712871288,0.23198019801980196,3.8640173732780005,4.93941839675871,0.8632000000000001,0.07116725683754047,0.06982992417206346,0.0,0
379,15,Normal,20.0,0.05,lower,0.6,Percentile,500,0.75,1.0,0.800079207920792,0.2162772277227723,3.58782740875955,4.516815892430911,0.8665333333333336,0.0029814239699997185,0.001490711984999902,0.0,0
379,15,Normal,20.0,0.05,lower,0.6,QFactor,500,0.75,1.0,0.862970297029703,0.49641584158415847,9.01878777989231,11.228692266753603,0.9332,0.0029814239699997185,0.06914660215030241,0.00013333333333333334,0
380,15,Normal,20.0,0.05,upper,0.6,MaxMin,500,0.75,1.0,0.808910891089109,0.5976633663366336,13.486229498449708,15.852830953829484,0.9997333333333334,0.0042121432749378145,0.06957141853515877,0.0,0
380,15,Normal,20.0,0.05,upper,0.6,MeanSD,500,0.75,1.0,0.8227920792079209,0.27699009900990096,4.388779377072613,5.327803803376846,0.9672000000000002,0.03856337988995614,0.06523585753635186,0.0,0
380,15,Normal,20.0,0.05,upper,0.6,MedianMAD,500,0.75,1.0,0.7588712871287129,0.252079207920792,4.180543097018287,5.282599599733977,0.928,0.0706744554006697,0.06898144603099658,0.0,0
380,15,Normal,20.0,0.05,upper,0.6,Percentile,500,0.75,1.0,0.7854257425742575,0.23493069306930692,3.8001392348359047,4.816601759963763,0.9333333333333335,1.111334915764742e-16,3.0214418022353927e-16,0.0,0
380,15,Normal,20.0,0.05,upper,0.6,QFactor,500,0.75,1.0,0.9714851485148513,0.07493069306930694,1.0874685340808874,1.4122385449469705,0.9997333333333334,0.0042121432749378145,0.06197937930605997,0.0,0
381,15,Compressed Normal,20.0,0.0,clean,0.6,MaxMin,500,0.0,0.0,0.9237029702970296,0.2660594059405941,5.706069390744769,6.788135877302715,1.0,0.0,0.07816849389034973,0.0,0
381,15,Compressed Normal,20.0,0.0,clean,0.6,MeanSD,500,0.0,0.0,0.9383168316831684,0.06168316831683169,0.9190964546445595,1.1643319749673708,0.9405333333333334,0.041586014126381673,0.07413195491055977,0.0,0
381,15,Compressed Normal,20.0,0.0,clean,0.6,MedianMAD,500,0.0,0.0,0.926118811881188,0.0759009900990099,1.2629399010781086,1.640716470622338,0.924,0.07287095379758862,0.07379570293314436,0.0,0
381,15,Compressed Normal,20.0,0.0,clean,0.6,Percentile,500,0.0,0.0,0.9378415841584159,0.06736633663366337,1.1090613508919758,1.405741374317027,0.9333333333333335,1.111334915764742e-16,3.0214418022353927e-16,0.0,0
381,15,Compressed Normal,20.0,0.0,clean,0.6,QFactor,500,0.0,0.0,0.956079207920792,0.3011089108910891,4.298557480597179,5.261939400459369,1.0,0.0,0.04994679261719669,0.0,0
382,15,Compressed Normal,20.0,0.05,lower,0.6,MaxMin,500,0.75,1.0,0.921940594059406,0.2677821782178218,5.784299445855423,6.869568957857711,0.9333333333333335,1.111334915764742e-16,0.0739221875612431,0.0,0
382,15,Compressed Normal,20.0,0.05,lower,0.6,MeanSD,500,0.75,1.0,0.9391683168316831,0.06083168316831683,0.9471192348323652,1.220599046338723,0.8770666666666669,0.04176382793202702,0.06981091027311553,0.0,0
382,15,Compressed Normal,20.0,0.05,lower,0.6,MedianMAD,500,0.75,1.0,0.9260990099009901,0.07607920792079208,1.260712540153794,1.6037981409015318,0.8584,0.0706436987668542,0.06914117541050427,0.0,0
382,15,Compressed Normal,20.0,0.05,lower,0.6,Percentile,500,0.75,1.0,0.9367326732673267,0.06904950495049506,1.148891346657863,1.4505060558139902,0.8666666666666669,2.222669831529484e-16,1.0418764835294457e-16,0.0,0
382,15,Compressed Normal,20.0,0.05,lower,0.6,QFactor,500,0.75,1.0,0.9513267326732674,0.30370297029702975,4.378591387566169,5.373891655367345,0.9333333333333335,1.111334915764742e-16,0.05018302649224412,0.0,0
383,15,Compressed Normal,20.0,0.05,upper,0.6,MaxMin,500,0.75,1.0,0.9197821782178217,0.4924752475247524,15.634780167189898,15.938809375044503,1.0,0.0,0.05085855040664286,0.0,0
383,15,Compressed Normal,20.0,0.05,upper,0.6,MeanSD,500,0.75,1.0,0.9465544554455446,0.28718811881188117,6.069192449959787,7.15514928233363,1.0,0.0,0.03996597125331408,0.0,0
383,15,Compressed Normal,20.0,0.05,upper,0.6,MedianMAD,500,0.75,1.0,0.9233465346534654,0.08217821782178218,1.3251081387152657,1.6998900440665365,0.9286666666666668,0.06887136056729647,0.07013151263183309,0.0,0
383,15,Compressed Normal,20.0,0.05,upper,0.6,Percentile,500,0.75,1.0,0.9309108910891088,0.08902970297029704,1.3957277236287264,1.832856822143993,0.9333333333333335,1.111334915764742e-16,3.0214418022353927e-16,0.0,0
383,15,Compressed Normal,20.0,0.05,upper,0.6,QFactor,500,0.75,1.0,0.9729108910891089,0.4979603960396039,9.022745720448041,10.857104524568587,1.0,0.0,0.027870741433740333,0.0,0
384,15,Uniform,20.0,0.0,clean,0.6,MaxMin,500,0.0,0.0,0.7319603960396039,0.39342574257425744,6.278345717934772,8.14530506011114,0.8886666666666667,0.08132448455428712,0.08352504877195027,0.012133333333333333,0
384,15,Uniform,20.0,0.0,clean,0.6,MeanSD,500,0.0,0.0,0.7061584158415842,0.29467326732673266,4.456341882581726,5.697418995540898,0.8597333333333335,0.08517821572824281,0.07823530613488343,0.012533333333333334,0
384,15,Uniform,20.0,0.0,clean,0.6,MedianMAD,500,0.0,0.0,0.596990099009901,0.4220198019801981,7.166287337214807,9.42624872962306,0.8512000000000001,0.10037063357239011,0.07862104171337601,0.026,0
384,15,Uniform,20.0,0.0,clean,0.6,Percentile,500,0.0,0.0,0.675920792079208,0.360079207920792,5.853434870029486,7.427497224953332,0.8402666666666668,0.07488383343789261,0.02511461084335421,0.0038666666666666667,0
384,15,Uniform,20.0,0.0,clean,0.6,QFactor,500,0.0,0.0,0.829049504950495,0.38495049504950496,6.314481052442562,8.447979800211899,0.8886666666666667,0.08132448455428712,0.08305746678910292,0.018,0
385,15,Uniform,20.0,0.05,lower,0.6,MaxMin,500,0.75,1.0,0.7061386138613861,0.40326732673267324,6.684319416500213,8.831889305930599,0.8280000000000001,0.07860960533683871,0.08238861343769543,0.010266666666666667,0
385,15,Uniform,20.0,0.05,lower,0.6,MeanSD,500,0.75,1.0,0.6845346534653463,0.31938613861386134,4.944462567189313,6.2954080729716075,0.8050666666666667,0.07980782975681082,0.07557739099322568,0.0112,0
385,15,Uniform,20.0,0.05,lower,0.6,MedianMAD,500,0.75,1.0,0.5785742574257425,0.44934653465346536,7.859372489398229,10.283372881000162,0.7984,0.09613839945811146,0.07663020079296562,0.0276,0
385,15,Uniform,20.0,0.05,lower,0.6,Percentile,500,0.75,1.0,0.6604356435643565,0.3760396039603961,6.3297016254948755,8.058341676119161,0.7830666666666667,0.06927058976933692,0.025585482602953805,0.0032,0
385,15,Uniform,20.0,0.05,lower,0.6,QFactor,500,0.75,1.0,0.8129702970297031,0.3917623762376237,6.633280162137207,8.993244998167889,0.8280000000000001,0.07860960533683871,0.08284558396725794,0.014133333333333333,0
386,15,Uniform,20.0,0.05,upper,0.6,MaxMin,500,0.75,1.0,0.8054257425742576,0.31895049504950496,5.15135465429483,7.020477575186823,0.9024000000000001,0.07563886588004075,0.08141266895270127,0.008133333333333333,0
386,15,Uniform,20.0,0.05,upper,0.6,MeanSD,500,0.75,1.0,0.7176237623762375,0.3390891089108911,5.19159620311766,6.549642511527875,0.8829333333333335,0.0774931203445493,0.07394610009059738,0.012133333333333333,0
386,15,Uniform,20.0,0.05,upper,0.6,MedianMAD,500,0.75,1.0,0.5811287128712872,0.4313069306930693,7.416427140928306,9.8151209464917,0.8727999999999999,0.09051021906428958,0.0748336538155144,0.022,0
386,15,Uniform,20.0,0.05,upper,0.6,Percentile,500,0.75,1.0,0.6517227722772279,0.3718217821782178,6.05776959195282,7.627695858202689,0.8552000000000001,0.06826461670268799,0.022785695987257076,0.002533333333333333,0
386,15,Uniform,20.0,0.05,upper,0.6,QFactor,500,0.75,1.0,0.9749702970297031,0.06043564356435645,0.8823496845649653,1.1810781022319132,0.9024000000000001,0.07563886588004075,0.08038850442943127,0.0136,0
387,15,Right-skewed,20.0,0.0,clean,0.6,MaxMin,500,0.0,0.0,0.8235247524752476,0.4628514851485149,11.886199541761954,15.677886869231521,0.6974666666666666,0.11127799535923087,0.08158554265483314,0.056666666666666664,0
387,15,Right-skewed,20.0,0.0,clean,0.6,MeanSD,500,0.0,0.0,0.8351881188118812,0.16831683168316833,2.7029805642187252,3.7117818756708534,0.6968,0.10584553682817241,0.07315822005997517,0.076,0
387,15,Right-skewed,20.0,0.0,clean,0.6,MedianMAD,500,0.0,0.0,0.8124158415841585,0.19514851485148516,3.5064153979573187,4.7965907635010065,0.7010666666666666,0.10764051108164856,0.07117070976374637,0.086,0
387,15,Right-skewed,20.0,0.0,clean,0.6,Percentile,500,0.0,0.0,0.8242970297029703,0.20087128712871288,3.440670686788198,4.544915579506169,0.6730666666666666,0.1029250234600013,0.03460246713281161,0.0332,0
387,15,Right-skewed,20.0,0.0,clean,0.6,QFactor,500,0.0,0.0,0.8573861386138614,0.4888514851485149,14.20631194827437,17.495819969379376,0.6962666666666667,0.11180317979886524,0.07893664565389744,0.04533333333333334,0
388,15,Right-skewed,20.0,0.05,lower,0.6,MaxMin,500,0.75,1.0,0.8235643564356436,0.463980198019802,11.93292464695048,15.732655836529243,0.6563999999999999,0.11814426454806139,0.07801077009091476,0.050666666666666665,0
388,15,Right-skewed,20.0,0.05,lower,0.6,MeanSD,500,0.75,1.0,0.8309702970297029,0.17219801980198018,2.8067837465682763,3.9039618366280755,0.6567999999999999,0.11258181418562328,0.07446651085648197,0.07186666666666666,0
388,15,Right-skewed,20.0,0.05,lower,0.6,MedianMAD,500,0.75,1.0,0.806138613861386,0.20318811881188117,3.639899461667323,4.934846735544764,0.6561333333333332,0.11706033401265291,0.07015392218358632,0.08013333333333333,0
388,15,Right-skewed,20.0,0.05,lower,0.6,Percentile,500,0.75,1.0,0.8193861386138614,0.20190099009900989,3.4674571394563767,4.63093163856197,0.6305333333333333,0.10957776089369622,0.03551647621494397,0.030666666666666665,0
388,15,Right-skewed,20.0,0.05,lower,0.6,QFactor,500,0.75,1.0,0.859960396039604,0.48798019801980197,14.231828873947624,17.54788906175495,0.6554666666666665,0.11899856762150425,0.07604619777473114,0.04226666666666667,0
389,15,Right-skewed,20.0,0.05,upper,0.6,MaxMin,500,0.75,1.0,0.8966336633663367,0.5882376237623762,9.161415729082057,10.009729876429283,0.7132000000000001,0.11164238163029983,0.0619336560122202,0.054,0
389,15,Right-skewed,20.0,0.05,upper,0.6,MeanSD,500,0.75,1.0,0.8398415841584158,0.4468118811881188,9.321501126908057,12.35466100686824,0.7536,0.1042320689805373,0.06440406411948536,0.21786666666666665,0
389,15,Right-skewed,20.0,0.05,upper,0.6,MedianMAD,500,0.75,1.0,0.7896435643564356,0.22299009900990094,4.05519275522589,5.771788687012183,0.7177333333333333,0.10734014176574766,0.06878839379877469,0.0968,0
389,15,Right-skewed,20.0,0.05,upper,0.6,Percentile,500,0.75,1.0,0.7804950495049505,0.3211485148514851,5.151635669849846,7.465911673744405,0.6861333333333334,0.10624532682559686,0.035116268992304425,0.0308,0
389,15,Right-skewed,20.0,0.05,upper,0.6,QFactor,500,0.75,1.0,0.9740198019801981,0.3943564356435643,5.8087163617766295,7.000295762459804,0.7132000000000001,0.11164238163029983,0.05814318130522455,0.046266666666666664,0
390,15,Left-skewed,20.0,0.0,clean,0.6,MaxMin,500,0.0,0.0,0.7634257425742573,0.5724554455445544,13.994643560181945,17.52319867300155,1.0,0.0,0.07777444283962315,0.0,0
390,15,Left-skewed,20.0,0.0,clean,0.6,MeanSD,500,0.0,0.0,0.8071683168316833,0.19592079207920793,2.984722609970496,3.772169725541656,0.9205333333333334,0.042580741802818435,0.07549713341012443,0.0,0
390,15,Left-skewed,20.0,0.0,clean,0.6,MedianMAD,500,0.0,0.0,0.766059405940594,0.24538613861386133,4.127127594449318,5.271523096895397,0.8956000000000002,0.08253509472643003,0.0756882713196584,0.0,0
390,15,Left-skewed,20.0,0.0,clean,0.6,Percentile,500,0.0,0.0,0.7974257425742574,0.2246336633663366,3.6638106172505434,4.69110306441761,0.9333333333333335,1.111334915764742e-16,3.0214418022353927e-16,0.0,0
390,15,Left-skewed,20.0,0.0,clean,0.6,QFactor,500,0.0,0.0,0.9137029702970296,0.2966336633663366,4.409446987716354,5.62953230577301,1.0,0.0,0.06367105220502561,0.0,0
391,15,Left-skewed,20.0,0.05,lower,0.6,MaxMin,500,0.75,1.0,0.7674455445544555,0.5749306930693069,14.131690118642561,17.677190247464104,0.9332,0.0029814239699997185,0.07428860098662536,0.0,0
391,15,Left-skewed,20.0,0.05,lower,0.6,MeanSD,500,0.75,1.0,0.802059405940594,0.1999009900990099,3.0730154373752927,3.9331656507949497,0.8590666666666669,0.04183521021905578,0.07151703385768099,0.0,0
391,15,Left-skewed,20.0,0.05,lower,0.6,MedianMAD,500,0.75,1.0,0.7637029702970297,0.24423762376237626,4.127992456957956,5.351486840887639,0.8390666666666667,0.08092660878720531,0.07065942876747312,0.0,0
391,15,Left-skewed,20.0,0.05,lower,0.6,Percentile,500,0.75,1.0,0.7932277227722773,0.2307128712871287,3.7800606842535935,4.807741612101926,0.8666666666666669,2.222669831529484e-16,1.0418764835294457e-16,0.0,0
391,15,Left-skewed,20.0,0.05,lower,0.6,QFactor,500,0.75,1.0,0.9042970297029703,0.3023168316831683,4.530920997539598,5.825483107132414,0.9332,0.0029814239699997185,0.06345265625744688,0.0,0
392,15,Left-skewed,20.0,0.05,upper,0.6,MaxMin,500,0.75,1.0,0.7927920792079208,0.6508316831683167,16.113043165987794,18.948585870747806,1.0,0.0,0.0725919171854382,0.0,0
392,15,Left-skewed,20.0,0.05,upper,0.6,MeanSD,500,0.75,1.0,0.8139405940594061,0.21544554455445547,3.3494108794404696,4.130410458147264,0.9304000000000001,0.040375878122704274,0.06850784612268067,0.0,0
392,15,Left-skewed,20.0,0.05,upper,0.6,MedianMAD,500,0.75,1.0,0.7480000000000001,0.2613069306930693,4.334055967426402,5.494394366192006,0.9054666666666666,0.07606663042707398,0.07121515898273167,0.0,0
392,15,Left-skewed,20.0,0.05,upper,0.6,Percentile,500,0.75,1.0,0.7843366336633664,0.23530693069306932,3.747204674509356,4.75845723873877,0.9333333333333335,1.111334915764742e-16,3.0214418022353927e-16,0.0,0
392,15,Left-skewed,20.0,0.05,upper,0.6,QFactor,500,0.75,1.0,0.9725742574257427,0.046475247524752475,0.7373139324342839,1.0073719870072226,1.0,0.0,0.06108344313009085,0.0,0
393,15,Bimodal,20.0,0.0,clean,0.6,MaxMin,500,0.0,0.0,0.7421188118811882,0.4077227722772277,6.692242537852929,8.5726136186288,0.9233333333333335,0.06984730618464388,0.08384434358421172,0.0052,0
393,15,Bimodal,20.0,0.0,clean,0.6,MeanSD,500,0.0,0.0,0.7113465346534654,0.290039603960396,4.418449392696195,5.560936097963934,0.8897333333333335,0.0718209257782729,0.0782516167287873,0.0061333333333333335,0
393,15,Bimodal,20.0,0.0,clean,0.6,MedianMAD,500,0.0,0.0,0.6097821782178219,0.4131485148514852,7.077994844934718,9.285636755286156,0.8826666666666667,0.09194695110207445,0.07812110839533795,0.014133333333333333,0
393,15,Bimodal,20.0,0.0,clean,0.6,Percentile,500,0.0,0.0,0.688059405940594,0.33871287128712874,5.65107963957735,7.1862820207989655,0.8716000000000002,0.06416564513496868,0.02111168858273734,0.0017333333333333333,0
393,15,Bimodal,20.0,0.0,clean,0.6,QFactor,500,0.0,0.0,0.8423564356435644,0.41679207920792083,6.99903163951252,9.165346644933699,0.9233333333333335,0.06984730618464388,0.08341132665231889,0.0124,0
394,15,Bimodal,20.0,0.05,lower,0.6,MaxMin,500,0.75,1.0,0.7341980198019802,0.41495049504950493,6.9233632985233795,8.893907082116161,0.8565333333333335,0.06899397964564428,0.07909076407256782,0.006666666666666667,0
394,15,Bimodal,20.0,0.05,lower,0.6,MeanSD,500,0.75,1.0,0.6985148514851486,0.30326732673267326,4.68052966741106,5.922627863577411,0.8229333333333334,0.07180170124681733,0.0733017162240053,0.0092,0
394,15,Bimodal,20.0,0.05,lower,0.6,MedianMAD,500,0.75,1.0,0.6045544554455445,0.41879207920792083,7.153527683443768,9.301881024058579,0.8109333333333334,0.09094138897120266,0.07299411188575372,0.0184,0
394,15,Bimodal,20.0,0.05,lower,0.6,Percentile,500,0.75,1.0,0.6840594059405941,0.3467722772277228,5.858311265693107,7.4838636884807865,0.806,0.06323499027165247,0.023807027324626452,0.0016,0
394,15,Bimodal,20.0,0.05,lower,0.6,QFactor,500,0.75,1.0,0.8331881188118812,0.4253663366336634,7.24835542263717,9.517575805033843,0.8565333333333335,0.06899397964564428,0.07959818324525114,0.012,0
395,15,Bimodal,20.0,0.05,upper,0.6,MaxMin,500,0.75,1.0,0.8272079207920793,0.36019801980198013,5.736444224252007,7.350089661830907,0.9261333333333335,0.07000130418354372,0.07928966158273747,0.0072,0
395,15,Bimodal,20.0,0.05,upper,0.6,MeanSD,500,0.75,1.0,0.7161584158415841,0.361940594059406,5.585416687990576,6.9024353460431875,0.9025333333333335,0.07287572044343155,0.07234121665312658,0.012,0
395,15,Bimodal,20.0,0.05,upper,0.6,MedianMAD,500,0.75,1.0,0.5769702970297029,0.4393465346534653,7.537343419200534,9.77650390385031,0.8905333333333334,0.09027127034080294,0.07444636465572713,0.019466666666666667,0
395,15,Bimodal,20.0,0.05,upper,0.6,Percentile,500,0.75,1.0,0.665960396039604,0.35904950495049504,5.959680144837771,7.519613004691655,0.8725333333333335,0.06275270887866026,0.020941611828160588,0.002266666666666667,0
395,15,Bimodal,20.0,0.05,upper,0.6,QFactor,500,0.75,1.0,0.9723366336633662,0.03740594059405941,0.5013813165635427,0.7339401337942109,0.9261333333333335,0.07000130418354372,0.08045536302345646,0.011866666666666666,0
396,20,Normal,20.0,0.0,clean,0.6,MaxMin,500,0.0,0.0,0.7682178217821782,0.5585742574257425,11.459066238498144,13.558519498431266,1.0,0.0,0.0708509792122465,0.0,0
396,20,Normal,20.0,0.0,clean,0.6,MeanSD,500,0.0,0.0,0.8381584158415841,0.16192079207920793,2.4109578462807963,3.045063040709807,0.9379,0.03607204436637239,0.06414303002676905,0.0,0
396,20,Normal,20.0,0.0,clean,0.6,MedianMAD,500,0.0,0.0,0.794019801980198,0.20934653465346534,3.3097403491011526,4.188863007648926,0.9233,0.06550336924743283,0.06476730916323348,0.0,0
396,20,Normal,20.0,0.0,clean,0.6,Percentile,500,0.0,0.0,0.8235643564356436,0.1871089108910891,2.9147948533317987,3.68504120412379,0.9000000000000002,2.222669831529484e-16,1.0939703077059182e-15,0.0,0
396,20,Normal,20.0,0.0,clean,0.6,QFactor,500,0.0,0.0,0.8669702970297029,0.47732673267326736,8.356217943010401,10.450412805408236,1.0,0.0,0.06342252728276683,0.0,0
397,20,Normal,20.0,0.05,lower,0.6,MaxMin,500,1.0,1.0,0.7686336633663367,0.5587524752475247,11.54108210000933,13.667490205465068,0.9499999999999997,2.222669831529484e-16,0.06962314844948539,0.0,0
397,20,Normal,20.0,0.05,lower,0.6,MeanSD,500,1.0,1.0,0.8372277227722773,0.16304950495049506,2.416800642432784,3.05898670571009,0.8919000000000001,0.0356641818598923,0.062471318090900695,0.0,0
397,20,Normal,20.0,0.05,lower,0.6,MedianMAD,500,1.0,1.0,0.7935049504950495,0.21065346534653462,3.36084846253272,4.2843528390694425,0.8809000000000001,0.06195051034061724,0.0631971611682933,0.0,0
397,20,Normal,20.0,0.05,lower,0.6,Percentile,500,1.0,1.0,0.8203762376237624,0.19150495049504948,2.9944798187622936,3.78263836996967,0.8499999999999998,2.222669831529484e-16,4.5147980952942655e-16,0.0,0
397,20,Normal,20.0,0.05,lower,0.6,QFactor,500,1.0,1.0,0.8712475247524752,0.47615841584158414,8.28979884664155,10.351337551796414,0.9499999999999997,2.222669831529484e-16,0.061854253311883135,0.0,0
398,20,Normal,20.0,0.05,upper,0.6,MaxMin,500,1.0,1.0,0.8184158415841584,0.5842178217821782,12.619880339610154,14.850212822543604,0.9997999999999999,0.003159107456203366,0.06431251855370099,0.0,0
398,20,Normal,20.0,0.05,upper,0.6,MeanSD,500,1.0,1.0,0.8492475247524752,0.23043564356435645,3.467041818604453,4.242271837483843,0.9601,0.03413679307261544,0.0597599270150288,0.0,0
398,20,Normal,20.0,0.05,upper,0.6,MedianMAD,500,1.0,1.0,0.7902772277227724,0.2155643564356435,3.3756594893837546,4.3168585215793875,0.9305999999999999,0.06294094951819923,0.061614979870977304,0.0,0
398,20,Normal,20.0,0.05,upper,0.6,Percentile,500,1.0,1.0,0.8098613861386138,0.20445544554455444,3.1523124655262382,4.040938612577709,0.8999000000000003,0.0022360679774997916,0.0016770509831251865,0.0,0
398,20,Normal,20.0,0.05,upper,0.6,QFactor,500,1.0,1.0,0.9737623762376237,0.07241584158415841,1.0631140560623709,1.3811956621260622,0.9997999999999999,0.003159107456203366,0.05317680517143927,0.0001,0
399,20,Compressed Normal,20.0,0.0,clean,0.6,MaxMin,500,0.0,0.0,0.922970297029703,0.2638811881188119,5.515404525325719,6.568453676715641,1.0,0.0,0.07120155222115704,0.0,0
399,20,Compressed Normal,20.0,0.0,clean,0.6,MeanSD,500,0.0,0.0,0.9462970297029702,0.054257425742574264,0.801722458459693,1.0182778457235173,0.9383999999999999,0.03574906980585603,0.0632314785021641,0.0,0
399,20,Compressed Normal,20.0,0.0,clean,0.6,MedianMAD,500,0.0,0.0,0.9323366336633663,0.06794059405940595,1.0573262410549826,1.3602694066506407,0.9329,0.06213139803064538,0.06348396401831863,0.0,0
399,20,Compressed Normal,20.0,0.0,clean,0.6,Percentile,500,0.0,0.0,0.9405742574257425,0.06320792079207921,0.9932910023640406,1.25557093168746,0.9000000000000002,2.222669831529484e-16,1.0939703077059182e-15,0.0,0
399,20,Compressed Normal,20.0,0.0,clean,0.6,QFactor,500,0.0,0.0,0.9565940594059404,0.29061386138613865,4.09075320059662,5.012387770502999,1.0,0.0,0.04878884439504612,0.0,0
400,20,Compressed Normal,20.0,0.05,lower,0.6,MaxMin,500,1.0,1.0,0.9205940594059405,0.2640990099009901,5.537262784421132,6.592934174432052,0.9499999999999997,2.222669831529484e-16,0.0694895428708877,0.0,0
400,20,Compressed Normal,20.0,0.05,lower,0.6,MeanSD,500,1.0,1.0,0.9433069306930694,0.05700990099009902,0.844608613306339,1.0651167019069254,0.8907,0.036070933235070275,0.06294650125020337,0.0,0
400,20,Compressed Normal,20.0,0.05,lower,0.6,MedianMAD,500,1.0,1.0,0.9287524752475248,0.07142574257425743,1.144625302932342,1.4733335666807512,0.8787999999999999,0.0651847997330088,0.06487864829679349,0.0,0
400,20,Compressed Normal,20.0,0.05,lower,0.6,Percentile,500,1.0,1.0,0.938891089108911,0.06453465346534654,1.0209952820613684,1.2899597331267754,0.8499999999999998,2.222669831529484e-16,4.5147980952942655e-16,0.0,0
400,20,Compressed Normal,20.0,0.05,lower,0.6,QFactor,500,1.0,1.0,0.9538415841584158,0.2918613861386139,4.114972413389777,5.0533204403594185,0.9499999999999997,2.222669831529484e-16,0.04742519668766355,0.0,0
401,20,Compressed Normal,20.0,0.05,upper,0.6,MaxMin,500,1.0,1.0,0.9286534653465348,0.4923762376237624,15.422253931988646,15.741945319709172,1.0,0.0,0.04905220315130823,0.0,0
401,20,Compressed Normal,20.0,0.05,upper,0.6,MeanSD,500,1.0,1.0,0.9492673267326733,0.25093069306930693,4.947029935818748,5.818283686661297,0.9996,0.004458672394226572,0.041054029288079594,0.0,0
401,20,Compressed Normal,20.0,0.05,upper,0.6,MedianMAD,500,1.0,1.0,0.9309108910891088,0.07528712871287128,1.1643224229029527,1.4838996152616393,0.9272999999999999,0.062510199568552,0.06089254972836679,0.0,0
401,20,Compressed Normal,20.0,0.05,upper,0.6,Percentile,500,1.0,1.0,0.9346138613861387,0.07047524752475248,1.0817243237752252,1.3745315083358047,0.9000000000000002,2.222669831529484e-16,1.0939703077059182e-15,0.0,0
401,20,Compressed Normal,20.0,0.05,upper,0.6,QFactor,500,1.0,1.0,0.9717623762376237,0.4981980198019802,9.04515425950255,10.88530616737263,1.0,0.0,0.027072367059751586,0.0,0
402,20,Uniform,20.0,0.0,clean,0.6,MaxMin,500,0.0,0.0,0.7514257425742574,0.3558811881188119,5.5083766713897555,7.209473087813918,0.897,0.07107110667781116,0.07461612862626357,0.0101,0
402,20,Uniform,20.0,0.0,clean,0.6,MeanSD,500,0.0,0.0,0.7355643564356438,0.26471287128712867,3.8970965324288667,4.917848118684652,0.8689,0.0716803050514193,0.068119319027584,0.0092,0
402,20,Uniform,20.0,0.0,clean,0.6,MedianMAD,500,0.0,0.0,0.6194851485148515,0.3931089108910892,6.243915745967573,8.090983858144735,0.8684,0.08471004416930929,0.07007489301121617,0.0201,0
402,20,Uniform,20.0,0.0,clean,0.6,Percentile,500,0.0,0.0,0.6954059405940595,0.3263762376237624,5.09060120341393,6.3960674175438585,0.8204000000000001,0.061980021346335346,0.02596723623563204,0.0032,0
402,20,Uniform,20.0,0.0,clean,0.6,QFactor,500,0.0,0.0,0.8458811881188119,0.3437029702970297,5.412884794421472,7.357685292473489,0.897,0.07107110667781116,0.07292254907862038,0.0144,0
403,20,Uniform,20.0,0.05,lower,0.6,MaxMin,500,1.0,1.0,0.7406336633663366,0.3576633663366336,5.529763406635129,7.282915699770385,0.8443,0.06944173319133987,0.07313571411349201,0.0154,0
403,20,Uniform,20.0,0.05,lower,0.6,MeanSD,500,1.0,1.0,0.7238811881188119,0.27653465346534656,4.121262853920051,5.262027831370333,0.8181999999999999,0.07154717322153255,0.06644212110515538,0.0112,0
403,20,Uniform,20.0,0.05,lower,0.6,MedianMAD,500,1.0,1.0,0.5990495049504951,0.4177623762376238,6.885307663295971,8.94407085245515,0.8100999999999999,0.08507329151889986,0.06793941228171935,0.0217,0
403,20,Uniform,20.0,0.05,lower,0.6,Percentile,500,1.0,1.0,0.6858019801980199,0.3367722772277228,5.317739736672127,6.758020616609787,0.7723,0.05489751793068518,0.023516091082844907,0.0037,0
403,20,Uniform,20.0,0.05,lower,0.6,QFactor,500,1.0,1.0,0.8420990099009901,0.34736633663366334,5.492475944598376,7.447530191372689,0.8443,0.06944173319133987,0.07140718105010474,0.0163,0
404,20,Uniform,20.0,0.05,upper,0.6,MaxMin,500,1.0,1.0,0.8308514851485148,0.2693069306930693,4.167226621854481,5.8287138843812905,0.9005,0.06688570396422226,0.07147180856624502,0.0117,0
404,20,Uniform,20.0,0.05,upper,0.6,MeanSD,500,1.0,1.0,0.7437227722772277,0.29831683168316836,4.449689124346564,5.577407858819639,0.8779,0.06793983841080704,0.06473566118807349,0.0106,0
404,20,Uniform,20.0,0.05,upper,0.6,MedianMAD,500,1.0,1.0,0.6153069306930694,0.39271287128712856,6.299616893632915,8.315187748754903,0.8777999999999999,0.07905478681672144,0.06576774688982592,0.021,0
404,20,Uniform,20.0,0.05,upper,0.6,Percentile,500,1.0,1.0,0.6797029702970298,0.3371089108910892,5.248960347073939,6.585827588618128,0.8252,0.05728457947905514,0.025306643611865867,0.004,0
404,20,Uniform,20.0,0.05,upper,0.6,QFactor,500,1.0,1.0,0.9741386138613862,0.06051485148514851,0.8648777270390006,1.1616936299411356,0.9005,0.06688570396422226,0.07061437031898274,0.0148,0
405,20,Right-skewed,20.0,0.0,clean,0.6,MaxMin,500,0.0,0.0,0.832019801980198,0.4556831683168317,11.215189366499132,14.798027909003416,0.7039,0.10493718896203819,0.07310112476892142,0.0695,0
405,20,Right-skewed,20.0,0.0,clean,0.6,MeanSD,500,0.0,0.0,0.8558217821782178,0.14635643564356435,2.2259182520728857,3.087920220569928,0.7036,0.1011310782597514,0.06572999936451275,0.0801,0
405,20,Right-skewed,20.0,0.0,clean,0.6,MedianMAD,500,0.0,0.0,0.8273465346534653,0.17659405940594058,2.985870310393412,4.156572029544961,0.7072999999999999,0.10417973331539747,0.06423960048340806,0.0936,0
405,20,Right-skewed,20.0,0.0,clean,0.6,Percentile,500,0.0,0.0,0.8360198019801981,0.1807326732673267,2.9234331724153195,3.920371288633182,0.6769000000000001,0.08611749209591382,0.033103033953519954,0.039,0
405,20,Right-skewed,20.0,0.0,clean,0.6,QFactor,500,0.0,0.0,0.8617425742574256,0.4850891089108911,13.383000350708466,16.461641529066206,0.7031000000000002,0.10505934004104404,0.06939527429928984,0.0486,0
406,20,Right-skewed,20.0,0.05,lower,0.6,MaxMin,500,1.0,1.0,0.8290099009900991,0.4526138613861386,11.13437297648524,14.747301165764249,0.6612,0.09587985133375816,0.06886022303818812,0.0558,0
406,20,Right-skewed,20.0,0.05,lower,0.6,MeanSD,500,1.0,1.0,0.8453465346534653,0.15772277227722772,2.4180799407976497,3.305570016031405,0.6606000000000001,0.0929242154642119,0.06116960422318014,0.0713,0
406,20,Right-skewed,20.0,0.05,lower,0.6,MedianMAD,500,1.0,1.0,0.8255445544554455,0.1804752475247524,3.110762617463347,4.351742451344156,0.6652,0.09822553900603473,0.0602305695544603,0.0868,0
406,20,Right-skewed,20.0,0.05,lower,0.6,Percentile,500,1.0,1.0,0.8271485148514852,0.19025742574257426,3.117232667787195,4.13074053793177,0.6377999999999999,0.08064842426652455,0.030058660220661212,0.0308,0
406,20,Right-skewed,20.0,0.05,lower,0.6,QFactor,500,1.0,1.0,0.8593069306930692,0.4831881188118812,13.339886863246049,16.450225367158243,0.6605,0.09655773813417118,0.0673242678848825,0.0391,0
407,20,Right-skewed,20.0,0.05,upper,0.6,MaxMin,500,1.0,1.0,0.9152079207920792,0.5722772277227722,8.677726033390835,9.556485165723892,0.7211000000000001,0.09501497614262061,0.05552810486129559,0.0607,0
407,20,Right-skewed,20.0,0.05,upper,0.6,MeanSD,500,1.0,1.0,0.8685346534653466,0.37999999999999995,7.3539424678187535,9.749699574265025,0.7564,0.0900847963925221,0.05838513017771749,0.1985,0
407,20,Right-skewed,20.0,0.05,upper,0.6,MedianMAD,500,1.0,1.0,0.8162772277227723,0.19005940594059403,3.1871116662497694,4.490024844150931,0.7292000000000001,0.09500216219456947,0.060996890582252807,0.095,0
407,20,Right-skewed,20.0,0.05,upper,0.6,Percentile,500,1.0,1.0,0.7978019801980198,0.22546534653465344,3.5376530675747504,5.022130359617281,0.6888,0.07540511828601196,0.030786944412888238,0.0313,0
407,20,Right-skewed,20.0,0.05,upper,0.6,QFactor,500,1.0,1.0,0.9729702970297031,0.3953069306930693,5.8341891097838126,7.032282749812864,0.7211000000000001,0.09501497614262061,0.05079968745033196,0.0411,0
408,20,Left-skewed,20.0,0.0,clean,0.6,MaxMin,500,0.0,0.0,0.771960396039604,0.5582772277227723,13.049382837111043,16.354932476469248,1.0,0.0,0.06859093687228524,0.0,0
408,20,Left-skewed,20.0,0.0,clean,0.6,MeanSD,500,0.0,0.0,0.8262178217821784,0.17457425742574256,2.602911597327709,3.2911165070583466,0.9203,0.03585360458759825,0.06358857772239755,0.0,0
408,20,Left-skewed,20.0,0.0,clean,0.6,MedianMAD,500,0.0,0.0,0.7855445544554456,0.21752475247524755,3.457120660073905,4.434636824029794,0.9025,0.06876195469026204,0.06290762749440656,0.0,0
408,20,Left-skewed,20.0,0.0,clean,0.6,Percentile,500,0.0,0.0,0.8084554455445544,0.20546534653465345,3.175978055210074,4.0346857709378945,0.9000000000000002,2.222669831529484e-16,1.0939703077059182e-15,0.0,0
408,20,Left-skewed,20.0,0.0,clean,0.6,QFactor,500,0.0,0.0,0.915861386138614,0.265960396039604,3.930861047080454,5.040827220386901,1.0,0.0,0.05737577407446004,0.0,0
409,20,Left-skewed,20.0,0.05,lower,0.6,MaxMin,500,1.0,1.0,0.7722772277227723,0.5607128712871288,13.150939522335236,16.474552214376093,0.9499999999999997,2.222669831529484e-16,0.06566092875112367,0.0,0
409,20,Left-skewed,20.0,0.05,lower,0.6,MeanSD,500,1.0,1.0,0.8260396039603961,0.17524752475247524,2.633503727023108,3.3685372896539962,0.8746,0.032969895784732355,0.061832404806946975,0.0,0
409,20,Left-skewed,20.0,0.05,lower,0.6,MedianMAD,500,1.0,1.0,0.7733465346534654,0.23384158415841583,3.775653250142741,4.815312938979682,0.854,0.06930806024142398,0.06428128950282808,0.0,0
409,20,Left-skewed,20.0,0.05,lower,0.6,Percentile,500,1.0,1.0,0.8086534653465347,0.20752475247524754,3.246574105002118,4.145534982304853,0.8499999999999998,2.222669831529484e-16,4.5147980952942655e-16,0.0,0
409,20,Left-skewed,20.0,0.05,lower,0.6,QFactor,500,1.0,1.0,0.9167128712871287,0.2668514851485148,3.959119973046328,5.070214574445493,0.9499999999999997,2.222669831529484e-16,0.05436887566915388,0.0,0
410,20,Left-skewed,20.0,0.05,upper,0.6,MaxMin,500,1.0,1.0,0.7898811881188118,0.6348910891089108,15.068055976565606,17.83168079460237,1.0,0.0,0.06789790845780226,0.0,0
410,20,Left-skewed,20.0,0.05,upper,0.6,MeanSD,500,1.0,1.0,0.831881188118812,0.18546534653465346,2.8434350786453844,3.5821267900531644,0.9296999999999999,0.03695458405347203,0.060689718902453976,0.0,0
410,20,Left-skewed,20.0,0.05,upper,0.6,MedianMAD,500,1.0,1.0,0.7751881188118812,0.2317425742574257,3.6818876727393164,4.666887262220387,0.9077999999999999,0.06586224769427994,0.06158108740354916,0.0,0
410,20,Left-skewed,20.0,0.05,upper,0.6,Percentile,500,1.0,1.0,0.8017227722772278,0.2135445544554455,3.302337580734261,4.178214325386624,0.9000000000000002,2.222669831529484e-16,1.0939703077059182e-15,0.0,0
410,20,Left-skewed,20.0,0.05,upper,0.6,QFactor,500,1.0,1.0,0.9726534653465346,0.043900990099009905,0.6932112072077462,0.9749099461309517,1.0,0.0,0.055197644246407315,0.0,0
411,20,Bimodal,20.0,0.0,clean,0.6,MaxMin,500,0.0,0.0,0.7632277227722772,0.37445544554455445,5.864216683172265,7.5346376061961475,0.9138999999999999,0.06236641033662713,0.07308605508691018,0.0102,0
411,20,Bimodal,20.0,0.0,clean,0.6,MeanSD,500,0.0,0.0,0.741009900990099,0.25976237623762377,3.852487039131104,4.867926597084039,0.879,0.06494178061725346,0.06616411349368403,0.0051,0
411,20,Bimodal,20.0,0.0,clean,0.6,MedianMAD,500,0.0,0.0,0.6232277227722772,0.387089108910891,6.267134808537372,8.16983351796479,0.8750999999999999,0.08677586127605072,0.06983899719788572,0.0186,0
411,20,Bimodal,20.0,0.0,clean,0.6,Percentile,500,0.0,0.0,0.7082376237623763,0.308990099009901,4.86823413263464,6.177533883753809,0.8308,0.05447287939129303,0.024127577702205222,0.0022,0
411,20,Bimodal,20.0,0.0,clean,0.6,QFactor,500,0.0,0.0,0.8587722772277226,0.39203960396039605,6.254944361720557,8.149873440805386,0.9138999999999999,0.06236641033662713,0.0720716128238241,0.0131,0
412,20,Bimodal,20.0,0.05,lower,0.6,MaxMin,500,1.0,1.0,0.7660990099009901,0.38061386138613856,5.986196645068117,7.638972425223024,0.8744000000000001,0.06059689734578719,0.0719224130787324,0.0087,0
412,20,Bimodal,20.0,0.05,lower,0.6,MeanSD,500,1.0,1.0,0.7451287128712871,0.2553861386138614,3.782075790758573,4.755560710992808,0.8442000000000001,0.0614321399239133,0.06466536265092462,0.0055,0
412,20,Bimodal,20.0,0.05,lower,0.6,MedianMAD,500,1.0,1.0,0.628039603960396,0.38037623762376244,6.224894398723257,8.222453975101054,0.8384000000000001,0.08318220096339257,0.06769684788986406,0.0175,0
412,20,Bimodal,20.0,0.05,lower,0.6,Percentile,500,1.0,1.0,0.7135841584158417,0.30346534653465346,4.78786609147767,6.091677461569481,0.793,0.04894682403554222,0.01983089715924278,0.0018,0
412,20,Bimodal,20.0,0.05,lower,0.6,QFactor,500,1.0,1.0,0.8592871287128714,0.3982178217821782,6.376246703429209,8.263151048142063,0.8744000000000001,0.06059689734578719,0.07077213238399963,0.0114,0
413,20,Bimodal,20.0,0.05,upper,0.6,MaxMin,500,1.0,1.0,0.8521980198019802,0.3219207920792079,4.894078941826257,6.230297441770866,0.9250999999999999,0.05976733446069912,0.06905431273761,0.0088,0
413,20,Bimodal,20.0,0.05,upper,0.6,MeanSD,500,1.0,1.0,0.7519801980198019,0.2971683168316832,4.389340057715264,5.42629208353777,0.9019000000000001,0.06244348145926447,0.06253795904206967,0.0074,0
413,20,Bimodal,20.0,0.05,upper,0.6,MedianMAD,500,1.0,1.0,0.6293861386138613,0.37835643564356447,6.104189199475921,8.064728704488271,0.8972,0.07309477198393032,0.0657426247281448,0.0165,0
413,20,Bimodal,20.0,0.05,upper,0.6,Percentile,500,1.0,1.0,0.6998217821782177,0.3179405940594059,4.934962019660959,6.18247266921618,0.8393,0.0510462676685159,0.02399643515520678,0.0016,0
413,20,Bimodal,20.0,0.05,upper,0.6,QFactor,500,1.0,1.0,0.9708118811881188,0.039683168316831684,0.5243986392056473,0.770852166991818,0.9250999999999999,0.05976733446069912,0.0693023058797747,0.0108,0
414,25,Normal,20.0,0.0,clean,0.6,MaxMin,500,0.0,0.0,0.777960396039604,0.5496435643564356,11.054644829588604,13.079100042411154,0.99968,0.003566937915381258,0.06534843047988478,0.0,0
414,25,Normal,20.0,0.0,clean,0.6,MeanSD,500,0.0,0.0,0.8552871287128712,0.14637623762376237,2.1300092512831776,2.7326209366601346,0.93704,0.033512453940860186,0.057361879759251055,0.0,0
414,25,Normal,20.0,0.0,clean,0.6,MedianMAD,500,0.0,0.0,0.8091881188118811,0.19443564356435641,3.0117124415898964,3.8453177224670836,0.92656,0.05803880948825214,0.058669041478445164,0.0,0
414,25,Normal,20.0,0.0,clean,0.6,Percentile,500,0.0,0.0,0.8340000000000001,0.1734455445544554,2.6223452275577377,3.3031419567633153,0.9198400000000001,0.002527285964962693,0.0006318214912418,0.0,0
414,25,Normal,20.0,0.0,clean,0.6,QFactor,500,0.0,0.0,0.8791485148514852,0.4683366336633663,7.98803047129661,9.955389146461863,0.99968,0.003566937915381258,0.05802436676705568,8e-05,0
415,25,Normal,20.0,0.05,lower,0.6,MaxMin,500,1.25,1.0,0.7683564356435644,0.5494653465346534,11.028913410760886,13.03963630825793,0.9597600000000002,0.0030921712510939866,0.06423485306121017,0.0,0
415,25,Normal,20.0,0.05,lower,0.6,MeanSD,500,1.25,1.0,0.8474653465346536,0.15287128712871287,2.247542780135875,2.867786854349636,0.9000000000000001,0.0320820591146215,0.056275989824259146,0.0,0
415,25,Normal,20.0,0.05,lower,0.6,MedianMAD,500,1.25,1.0,0.8002772277227723,0.2012079207920792,3.145285598732372,4.003113035664472,0.89232,0.057148486410385314,0.05662654679925062,0.0,0
415,25,Normal,20.0,0.05,lower,0.6,Percentile,500,1.25,1.0,0.8306138613861386,0.1792673267326733,2.734371839132107,3.4271482536011164,0.8800000000000002,2.222669831529484e-16,1.5020385970882843e-15,0.0,0
415,25,Normal,20.0,0.05,lower,0.6,QFactor,500,1.25,1.0,0.8776831683168317,0.4645940594059407,7.916891304044107,9.88171694273808,0.9597600000000002,0.0030921712510939866,0.05771021161165249,0.0,0
416,25,Normal,20.0,0.05,upper,0.6,MaxMin,500,1.25,1.0,0.8174653465346534,0.5722772277227722,12.056130139035547,14.222778818353767,0.9998400000000001,0.0025272859649626924,0.05817243223324278,0.0,0
416,25,Normal,20.0,0.05,upper,0.6,MeanSD,500,1.25,1.0,0.8618019801980198,0.19136633663366337,2.849466231319593,3.523213628909774,0.95776,0.03062119715868178,0.05379452723470919,0.0,0
416,25,Normal,20.0,0.05,upper,0.6,MedianMAD,500,1.25,1.0,0.810970297029703,0.19120792079207918,2.930770295248303,3.777527954623601,0.93256,0.05911035838952319,0.055835221586164586,0.0,0
416,25,Normal,20.0,0.05,upper,0.6,Percentile,500,1.25,1.0,0.8252277227722774,0.18247524752475247,2.742534863161232,3.4929563416104186,0.9199200000000001,0.0017888543819998333,0.0004472135955010832,0.0,0
416,25,Normal,20.0,0.05,upper,0.6,QFactor,500,1.25,1.0,0.9713267326732673,0.0750891089108911,1.0905876143985493,1.415702253879788,0.9998400000000001,0.0025272859649626924,0.04832328720247023,8e-05,0
417,25,Compressed Normal,20.0,0.0,clean,0.6,MaxMin,500,0.0,0.0,0.9202574257425742,0.2591287128712871,5.259402686830849,6.265186617359902,1.0,0.0,0.06685211670584919,0.0,0
417,25,Compressed Normal,20.0,0.0,clean,0.6,MeanSD,500,0.0,0.0,0.9494653465346533,0.050534653465346524,0.7335970151123242,0.9190242386648844,0.9368800000000002,0.03471997340301705,0.056299516988932125,0.0,0
417,25,Compressed Normal,20.0,0.0,clean,0.6,MedianMAD,500,0.0,0.0,0.9363168316831685,0.06368316831683168,0.9784426373873351,1.2479046708661699,0.9232,0.05892286319940019,0.058245047803987676,0.0,0
417,25,Compressed Normal,20.0,0.0,clean,0.6,Percentile,500,0.0,0.0,0.9435841584158416,0.05724752475247525,0.878586013717481,1.1036442102700912,0.9200000000000002,1.111334915764742e-16,1.4690458417765185e-15,0.0,0
417,25,Compressed Normal,20.0,0.0,clean,0.6,QFactor,500,0.0,0.0,0.9562970297029703,0.2813069306930693,3.9202531940487213,4.8155708708134135,1.0,0.0,0.04871427712134139,0.0,0
418,25,Compressed Normal,20.0,0.05,lower,0.6,MaxMin,500,1.25,1.0,0.9205148514851486,0.2620792079207921,5.381183256040928,6.412448695349124,0.9600000000000002,2.222669831529484e-16,0.06421231340388572,0.0,0
418,25,Compressed Normal,20.0,0.05,lower,0.6,MeanSD,500,1.25,1.0,0.9480594059405941,0.051940594059405945,0.767285868461184,0.9722819772690736,0.9006400000000001,0.031975541755239784,0.056407688971647524,0.0,0
418,25,Compressed Normal,20.0,0.05,lower,0.6,MedianMAD,500,1.25,1.0,0.9325742574257425,0.06744554455445545,1.04349153324642,1.330093920076403,0.89,0.056618117439958114,0.05649041433972184,0.0,0
418,25,Compressed Normal,20.0,0.05,lower,0.6,Percentile,500,1.25,1.0,0.9417623762376237,0.06033663366336634,0.9310861302295218,1.1656684572877472,0.8800000000000002,2.222669831529484e-16,1.5020385970882843e-15,0.0,0
418,25,Compressed Normal,20.0,0.05,lower,0.6,QFactor,500,1.25,1.0,0.9545544554455445,0.2823762376237624,3.9448370320911272,4.851779872479583,0.9600000000000002,2.222669831529484e-16,0.04545771517887729,0.0,0
419,25,Compressed Normal,20.0,0.05,upper,0.6,MaxMin,500,1.25,1.0,0.9295643564356435,0.491089108910891,15.232236424463869,15.559458635742457,1.0,0.0,0.04535297497949163,0.0,0
419,25,Compressed Normal,20.0,0.05,upper,0.6,MeanSD,500,1.25,1.0,0.9566336633663367,0.22605940594059407,4.1753681434915455,4.895968311603231,0.99912,0.005873209444448305,0.03871302264934462,0.0,0
419,25,Compressed Normal,20.0,0.05,upper,0.6,MedianMAD,500,1.25,1.0,0.9348514851485149,0.0671089108910891,1.0142755998538135,1.2971170693582095,0.9348800000000002,0.05596471834467495,0.05684595892644058,0.0,0
419,25,Compressed Normal,20.0,0.05,upper,0.6,Percentile,500,1.25,1.0,0.9414059405940594,0.06017821782178217,0.9111183432156285,1.169966908249147,0.9200000000000002,1.111334915764742e-16,1.4690458417765185e-15,0.0,0
419,25,Compressed Normal,20.0,0.05,upper,0.6,QFactor,500,1.25,1.0,0.9715247524752475,0.4973069306930693,9.004175541048935,10.835010711428092,1.0,0.0,0.023132831905861486,0.0,0
420,25,Uniform,20.0,0.0,clean,0.6,MaxMin,500,0.0,0.0,0.7822376237623763,0.3147722772277228,4.679688098143517,6.176143743187367,0.89856,0.060785822627195965,0.06557572437333761,0.01552,0
420,25,Uniform,20.0,0.0,clean,0.6,MeanSD,500,0.0,0.0,0.7608118811881189,0.23934653465346534,3.493438824059767,4.418614356778165,0.8685600000000001,0.061513365932752806,0.057651368535667734,0.00944,0
420,25,Uniform,20.0,0.0,clean,0.6,MedianMAD,500,0.0,0.0,0.6374653465346535,0.3692079207920792,5.7266349453411935,7.444023641400937,0.872,0.07490809332034676,0.06228493468809329,0.02176,0
420,25,Uniform,20.0,0.0,clean,0.6,Percentile,500,0.0,0.0,0.72009900990099,0.29398019801980196,4.417273585512148,5.600527524590088,0.8426400000000001,0.052719912541246826,0.01752439684230412,0.00472,0
420,25,Uniform,20.0,0.0,clean,0.6,QFactor,500,0.0,0.0,0.8650891089108911,0.31106930693069307,4.718490671962092,6.403446921538027,0.89856,0.060785822627195965,0.06376939230375156,0.0164,0
421,25,Uniform,20.0,0.05,lower,0.6,MaxMin,500,1.25,1.0,0.7719405940594061,0.3261782178217822,4.89605253310566,6.480021337891278,0.86104,0.05776497194639616,0.06620399276894162,0.01544,0
421,25,Uniform,20.0,0.05,lower,0.6,MeanSD,500,1.25,1.0,0.7415247524752474,0.2591089108910891,3.8377327392878122,4.8502578033621955,0.8319200000000002,0.05726142979952012,0.059184887250928415,0.00848,0
421,25,Uniform,20.0,0.05,lower,0.6,MedianMAD,500,1.25,1.0,0.6277821782178219,0.3782178217821782,6.012507575728939,7.905264988521586,0.8325600000000001,0.0713949639804064,0.06195897952758807,0.0212,0
421,25,Uniform,20.0,0.05,lower,0.6,Percentile,500,1.25,1.0,0.7031287128712873,0.3118811881188119,4.805288258219925,6.115772153268704,0.8016800000000001,0.0510920580598745,0.017303391027802775,0.00296,0
421,25,Uniform,20.0,0.05,lower,0.6,QFactor,500,1.25,1.0,0.8581188118811881,0.31980198019801986,4.910488564274715,6.667863439798464,0.86104,0.05776497194639616,0.06423016849768383,0.016,0
422,25,Uniform,20.0,0.05,upper,0.6,MaxMin,500,1.25,1.0,0.8615049504950495,0.24742574257425737,3.6747992140897225,5.031425927427545,0.90056,0.0595211890328795,0.06408008068735964,0.014,0
422,25,Uniform,20.0,0.05,upper,0.6,MeanSD,500,1.25,1.0,0.7699207920792079,0.2719009900990099,3.9840353298612525,4.9363970685207486,0.8764000000000001,0.06328229846171197,0.057330432950147815,0.0104,0
422,25,Uniform,20.0,0.05,upper,0.6,MedianMAD,500,1.25,1.0,0.6311881188118811,0.3775445544554456,5.8973062433638095,7.6693132202936205,0.87232,0.07621440067165443,0.059826454832490765,0.01992,0
422,25,Uniform,20.0,0.05,upper,0.6,Percentile,500,1.25,1.0,0.7082772277227722,0.31102970297029703,4.688356649808573,5.850687255286953,0.8408,0.05401105802312667,0.01768341899321995,0.00296,0
422,25,Uniform,20.0,0.05,upper,0.6,QFactor,500,1.25,1.0,0.9713465346534653,0.06255445544554455,0.8722138024723635,1.1844631340244705,0.90056,0.0595211890328795,0.06274495620634876,0.01568,0
423,25,Right-skewed,20.0,0.0,clean,0.6,MaxMin,500,0.0,0.0,0.8362970297029704,0.44855445544554456,10.776432905688432,14.27292479794407,0.68992,0.08715955010409758,0.06627545215164113,0.07688,0
423,25,Right-skewed,20.0,0.0,clean,0.6,MeanSD,500,0.0,0.0,0.8714455445544556,0.1311881188118812,1.9421794252622964,2.7161756156914754,0.6900799999999999,0.08501793751555489,0.05752819976963974,0.08272,0
423,25,Right-skewed,20.0,0.0,clean,0.6,MedianMAD,500,0.0,0.0,0.8388712871287128,0.164019801980198,2.632900346686411,3.601864545488198,0.69504,0.0899131088010449,0.057884887313172796,0.09576,0
423,25,Right-skewed,20.0,0.0,clean,0.6,Percentile,500,0.0,0.0,0.8423168316831683,0.1685148514851485,2.6064852372632634,3.5113056209107616,0.66272,0.07765476240546033,0.027235123592793037,0.04288,0
423,25,Right-skewed,20.0,0.0,clean,0.6,QFactor,500,0.0,0.0,0.8628316831683168,0.4796435643564357,12.797974800765163,15.779122209720091,0.6891999999999999,0.08714671019720935,0.06188950156416035,0.04664,0
424,25,Right-skewed,20.0,0.05,lower,0.6,MaxMin,500,1.25,1.0,0.8271089108910892,0.4484950495049505,10.715321731788286,14.208592235199148,0.67096,0.09034269203432016,0.06548718287582524,0.06944,0
424,25,Right-skewed,20.0,0.05,lower,0.6,MeanSD,500,1.25,1.0,0.8603564356435645,0.14095049504950496,2.126226881296543,2.898511466961244,0.67048,0.08868087841464352,0.05743871808255567,0.07672,0
424,25,Right-skewed,20.0,0.05,lower,0.6,MedianMAD,500,1.25,1.0,0.831881188118812,0.1735247524752475,2.86602255665872,3.919488477138347,0.6731999999999999,0.09131504188110244,0.05666091607139034,0.08784,0
424,25,Right-skewed,20.0,0.05,lower,0.6,Percentile,500,1.25,1.0,0.835029702970297,0.17603960396039606,2.753812265456342,3.680381130127375,0.6407999999999999,0.07919029109940698,0.027681972370127164,0.03592,0
424,25,Right-skewed,20.0,0.05,lower,0.6,QFactor,500,1.25,1.0,0.8553861386138613,0.4799405940594059,12.744788573134258,15.731899834466196,0.6700799999999999,0.09062239478668474,0.06186268698232081,0.04064,0
425,25,Right-skewed,20.0,0.05,upper,0.6,MaxMin,500,1.25,1.0,0.9276831683168316,0.5583366336633663,8.364407991730344,9.254605954909511,0.7095199999999999,0.09093022716580472,0.05080316891904242,0.06704,0
425,25,Right-skewed,20.0,0.05,upper,0.6,MeanSD,500,1.25,1.0,0.8817227722772277,0.3334653465346535,6.0765219317855275,8.072529752495893,0.7434400000000001,0.08301535700698995,0.05307078866571356,0.19672,0
425,25,Right-skewed,20.0,0.05,upper,0.6,MedianMAD,500,1.25,1.0,0.8259603960396039,0.1783366336633663,2.8928182493637036,4.033577396860839,0.7176,0.09067460376276848,0.05725679961957005,0.09808,0
425,25,Right-skewed,20.0,0.05,upper,0.6,Percentile,500,1.25,1.0,0.8173267326732674,0.19297029702970295,2.9367897657526383,4.047193011996742,0.6805599999999999,0.08125078325505002,0.027049916731628695,0.03664,0
425,25,Right-skewed,20.0,0.05,upper,0.6,QFactor,500,1.25,1.0,0.9726534653465346,0.3934851485148515,5.808477739111422,7.001720737805619,0.7095199999999999,0.09093022716580472,0.046491382442019495,0.04344,0
426,25,Left-skewed,20.0,0.0,clean,0.6,MaxMin,500,0.0,0.0,0.7735445544554456,0.5521386138613862,12.59492693035165,15.794757788510443,1.0,0.0,0.06221762278250411,0.0,0
426,25,Left-skewed,20.0,0.0,clean,0.6,MeanSD,500,0.0,0.0,0.8403960396039604,0.16055445544554456,2.3775118983192787,3.0322904853669708,0.9212,0.03245715535698923,0.05801021732216293,0.0,0
426,25,Left-skewed,20.0,0.0,clean,0.6,MedianMAD,500,0.0,0.0,0.7948514851485149,0.2084752475247525,3.2478625539654655,4.169258113368088,0.90664,0.0636932025266134,0.06061705338400741,0.0,0
426,25,Left-skewed,20.0,0.0,clean,0.6,Percentile,500,0.0,0.0,0.8216039603960396,0.18805940594059406,2.8654493728425754,3.6953166519225347,0.9200000000000002,1.111334915764742e-16,1.4690458417765185e-15,0.0,0
426,25,Left-skewed,20.0,0.0,clean,0.6,QFactor,500,0.0,0.0,0.9248514851485148,0.24867326732673267,3.6668685489359207,4.701965363232372,1.0,0.0,0.051213294018875276,0.0,0
427,25,Left-skewed,20.0,0.05,lower,0.6,MaxMin,500,1.25,1.0,0.7832871287128712,0.5536039603960397,12.533256018574283,15.64389837526675,0.9600000000000002,2.222669831529484e-16,0.060886862379280385,0.0,0
427,25,Left-skewed,20.0,0.05,lower,0.6,MeanSD,500,1.25,1.0,0.8402970297029702,0.16035643564356436,2.3616442204083175,2.9910715917855697,0.8852000000000002,0.029885553242079553,0.0568663966573303,0.0,0
427,25,Left-skewed,20.0,0.05,lower,0.6,MedianMAD,500,1.25,1.0,0.7894455445544554,0.2129306930693069,3.344890393915074,4.286145836537569,0.87088,0.06264722619477897,0.05667443952285545,0.0,0
427,25,Left-skewed,20.0,0.05,lower,0.6,Percentile,500,1.25,1.0,0.8206930693069306,0.18954455445544552,2.8942880936106343,3.6898653702237634,0.8800000000000002,2.222669831529484e-16,1.5020385970882843e-15,0.0,0
427,25,Left-skewed,20.0,0.05,lower,0.6,QFactor,500,1.25,1.0,0.9290495049504951,0.25093069306930693,3.694637679741564,4.696872197219089,0.9600000000000002,2.222669831529484e-16,0.048309539536602636,0.0,0
428,25,Left-skewed,20.0,0.05,upper,0.6,MaxMin,500,1.25,1.0,0.7946930693069308,0.6265148514851485,14.281313646303197,16.880172132139947,1.0,0.0,0.05816335007023383,0.0,0
428,25,Left-skewed,20.0,0.05,upper,0.6,MeanSD,500,1.25,1.0,0.8551485148514852,0.16037623762376238,2.433171058530944,3.069909919673324,0.9282400000000002,0.030376765723025584,0.05257676021315189,0.0,0
428,25,Left-skewed,20.0,0.05,upper,0.6,MedianMAD,500,1.25,1.0,0.7921980198019802,0.21140594059405945,3.2529537131031363,4.19884353293287,0.9128,0.06029453426077231,0.0567768542380351,0.0,0
428,25,Left-skewed,20.0,0.05,upper,0.6,Percentile,500,1.25,1.0,0.825980198019802,0.189009900990099,2.8087191736423067,3.5790626701334207,0.9200000000000002,1.111334915764742e-16,1.4690458417765185e-15,0.0,0
428,25,Left-skewed,20.0,0.05,upper,0.6,QFactor,500,1.25,1.0,0.9734059405940595,0.04461386138613862,0.7136502130210052,0.9889159999597027,1.0,0.0,0.04890728345750347,0.0,0
429,25,Bimodal,20.0,0.0,clean,0.6,MaxMin,500,0.0,0.0,0.7863366336633664,0.3387920792079208,5.181909178193613,6.768234303065367,0.91928,0.05410115960810714,0.06540873304431055,0.00984,0
429,25,Bimodal,20.0,0.0,clean,0.6,MeanSD,500,0.0,0.0,0.7643366336633665,0.2365940594059406,3.4479207444323836,4.323572148740827,0.88552,0.05985896584124358,0.05896893849045012,0.00552,0
429,25,Bimodal,20.0,0.0,clean,0.6,MedianMAD,500,0.0,0.0,0.6556039603960395,0.34912871287128705,5.403011166607311,7.033011076125188,0.8907200000000001,0.07339656471131904,0.061880111645578204,0.01792,0
429,25,Bimodal,20.0,0.0,clean,0.6,Percentile,500,0.0,0.0,0.7267722772277228,0.2820792079207921,4.318066009726482,5.453310267109294,0.8555200000000001,0.04906265267772985,0.01610185820333848,0.00152,0
429,25,Bimodal,20.0,0.0,clean,0.6,QFactor,500,0.0,0.0,0.8606930693069308,0.3601188118811881,5.618677878035314,7.41994155833882,0.91928,0.05410115960810714,0.06494128349378536,0.01384,0
430,25,Bimodal,20.0,0.05,lower,0.6,MaxMin,500,1.25,1.0,0.7872475247524753,0.34902970297029706,5.352682227016578,6.926683427645148,0.88376,0.05456571482596868,0.06535416800425524,0.0084,0
430,25,Bimodal,20.0,0.05,lower,0.6,MeanSD,500,1.25,1.0,0.766039603960396,0.23445544554455444,3.4371407354483607,4.376625670299958,0.85016,0.05715336748459936,0.05845616596986615,0.00392,0
430,25,Bimodal,20.0,0.05,lower,0.6,MedianMAD,500,1.25,1.0,0.6598415841584158,0.3474257425742574,5.4694156235299705,7.264757728605449,0.8518400000000002,0.07313625793304507,0.062165974141814344,0.01544,0
430,25,Bimodal,20.0,0.05,lower,0.6,Percentile,500,1.25,1.0,0.7309504950495049,0.2817425742574257,4.3264771941314235,5.512753853103901,0.8201600000000001,0.04946177650134837,0.016871373036550615,0.00144,0
430,25,Bimodal,20.0,0.05,lower,0.6,QFactor,500,1.25,1.0,0.866851485148515,0.3768712871287129,5.884948767804505,7.641642353717669,0.88376,0.05456571482596868,0.06442259436758024,0.012,0
431,25,Bimodal,20.0,0.05,upper,0.6,MaxMin,500,1.25,1.0,0.8592277227722772,0.28306930693069304,4.229511165552168,5.512321471482825,0.92048,0.05305656980241369,0.06337882322110719,0.00992,0
431,25,Bimodal,20.0,0.05,upper,0.6,MeanSD,500,1.25,1.0,0.7792079207920793,0.2603762376237624,3.7661577162863917,4.672382463028146,0.8960800000000002,0.057752092675649715,0.05789320410450795,0.00824,0
431,25,Bimodal,20.0,0.05,upper,0.6,MedianMAD,500,1.25,1.0,0.6587524752475248,0.3448712871287129,5.360708721438316,7.125675131624065,0.8948800000000001,0.07087900441268251,0.06354945303146067,0.0192,0
431,25,Bimodal,20.0,0.05,upper,0.6,Percentile,500,1.25,1.0,0.7279009900990099,0.2818019801980198,4.259291001480652,5.374066278710915,0.8575200000000002,0.04693672028830781,0.01556254083390652,0.00184,0
431,25,Bimodal,20.0,0.05,upper,0.6,QFactor,500,1.25,1.0,0.9718415841584159,0.037980198019801986,0.5066552872801385,0.7483963751875004,0.92048,0.05305656980241369,0.062443007292966965,0.01344,0
432,30,Normal,20.0,0.0,clean,0.6,MaxMin,500,0.0,0.0,0.7783960396039603,0.5376237623762375,10.421461410648643,12.315778438683797,0.9997999999999999,0.0025768093759116592,0.06136089886198269,0.0,0
432,30,Normal,20.0,0.0,clean,0.6,MeanSD,500,0.0,0.0,0.8676633663366337,0.13235643564356436,1.9380345644856871,2.4437894137023206,0.9357333333333333,0.03011918727315033,0.05216290053880038,0.0,0
432,30,Normal,20.0,0.0,clean,0.6,MedianMAD,500,0.0,0.0,0.8233465346534654,0.17904950495049504,2.7030389017500096,3.447343444327841,0.9271333333333335,0.05138262041483211,0.05269498239581563,0.0,0
432,30,Normal,20.0,0.0,clean,0.6,Percentile,500,0.0,0.0,0.8437821782178219,0.16249504950495047,2.422319804088992,3.0469570804605466,0.9332666666666668,0.0014907119849998593,0.00037267799625043737,0.0,0
432,30,Normal,20.0,0.0,clean,0.6,QFactor,500,0.0,0.0,0.8793069306930693,0.452990099009901,7.57277915218976,9.465829110930462,0.9997999999999999,0.0025768093759116592,0.054637483959969174,6.666666666666667e-05,0
433,30,Normal,20.0,0.05,lower,0.6,MaxMin,500,1.5,2.0,0.7829900990099009,0.538990099009901,10.511538145441625,12.413164485614995,0.9332,0.002106071637468907,0.05797930059275165,0.0,0
433,30,Normal,20.0,0.05,lower,0.6,MeanSD,500,1.5,2.0,0.8684158415841583,0.1315841584158416,1.9207835815184127,2.4507973843634154,0.8721333333333335,0.028724538065267726,0.050131728713585774,0.0,0
433,30,Normal,20.0,0.05,lower,0.6,MedianMAD,500,1.5,2.0,0.8273861386138615,0.175029702970297,2.6660903288008475,3.4412459541480938,0.8635333333333335,0.05209017924280059,0.051202833458500144,0.0,0
433,30,Normal,20.0,0.05,lower,0.6,Percentile,500,1.5,2.0,0.8453267326732673,0.16114851485148515,2.42006385815959,3.060723437046321,0.8666666666666669,2.222669831529484e-16,3.577109260117764e-16,0.0,0
433,30,Normal,20.0,0.05,lower,0.6,QFactor,500,1.5,2.0,0.8801782178217822,0.4593069306930693,7.711709820803496,9.62202624688597,0.9332,0.002106071637468907,0.051515538871407744,0.0,0
434,30,Normal,20.0,0.05,upper,0.6,MaxMin,500,1.5,2.0,0.8234059405940596,0.5709108910891089,11.660943963707211,13.673932848706144,0.9997999999999999,0.0025768093759116597,0.054203489236854224,0.0,0
434,30,Normal,20.0,0.05,upper,0.6,MeanSD,500,1.5,2.0,0.875881188118812,0.2558811881188119,3.8719559393917486,4.67824855784442,0.9621333333333334,0.02697351843845096,0.04810002160556169,0.0,0
434,30,Normal,20.0,0.05,upper,0.6,MedianMAD,500,1.5,2.0,0.8153465346534654,0.19489108910891087,2.965591522567918,3.8437798749537095,0.9344000000000001,0.05180956170041782,0.05037329653852098,0.0,0
434,30,Normal,20.0,0.05,upper,0.6,Percentile,500,1.5,2.0,0.8236435643564357,0.2163762376237624,3.246183055940752,4.3756379164954575,0.9333333333333335,1.111334915764742e-16,6.980572439647287e-16,0.0,0
434,30,Normal,20.0,0.05,upper,0.6,QFactor,500,1.5,2.0,0.9812277227722773,0.052990099009900996,0.8080486072918845,1.0614315778430572,0.9997999999999999,0.0025768093759116597,0.044615904321584146,0.0,0
435,30,Compressed Normal,20.0,0.0,clean,0.6,MaxMin,500,0.0,0.0,0.922950495049505,0.2581782178217822,5.1678469217407725,6.166382569772089,1.0,0.0,0.06081189721673268,0.0,0
435,30,Compressed Normal,20.0,0.0,clean,0.6,MeanSD,500,0.0,0.0,0.9535247524752475,0.046495049504950495,0.6704043415409274,0.8399485174486748,0.937,0.02897145763301234,0.05106801729090657,0.0,0
435,30,Compressed Normal,20.0,0.0,clean,0.6,MedianMAD,500,0.0,0.0,0.940970297029703,0.05902970297029703,0.877872338319347,1.1261415164067008,0.9298666666666668,0.05356562638893205,0.05243943231003271,0.0,0
435,30,Compressed Normal,20.0,0.0,clean,0.6,Percentile,500,0.0,0.0,0.9472079207920793,0.053267326732673266,0.8064421216350299,1.0217354649566204,0.9333333333333335,1.111334915764742e-16,6.980572439647287e-16,0.0,0
435,30,Compressed Normal,20.0,0.0,clean,0.6,QFactor,500,0.0,0.0,0.9572277227722773,0.2724950495049505,3.7556756428347198,4.616448753948128,1.0,0.0,0.04415174639954461,0.0,0
436,30,Compressed Normal,20.0,0.05,lower,0.6,MaxMin,500,1.5,2.0,0.9206336633663367,0.2594653465346535,5.186722245963617,6.174299686983933,0.9333333333333335,1.111334915764742e-16,0.05820855671724393,0.0,0
436,30,Compressed Normal,20.0,0.05,lower,0.6,MeanSD,500,1.5,2.0,0.9537821782178217,0.046495049504950495,0.6764378862042518,0.8571324456045559,0.8718666666666668,0.029310794766162385,0.049163823551742813,0.0,0
436,30,Compressed Normal,20.0,0.05,lower,0.6,MedianMAD,500,1.5,2.0,0.938950495049505,0.06184158415841585,0.9366572149495683,1.201100821653857,0.8623333333333335,0.052515226662332194,0.05108673298281323,0.0,0
436,30,Compressed Normal,20.0,0.05,lower,0.6,Percentile,500,1.5,2.0,0.9458019801980199,0.05508910891089109,0.8275565338362987,1.0432433902637042,0.8666666666666669,2.222669831529484e-16,3.577109260117764e-16,0.0,0
436,30,Compressed Normal,20.0,0.05,lower,0.6,QFactor,500,1.5,2.0,0.9613069306930692,0.2813069306930693,3.899849537237196,4.765915734312225,0.9333333333333335,1.111334915764742e-16,0.039187640955445226,0.0,0
437,30,Compressed Normal,20.0,0.05,upper,0.6,MaxMin,500,1.5,2.0,0.9363762376237623,0.49639603960396034,15.32949715803905,15.702988155218934,1.0,0.0,0.04268050175915438,0.0,0
437,30,Compressed Normal,20.0,0.05,upper,0.6,MeanSD,500,1.5,2.0,0.9627524752475247,0.2836831683168317,5.918737812698242,6.967104787997179,0.9999333333333333,0.0014907119849998593,0.03023032356584021,0.0,0
437,30,Compressed Normal,20.0,0.05,upper,0.6,MedianMAD,500,1.5,2.0,0.937960396039604,0.06677227722772278,0.9638854838309049,1.2625174933300114,0.9374000000000001,0.04921014969721184,0.04955225213146903,0.0,0
437,30,Compressed Normal,20.0,0.05,upper,0.6,Percentile,500,1.5,2.0,0.9396831683168319,0.0883168316831683,1.2797242326985085,1.8527650431854525,0.9333333333333335,1.111334915764742e-16,6.980572439647287e-16,0.0,0
437,30,Compressed Normal,20.0,0.05,upper,0.6,QFactor,500,1.5,2.0,0.9807128712871288,0.5078019801980198,9.291905351920192,11.176053721505566,1.0,0.0,0.020565977601083942,0.0,0
438,30,Uniform,20.0,0.0,clean,0.6,MaxMin,500,0.0,0.0,0.797980198019802,0.2926930693069307,4.266053622022928,5.68343787694893,0.8944666666666667,0.05613590881329317,0.061455011665867365,0.017933333333333332,0
438,30,Uniform,20.0,0.0,clean,0.6,MeanSD,500,0.0,0.0,0.7791089108910891,0.22271287128712872,3.2220480396972335,4.035207134281196,0.8672666666666669,0.05715043608485747,0.05488277139044425,0.009266666666666666,0
438,30,Uniform,20.0,0.0,clean,0.6,MedianMAD,500,0.0,0.0,0.6676435643564357,0.338039603960396,5.1324836397963525,6.784570638448579,0.8742000000000001,0.06588489520831765,0.05839967054011168,0.0228,0
438,30,Uniform,20.0,0.0,clean,0.6,Percentile,500,0.0,0.0,0.7344158415841584,0.281049504950495,4.168954584401275,5.257882750442139,0.8516000000000001,0.04903540725385407,0.014903702825709532,0.004933333333333333,0
438,30,Uniform,20.0,0.0,clean,0.6,QFactor,500,0.0,0.0,0.8695247524752475,0.2944950495049505,4.415116135529084,5.995081977119203,0.8944666666666667,0.05613590881329317,0.06037906873573677,0.015666666666666666,0
439,30,Uniform,20.0,0.05,lower,0.6,MaxMin,500,1.5,2.0,0.7942772277227723,0.3047920792079208,4.488984239782891,5.9512332740048075,0.8386666666666668,0.05214610445851323,0.05866453373831802,0.015266666666666666,0
439,30,Uniform,20.0,0.05,lower,0.6,MeanSD,500,1.5,2.0,0.7742178217821784,0.22582178217821777,3.286520411807973,4.206273662194544,0.8115333333333333,0.05423794447019371,0.051980540651434204,0.007066666666666666,0
439,30,Uniform,20.0,0.05,lower,0.6,MedianMAD,500,1.5,2.0,0.6655247524752476,0.3397623762376238,5.2257111525682625,6.952058524804922,0.8138666666666667,0.0657497397620689,0.055264057918098866,0.0188,0
439,30,Uniform,20.0,0.05,lower,0.6,Percentile,500,1.5,2.0,0.7296831683168318,0.28225742574257423,4.230222453338376,5.4013117657248015,0.7918666666666668,0.046143454973308504,0.015283278056007071,0.0038,0
439,30,Uniform,20.0,0.05,lower,0.6,QFactor,500,1.5,2.0,0.8704554455445545,0.30297029702970296,4.591523862298557,6.214172816124056,0.8386666666666668,0.05214610445851323,0.0569349042437769,0.013933333333333334,0
440,30,Uniform,20.0,0.05,upper,0.6,MaxMin,500,1.5,2.0,0.8663762376237623,0.23146534653465348,3.4357794964637853,4.748459777869404,0.9010000000000002,0.056557323088378034,0.05961981861784689,0.0168,0
440,30,Uniform,20.0,0.05,upper,0.6,MeanSD,500,1.5,2.0,0.791128712871287,0.318970297029703,4.695699453017303,5.684558589448281,0.8781333333333334,0.05660222671045378,0.05237862697319562,0.008866666666666667,0
440,30,Uniform,20.0,0.05,upper,0.6,MedianMAD,500,1.5,2.0,0.6623762376237624,0.36225742574257436,5.572225157890835,7.261948011293213,0.8788666666666668,0.06828402183159114,0.05589288331706956,0.0226,0
440,30,Uniform,20.0,0.05,upper,0.6,Percentile,500,1.5,2.0,0.7274851485148516,0.3404950495049505,5.141348800708328,6.3675159579426595,0.8559333333333334,0.050231217777071895,0.015080756783197792,0.0034,0
440,30,Uniform,20.0,0.05,upper,0.6,QFactor,500,1.5,2.0,0.9805346534653466,0.045089108910891094,0.656274441520032,0.8980615524472537,0.9010000000000002,0.056557323088378034,0.05741285983645675,0.016266666666666665,0
441,30,Right-skewed,20.0,0.0,clean,0.6,MaxMin,500,0.0,0.0,0.8382178217821782,0.4427722772277228,10.313683483594454,13.660961074516633,0.7010666666666666,0.08320950051096272,0.05984966503986333,0.07893333333333333,0
441,30,Right-skewed,20.0,0.0,clean,0.6,MeanSD,500,0.0,0.0,0.8767920792079208,0.12398019801980198,1.8201348283188719,2.504244208452073,0.6982666666666666,0.08236441393134172,0.0528276087063728,0.08066666666666666,0
441,30,Right-skewed,20.0,0.0,clean,0.6,MedianMAD,500,0.0,0.0,0.844970297029703,0.158,2.516394858157952,3.5013960540723024,0.7035333333333332,0.08586834931156914,0.05351289584250732,0.09313333333333333,0
441,30,Right-skewed,20.0,0.0,clean,0.6,Percentile,500,0.0,0.0,0.8502376237623762,0.15554455445544554,2.335293456603826,3.1204664978297934,0.6794666666666666,0.07845468080712434,0.02430708924906579,0.0412,0
441,30,Right-skewed,20.0,0.0,clean,0.6,QFactor,500,0.0,0.0,0.8624356435643564,0.47550495049504954,12.263903543753674,15.121298659988943,0.7001333333333332,0.08374968801558391,0.056763640057835865,0.048266666666666666,0
442,30,Right-skewed,20.0,0.05,lower,0.6,MaxMin,500,1.5,2.0,0.8358217821782179,0.445920792079208,10.555354142505115,13.967412702520797,0.6465333333333333,0.07974005865252304,0.05766663203577634,0.0768,0
442,30,Right-skewed,20.0,0.05,lower,0.6,MeanSD,500,1.5,2.0,0.8746336633663365,0.12613861386138614,1.8603521135635017,2.5883631475399613,0.6459333333333331,0.07810318098789268,0.05116873899258933,0.07666666666666666,0
442,30,Right-skewed,20.0,0.05,lower,0.6,MedianMAD,500,1.5,2.0,0.8394653465346534,0.16271287128712872,2.5839426993729897,3.551386982641084,0.6512666666666667,0.08025063721860674,0.05203388913082887,0.09746666666666666,0
442,30,Right-skewed,20.0,0.05,lower,0.6,Percentile,500,1.5,2.0,0.8464158415841584,0.16118811881188116,2.4500478292155607,3.2678012807466663,0.6242666666666666,0.07372471015879424,0.02343857371276628,0.038933333333333334,0
442,30,Right-skewed,20.0,0.05,lower,0.6,QFactor,500,1.5,2.0,0.8644752475247525,0.4777821782178219,12.50675156306014,15.408216388298676,0.6453333333333332,0.08034661052160999,0.055034976905579056,0.0444,0
443,30,Right-skewed,20.0,0.05,upper,0.6,MaxMin,500,1.5,2.0,0.9323168316831681,0.563029702970297,8.469784255070477,9.400053266515242,0.7194666666666666,0.0831825221866228,0.045221606837369886,0.074,0
443,30,Right-skewed,20.0,0.05,upper,0.6,MeanSD,500,1.5,2.0,0.8891881188118811,0.4298811881188118,8.814526546236557,11.658014339534573,0.7562000000000001,0.07741800239084176,0.04568888674479936,0.2136,0
443,30,Right-skewed,20.0,0.05,upper,0.6,MedianMAD,500,1.5,2.0,0.82990099009901,0.1779207920792079,2.8326092369186093,3.9857756777845936,0.7264666666666667,0.07819185193609482,0.05085214328033794,0.10253333333333334,0
443,30,Right-skewed,20.0,0.05,upper,0.6,Percentile,500,1.5,2.0,0.8096633663366336,0.4162970297029703,6.182298638759437,11.049663761784656,0.695,0.07564389965268109,0.02338605787511111,0.03426666666666667,0
443,30,Right-skewed,20.0,0.05,upper,0.6,QFactor,500,1.5,2.0,0.982019801980198,0.40910891089108914,6.032195659611401,7.263197568930638,0.7194666666666666,0.0831825221866228,0.04101049251899333,0.04073333333333334,0
444,30,Left-skewed,20.0,0.0,clean,0.6,MaxMin,500,0.0,0.0,0.7749504950495048,0.542990099009901,11.988688073138748,15.044007190513573,1.0,0.0,0.05822732132632525,0.0,0
444,30,Left-skewed,20.0,0.0,clean,0.6,MeanSD,500,0.0,0.0,0.8536039603960396,0.14695049504950494,2.1598557512671905,2.779932403412266,0.9204000000000001,0.03009404098164967,0.05209427698800873,0.0,0
444,30,Left-skewed,20.0,0.0,clean,0.6,MedianMAD,500,0.0,0.0,0.8096831683168316,0.19134653465346535,2.9203268029838365,3.777358763982414,0.9074666666666666,0.05640676774017269,0.054198229641053586,0.0,0
444,30,Left-skewed,20.0,0.0,clean,0.6,Percentile,500,0.0,0.0,0.8316831683168316,0.1767128712871287,2.638904623242971,3.3956254787580167,0.9333333333333335,1.111334915764742e-16,6.980572439647287e-16,0.0,0
444,30,Left-skewed,20.0,0.0,clean,0.6,QFactor,500,0.0,0.0,0.92990099009901,0.2372871287128713,3.49516991898565,4.463841261843107,1.0,0.0,0.048349494455095524,0.0,0
445,30,Left-skewed,20.0,0.05,lower,0.6,MaxMin,500,1.5,2.0,0.7765346534653466,0.5506534653465347,12.313192917795295,15.392391671113058,0.9333333333333335,1.111334915764742e-16,0.0556969936028089,0.0,0
445,30,Left-skewed,20.0,0.05,lower,0.6,MeanSD,500,1.5,2.0,0.8521386138613861,0.14811881188118814,2.164328122251387,2.751830110339441,0.8601333333333335,0.02896538524930813,0.0498470194568303,0.0,0
445,30,Left-skewed,20.0,0.05,lower,0.6,MedianMAD,500,1.5,2.0,0.805960396039604,0.1948712871287129,2.985923070026119,3.8215074799360176,0.8450666666666669,0.05579425895195068,0.05183200160669462,0.0,0
445,30,Left-skewed,20.0,0.05,lower,0.6,Percentile,500,1.5,2.0,0.8304950495049505,0.1782178217821782,2.661441434547695,3.4255517686439645,0.8666666666666669,2.222669831529484e-16,3.577109260117764e-16,0.0,0
445,30,Left-skewed,20.0,0.05,lower,0.6,QFactor,500,1.5,2.0,0.9267920792079208,0.23548514851485147,3.4825670971857345,4.484770614492603,0.9333333333333335,1.111334915764742e-16,0.046556969801563985,0.0,0
446,30,Left-skewed,20.0,0.05,upper,0.6,MaxMin,500,1.5,2.0,0.791069306930693,0.6281188118811881,13.918634362866182,16.394036593481573,1.0,0.0,0.05459869506862501,0.0,0
446,30,Left-skewed,20.0,0.05,upper,0.6,MeanSD,500,1.5,2.0,0.8689702970297031,0.18423762376237623,2.8179917718724736,3.398132563683418,0.9298666666666668,0.027213498163557164,0.04725093402849579,0.0,0
446,30,Left-skewed,20.0,0.05,upper,0.6,MedianMAD,500,1.5,2.0,0.8027128712871285,0.21015841584158415,3.1857265617176798,4.066911435133427,0.9096666666666667,0.05533143391964147,0.051646705253447195,0.0,0
446,30,Left-skewed,20.0,0.05,upper,0.6,Percentile,500,1.5,2.0,0.8317227722772277,0.20534653465346533,3.072926170591094,3.855132986148203,0.9333333333333335,1.111334915764742e-16,6.980572439647287e-16,0.0,0
446,30,Left-skewed,20.0,0.05,upper,0.6,QFactor,500,1.5,2.0,0.9812871287128713,0.026594059405940593,0.4765249043395648,0.6954294483226519,1.0,0.0,0.04463714633237095,0.0,0
447,30,Bimodal,20.0,0.0,clean,0.6,MaxMin,500,0.0,0.0,0.806,0.3207326732673268,4.796000490776412,6.215197545810481,0.9212000000000001,0.04530389236151773,0.060964267629419464,0.011333333333333334,0
447,30,Bimodal,20.0,0.0,clean,0.6,MeanSD,500,0.0,0.0,0.7907524752475249,0.21003960396039603,3.042694054375834,3.801441337801498,0.8861333333333336,0.05085490469514216,0.05418769980800974,0.005333333333333333,0
447,30,Bimodal,20.0,0.0,clean,0.6,MedianMAD,500,0.0,0.0,0.6736435643564355,0.33083168316831685,5.068371734385536,6.637918584406437,0.8952000000000002,0.06427978257245266,0.05846295637666357,0.017866666666666666,0
447,30,Bimodal,20.0,0.0,clean,0.6,Percentile,500,0.0,0.0,0.751861386138614,0.25716831683168323,3.8563568674257374,4.874428270033856,0.8700000000000002,0.04233761727544445,0.012643662814585798,0.002533333333333333,0
447,30,Bimodal,20.0,0.0,clean,0.6,QFactor,500,0.0,0.0,0.8804752475247525,0.3481584158415842,5.264683338823993,6.84339038938102,0.9212000000000001,0.04530389236151773,0.06044016581581926,0.012066666666666667,0
448,30,Bimodal,20.0,0.05,lower,0.6,MaxMin,500,1.5,2.0,0.7932079207920792,0.33380198019801977,5.037926208303371,6.535522271094598,0.8555333333333335,0.04947333400034583,0.05932840014291135,0.011133333333333334,0
448,30,Bimodal,20.0,0.05,lower,0.6,MeanSD,500,1.5,2.0,0.7801584158415842,0.21984158415841584,3.222096815353043,4.107330968951328,0.8210000000000001,0.05451247459471591,0.05312463829412646,0.0044,0
448,30,Bimodal,20.0,0.05,lower,0.6,MedianMAD,500,1.5,2.0,0.6773861386138612,0.32738613861386134,5.074254919490817,6.765865107343269,0.8254666666666669,0.06726769818994018,0.05587339871951103,0.0156,0
448,30,Bimodal,20.0,0.05,lower,0.6,Percentile,500,1.5,2.0,0.7466336633663366,0.2636831683168317,3.9873793312411525,5.116184741737277,0.8054000000000001,0.04525781560216416,0.01475716664031491,0.0012666666666666666,0
448,30,Bimodal,20.0,0.05,lower,0.6,QFactor,500,1.5,2.0,0.8701980198019801,0.3588316831683169,5.515472229644673,7.1943933655188435,0.8555333333333335,0.04947333400034583,0.057015103339832195,0.012466666666666666,0
449,30,Bimodal,20.0,0.05,upper,0.6,MaxMin,500,1.5,2.0,0.8806336633663365,0.27378217821782175,4.041088978666663,5.162288707142556,0.9272,0.047260088031343614,0.055220658042879206,0.010333333333333333,0
449,30,Bimodal,20.0,0.05,upper,0.6,MeanSD,500,1.5,2.0,0.8007920792079207,0.31110891089108905,4.550551360626381,5.52143485463858,0.9041333333333335,0.050477832547693446,0.049784105833975814,0.006466666666666667,0
449,30,Bimodal,20.0,0.05,upper,0.6,MedianMAD,500,1.5,2.0,0.674891089108911,0.34417821782178226,5.194536236195826,6.798225779659296,0.9030666666666668,0.061412310105987675,0.05322034110671079,0.016666666666666666,0
449,30,Bimodal,20.0,0.05,upper,0.6,Percentile,500,1.5,2.0,0.7453069306930693,0.320970297029703,4.7486932879397745,5.88726949963912,0.8760666666666669,0.040953835663259774,0.011989153521565113,0.0010666666666666667,0
449,30,Bimodal,20.0,0.05,upper,0.6,QFactor,500,1.5,2.0,0.982019801980198,0.020633663366336635,0.3184914574762437,0.4704072727591602,0.9272,0.047260088031343614,0.05420451145625555,0.010666666666666666,0
450,40,Normal,20.0,0.0,clean,0.6,MaxMin,500,0.0,0.0,0.7797029702970297,0.5197821782178218,9.642973395081075,11.38859186212308,0.9999,0.0015795537281016831,0.05412173430226344,0.0,0
450,40,Normal,20.0,0.0,clean,0.6,MeanSD,500,0.0,0.0,0.8871089108910892,0.11302970297029703,1.6400226652193903,2.0960130816081026,0.93475,0.02588489047900762,0.04398937018509946,0.0,0
450,40,Normal,20.0,0.0,clean,0.6,MedianMAD,500,0.0,0.0,0.8499207920792079,0.1505742574257426,2.2309456120196707,2.870863400973276,0.9283499999999999,0.04417499700873156,0.04497684512163259,0.0,0
450,40,Normal,20.0,0.0,clean,0.6,Percentile,500,0.0,0.0,0.8645148514851485,0.14007920792079206,2.048732445952133,2.5921037130231013,0.9249,0.0015795537281016831,0.0007897768640512605,0.0,0
450,40,Normal,20.0,0.0,clean,0.6,QFactor,500,0.0,0.0,0.8833465346534654,0.4317227722772277,6.999086338663638,8.781288984334742,0.9999,0.0015795537281016831,0.047881035882948356,5e-05,0
451,40,Normal,20.0,0.05,lower,0.6,MaxMin,500,2.0,2.0,0.7849702970297029,0.5221782178217821,9.794896293184978,11.615034142891277,0.9496999999999998,0.00272485773929553,0.05290349455086137,0.0,0
451,40,Normal,20.0,0.05,lower,0.6,MeanSD,500,2.0,2.0,0.8803366336633663,0.11966336633663364,1.7362193959983168,2.188851838460496,0.8879000000000001,0.025979605073201555,0.044122266215902414,0.0,0
451,40,Normal,20.0,0.05,lower,0.6,MedianMAD,500,2.0,2.0,0.8405742574257425,0.15952475247524756,2.369245483325415,3.0241856763801893,0.8834000000000001,0.044309894306654975,0.04475471462163805,0.0,0
451,40,Normal,20.0,0.05,lower,0.6,Percentile,500,2.0,2.0,0.8570891089108911,0.14415841584158415,2.116475263493542,2.6709133791572297,0.8749,0.0015795537281016831,0.0003948884320256337,0.0,0
451,40,Normal,20.0,0.05,lower,0.6,QFactor,500,2.0,2.0,0.8851881188118812,0.43889108910891095,7.159875346038423,8.943658086031903,0.9496999999999998,0.00272485773929553,0.04660416432245949,5e-05,0
452,40,Normal,20.0,0.05,upper,0.6,MaxMin,500,2.0,2.0,0.8326336633663367,0.5584752475247524,10.972325653051618,12.885043329903546,0.9998499999999999,0.001932607031933746,0.04964852401744092,0.0,0
452,40,Normal,20.0,0.05,upper,0.6,MeanSD,500,2.0,2.0,0.8886138613861386,0.2106930693069307,3.1142988589483207,3.7916857926300214,0.95825,0.023275975641939648,0.04320998386833927,0.0,0
452,40,Normal,20.0,0.05,upper,0.6,MedianMAD,500,2.0,2.0,0.838970297029703,0.17011881188118813,2.519536210776342,3.2428043991178583,0.9372,0.04344461842092158,0.045178057144184644,0.0,0
452,40,Normal,20.0,0.05,upper,0.6,Percentile,500,2.0,2.0,0.846,0.18007920792079207,2.648168974093759,3.462322056144243,0.9249500000000002,0.0011180339887498958,0.000559016994375369,0.0,0
452,40,Normal,20.0,0.05,upper,0.6,QFactor,500,2.0,2.0,0.9798415841584158,0.05302970297029703,0.8061177950308229,1.0702832509302715,0.9998499999999999,0.001932607031933746,0.03818598129770168,0.0,0
453,40,Compressed Normal,20.0,0.0,clean,0.6,MaxMin,500,0.0,0.0,0.928990099009901,0.2546732673267327,4.93983941737604,5.881578578401195,1.0,0.0,0.056129727345542994,0.0,0
453,40,Compressed Normal,20.0,0.0,clean,0.6,MeanSD,500,0.0,0.0,0.960891089108911,0.03910891089108911,0.5629871803236575,0.7160585224655077,0.9346000000000001,0.024679102824707054,0.044189936789838985,0.0,0
453,40,Compressed Normal,20.0,0.0,clean,0.6,MedianMAD,500,0.0,0.0,0.94590099009901,0.0541980198019802,0.7921476641657725,1.001515310630304,0.9275,0.04757390622080777,0.047565355754757496,0.0,0
453,40,Compressed Normal,20.0,0.0,clean,0.6,Percentile,500,0.0,0.0,0.9521782178217822,0.04782178217821782,0.7042593481456606,0.8850015459953982,0.9250000000000003,2.222669831529484e-16,6.32071733341197e-16,0.0,0
453,40,Compressed Normal,20.0,0.0,clean,0.6,QFactor,500,0.0,0.0,0.9632871287128713,0.26712871287128714,3.639387001135167,4.456409943454138,1.0,0.0,0.040858162786578764,0.0,0
454,40,Compressed Normal,20.0,0.05,lower,0.6,MaxMin,500,2.0,2.0,0.924930693069307,0.2547920792079208,4.991219902502406,5.947960306448376,0.9499999999999997,2.222669831529484e-16,0.05477766957635177,0.0,0
454,40,Compressed Normal,20.0,0.05,lower,0.6,MeanSD,500,2.0,2.0,0.958019801980198,0.042099009900990095,0.6017528065721467,0.7496140594550303,0.88635,0.025371537790597563,0.043337378332198084,0.0,0
454,40,Compressed Normal,20.0,0.05,lower,0.6,MedianMAD,500,2.0,2.0,0.9450099009900992,0.05588118811881188,0.8061662757473866,1.0327089173992028,0.8805,0.04724101424454928,0.04549581923149793,0.0,0
454,40,Compressed Normal,20.0,0.05,lower,0.6,Percentile,500,2.0,2.0,0.9509306930693069,0.04986138613861386,0.7374362248901255,0.9226218296289974,0.875,0.0,4.1501413260589586e-16,0.0,0
454,40,Compressed Normal,20.0,0.05,lower,0.6,QFactor,500,2.0,2.0,0.9587722772277227,0.2670891089108911,3.6618769519977916,4.495977225788484,0.9499999999999997,2.222669831529484e-16,0.040657722066862544,0.0,0
455,40,Compressed Normal,20.0,0.05,upper,0.6,MaxMin,500,2.0,2.0,0.9388712871287128,0.4945544554455446,14.972967743920687,15.376268519244665,1.0,0.0,0.038997648643814414,0.0,0
455,40,Compressed Normal,20.0,0.05,upper,0.6,MeanSD,500,2.0,2.0,0.966,0.2491881188118812,4.8562268899248,5.704608572325485,0.9993500000000001,0.003982363423505416,0.029231486430594995,0.0,0
455,40,Compressed Normal,20.0,0.05,upper,0.6,MedianMAD,500,2.0,2.0,0.9452871287128712,0.06023762376237624,0.8443913778177383,1.0884890500385964,0.9331,0.04464724799477582,0.04386792327339098,0.0,0
455,40,Compressed Normal,20.0,0.05,upper,0.6,Percentile,500,2.0,2.0,0.9501188118811882,0.06372277227722772,0.8998707324607425,1.2059012994322893,0.9250000000000003,2.222669831529484e-16,6.32071733341197e-16,0.0,0
455,40,Compressed Normal,20.0,0.05,upper,0.6,QFactor,500,2.0,2.0,0.9842772277227724,0.507009900990099,9.241279052049467,11.114009963279948,1.0,0.0,0.01769495900342081,0.0,0
456,40,Uniform,20.0,0.0,clean,0.6,MaxMin,500,0.0,0.0,0.8135643564356434,0.26241584158415837,3.7817398789383736,5.144741881614562,0.8953,0.04573941613506619,0.054587939653902094,0.0205,0
456,40,Uniform,20.0,0.0,clean,0.6,MeanSD,500,0.0,0.0,0.797049504950495,0.20316831683168313,2.9391386081766995,3.6437984151677614,0.8638499999999999,0.047051622824519475,0.047565780236034264,0.0076,0
456,40,Uniform,20.0,0.0,clean,0.6,MedianMAD,500,0.0,0.0,0.6997623762376239,0.30542574257425736,4.557458976114099,6.020288236616424,0.87245,0.055888232115338526,0.05130095607065976,0.0196,0
456,40,Uniform,20.0,0.0,clean,0.6,Percentile,500,0.0,0.0,0.7568316831683168,0.25318811881188114,3.7013928919384873,4.670873393842385,0.84425,0.04007992390962341,0.013581540121969798,0.0045,0
456,40,Uniform,20.0,0.0,clean,0.6,QFactor,500,0.0,0.0,0.872891089108911,0.2653069306930693,3.9063412679388105,5.402925597812591,0.8953,0.04573941613506619,0.05274792085788358,0.017,0
457,40,Uniform,20.0,0.05,lower,0.6,MaxMin,500,2.0,2.0,0.8302970297029703,0.2585148514851485,3.711196135392427,4.95531767216488,0.84925,0.04644892361519286,0.051882860411685564,0.0192,0
457,40,Uniform,20.0,0.05,lower,0.6,MeanSD,500,2.0,2.0,0.7965148514851486,0.20364356435643557,2.936186182696127,3.680036608667118,0.8225,0.046830932860077536,0.04587964258169468,0.00805,0
457,40,Uniform,20.0,0.05,lower,0.6,MedianMAD,500,2.0,2.0,0.6973267326732674,0.3053465346534654,4.524814839214748,5.965959177289247,0.8306000000000001,0.05524712199724032,0.04853064735346324,0.01975,0
457,40,Uniform,20.0,0.05,lower,0.6,Percentile,500,2.0,2.0,0.7539405940594059,0.2544158415841584,3.698242722526974,4.626754010431046,0.79615,0.04257408372719747,0.013712923117748344,0.00395,0
457,40,Uniform,20.0,0.05,lower,0.6,QFactor,500,2.0,2.0,0.8895841584158415,0.26453465346534655,3.8679227445480793,5.235537912453549,0.84925,0.04644892361519286,0.05051982006747109,0.01535,0
458,40,Uniform,20.0,0.05,upper,0.6,MaxMin,500,2.0,2.0,0.8880396039603962,0.19384158415841587,2.833053424350286,4.008584522893674,0.9014500000000001,0.04336367508218447,0.05056911134876513,0.01815,0
458,40,Uniform,20.0,0.05,upper,0.6,MeanSD,500,2.0,2.0,0.8132079207920793,0.2544752475247525,3.72680296961406,4.565203316752306,0.87675,0.047011782729767464,0.04483238231106199,0.00805,0
458,40,Uniform,20.0,0.05,upper,0.6,MedianMAD,500,2.0,2.0,0.6977623762376238,0.31312871287128713,4.696658757335213,6.254379738272844,0.8814000000000001,0.05677134816035188,0.048718039828524975,0.02045,0
458,40,Uniform,20.0,0.05,upper,0.6,Percentile,500,2.0,2.0,0.7543762376237623,0.2843762376237624,4.202499848771405,5.266526659075696,0.8490999999999999,0.040123681531475636,0.013678456643025957,0.00355,0
458,40,Uniform,20.0,0.05,upper,0.6,QFactor,500,2.0,2.0,0.9804356435643564,0.04225742574257425,0.6253078707411519,0.8772647610712929,0.9014500000000001,0.04336367508218447,0.04929982517556909,0.01505,0
459,40,Right-skewed,20.0,0.0,clean,0.6,MaxMin,500,0.0,0.0,0.8458019801980198,0.43677227722772277,9.860269993538045,13.069759307764715,0.69425,0.07287873572065093,0.05307389517602974,0.09295,0
459,40,Right-skewed,20.0,0.0,clean,0.6,MeanSD,500,0.0,0.0,0.8883168316831683,0.1119009900990099,1.6413593266051478,2.282812939967099,0.6931499999999999,0.07100641747507962,0.04573048551972396,0.084,0
459,40,Right-skewed,20.0,0.0,clean,0.6,MedianMAD,500,0.0,0.0,0.8626336633663367,0.1381980198019802,2.1184200401539397,2.9983772444496943,0.70025,0.07133628270705535,0.04685777138031135,0.1052,0
459,40,Right-skewed,20.0,0.0,clean,0.6,Percentile,500,0.0,0.0,0.862930693069307,0.14253465346534655,2.1011429229864267,2.8645739106201824,0.6782999999999999,0.06381421870569313,0.02149973823247711,0.0458,0
459,40,Right-skewed,20.0,0.0,clean,0.6,QFactor,500,0.0,0.0,0.8620594059405942,0.4692277227722772,11.594636150190428,14.337406943633564,0.69325,0.07340957315542519,0.04979239793320857,0.0474,0
460,40,Right-skewed,20.0,0.05,lower,0.6,MaxMin,500,2.0,2.0,0.8489504950495049,0.44384158415841585,10.248264712139543,13.511200689316313,0.6604500000000001,0.06807213181809808,0.05106697315669445,0.0854,0
460,40,Right-skewed,20.0,0.05,lower,0.6,MeanSD,500,2.0,2.0,0.8892277227722774,0.11196039603960396,1.6276816570858974,2.2578627330896692,0.6597999999999999,0.06627779032965692,0.04433162462412938,0.0769,0
460,40,Right-skewed,20.0,0.05,lower,0.6,MedianMAD,500,2.0,2.0,0.8563762376237624,0.14532673267326734,2.2652409960282136,3.1563446116525715,0.6662,0.06884431042690684,0.045751642731455676,0.0936,0
460,40,Right-skewed,20.0,0.05,lower,0.6,Percentile,500,2.0,2.0,0.8602970297029704,0.14473267326732672,2.1515192948901882,2.894780799628642,0.648,0.05992229437133938,0.020268098037669775,0.04225,0
460,40,Right-skewed,20.0,0.05,lower,0.6,QFactor,500,2.0,2.0,0.8670099009900989,0.47528712871287127,12.050029113524129,14.810520365396563,0.6599,0.06838378963885185,0.048570681603346266,0.0451,0
461,40,Right-skewed,20.0,0.05,upper,0.6,MaxMin,500,2.0,2.0,0.9397227722772278,0.5502178217821783,8.218183815840119,9.165917256377002,0.7136,0.06918897476084548,0.040102809563945074,0.0792,0
461,40,Right-skewed,20.0,0.05,upper,0.6,MeanSD,500,2.0,2.0,0.9041584158415841,0.36699009900990104,6.964535800946896,9.20615845998549,0.7476,0.0650977375249073,0.04135772506800482,0.20785,0
461,40,Right-skewed,20.0,0.05,upper,0.6,MedianMAD,500,2.0,2.0,0.855168316831683,0.14970297029702972,2.280496487128918,3.2169094943353516,0.7215,0.06783770270148917,0.04516643039926942,0.10235,0
461,40,Right-skewed,20.0,0.05,upper,0.6,Percentile,500,2.0,2.0,0.8222970297029703,0.21964356435643564,3.2014304853454414,5.229104971312826,0.69435,0.05917203866963383,0.020575534362022502,0.03795,0
461,40,Right-skewed,20.0,0.05,upper,0.6,QFactor,500,2.0,2.0,0.9800990099009902,0.40821782178217825,6.041589887052812,7.2747626766219,0.7136,0.06918897476084548,0.03568466587687376,0.0423,0
462,40,Left-skewed,20.0,0.0,clean,0.6,MaxMin,500,0.0,0.0,0.7847920792079207,0.5323564356435644,11.346884874528563,14.251027975456946,0.9999,0.0015795537281016831,0.05171195892716288,0.0,0
462,40,Left-skewed,20.0,0.0,clean,0.6,MeanSD,500,0.0,0.0,0.8752871287128713,0.12475247524752477,1.8262905690937683,2.3368494273773623,0.9205000000000001,0.025417357930523306,0.045566634442051945,0.0,0
462,40,Left-skewed,20.0,0.0,clean,0.6,MedianMAD,500,0.0,0.0,0.8307920792079208,0.16998019801980194,2.547796354762297,3.2813086234704523,0.90775,0.04879497308942382,0.04653503076869877,0.0,0
462,40,Left-skewed,20.0,0.0,clean,0.6,Percentile,500,0.0,0.0,0.8523762376237624,0.15182178217821782,2.2419620733024854,2.9057062068778916,0.9249500000000002,0.0011180339887498958,0.000559016994375369,0.0,0
462,40,Left-skewed,20.0,0.0,clean,0.6,QFactor,500,0.0,0.0,0.9408316831683169,0.2109108910891089,3.1115422545412446,3.959737952938972,0.9999,0.0015795537281016831,0.041788490831775764,0.0,0
463,40,Left-skewed,20.0,0.05,lower,0.6,MaxMin,500,2.0,2.0,0.7883960396039604,0.5388514851485149,11.636465753637765,14.53610156453278,0.9498999999999999,0.001579553728101676,0.050348000074624824,0.0,0
463,40,Left-skewed,20.0,0.05,lower,0.6,MeanSD,500,2.0,2.0,0.8744158415841584,0.12605940594059406,1.8429586745566788,2.3693386626850024,0.8743,0.02466224752340736,0.04324512932489259,0.0,0
463,40,Left-skewed,20.0,0.05,lower,0.6,MedianMAD,500,2.0,2.0,0.8300198019801981,0.17069306930693065,2.562872031495739,3.2858809427665,0.86545,0.04829298006799431,0.04647132791756445,0.0,0
463,40,Left-skewed,20.0,0.05,lower,0.6,Percentile,500,2.0,2.0,0.8505346534653465,0.15611881188118812,2.2975344984837887,2.955783089642812,0.8749,0.001579553728101683,0.0003948884320256337,0.0,0
463,40,Left-skewed,20.0,0.05,lower,0.6,QFactor,500,2.0,2.0,0.9335841584158416,0.21000000000000002,3.1046547187727276,3.9965613047304682,0.9498999999999999,0.001579553728101676,0.040389686374014175,5e-05,0
464,40,Left-skewed,20.0,0.05,upper,0.6,MaxMin,500,2.0,2.0,0.8076039603960398,0.6135049504950495,12.935382808235703,15.234067993040231,0.99995,0.0011180339887498958,0.048868776796512504,0.0,0
464,40,Left-skewed,20.0,0.05,upper,0.6,MeanSD,500,2.0,2.0,0.8883564356435644,0.15138613861386138,2.2966362246279846,2.789742979081092,0.9261000000000001,0.02569261023019811,0.04302662681278423,0.0,0
464,40,Left-skewed,20.0,0.05,upper,0.6,MedianMAD,500,2.0,2.0,0.8287524752475247,0.18231683168316828,2.673071696609972,3.39524446288435,0.9131500000000001,0.04973202236081087,0.04574912657621201,0.0,0
464,40,Left-skewed,20.0,0.05,upper,0.6,Percentile,500,2.0,2.0,0.8526534653465347,0.17312871287128714,2.5350316764319802,3.1889189069449024,0.9249500000000002,0.0011180339887498958,0.0005590169943753692,0.0,0
464,40,Left-skewed,20.0,0.05,upper,0.6,QFactor,500,2.0,2.0,0.9823762376237624,0.028000000000000004,0.4990645757831827,0.7164017834121758,0.99995,0.0011180339887498958,0.03878926363666599,0.0,0
465,40,Bimodal,20.0,0.0,clean,0.6,MaxMin,500,0.0,0.0,0.837049504950495,0.2851881188118812,4.194917287862872,5.4825808558527465,0.9157000000000001,0.04312458068106675,0.053733382332761814,0.01435,0
465,40,Bimodal,20.0,0.0,clean,0.6,MeanSD,500,0.0,0.0,0.824019801980198,0.175980198019802,2.5461545148430504,3.2523187359227053,0.88075,0.04601545767119327,0.04772661137116263,0.00405,0
465,40,Bimodal,20.0,0.0,clean,0.6,MedianMAD,500,0.0,0.0,0.7123366336633663,0.2903366336633664,4.358358130176501,5.787958138764322,0.89065,0.059379114665992064,0.05201089101913838,0.0176,0
465,40,Bimodal,20.0,0.0,clean,0.6,Percentile,500,0.0,0.0,0.7846336633663366,0.2192871287128713,3.242785178131027,4.165555581379304,0.85865,0.039300337569366156,0.013835661274917508,0.0015,0
465,40,Bimodal,20.0,0.0,clean,0.6,QFactor,500,0.0,0.0,0.8973267326732672,0.32396039603960397,4.784183499633973,6.1681054657342305,0.9157000000000001,0.04312458068106675,0.05219154991922636,0.01315,0
466,40,Bimodal,20.0,0.05,lower,0.6,MaxMin,500,2.0,2.0,0.8318415841584158,0.29104950495049503,4.294022595598381,5.610302182983136,0.8720500000000001,0.04252840027157522,0.05186559915796063,0.01255,0
466,40,Bimodal,20.0,0.05,lower,0.6,MeanSD,500,2.0,2.0,0.8032079207920793,0.19679207920792077,2.8537008452192114,3.5570141933455117,0.8368499999999999,0.04557940834335017,0.04611091989565612,0.00335,0
466,40,Bimodal,20.0,0.05,lower,0.6,MedianMAD,500,2.0,2.0,0.6967128712871287,0.30788118811881193,4.633679786644405,6.081936332440161,0.84535,0.05741271583786783,0.04957158556972568,0.0152,0
466,40,Bimodal,20.0,0.05,lower,0.6,Percentile,500,2.0,2.0,0.7665148514851485,0.23932673267326735,3.5328224715047827,4.452835115672119,0.8142,0.036824884850988684,0.0120621882758036,0.0017,0
466,40,Bimodal,20.0,0.05,lower,0.6,QFactor,500,2.0,2.0,0.894,0.327960396039604,4.857701657475458,6.272719199984808,0.8720500000000001,0.04252840027157522,0.05107341142153285,0.01125,0
467,40,Bimodal,20.0,0.05,upper,0.6,MaxMin,500,2.0,2.0,0.8933465346534653,0.24336633663366336,3.53105173763377,4.539226132852364,0.9245,0.04068858712519382,0.04940763504151151,0.012,0
467,40,Bimodal,20.0,0.05,upper,0.6,MeanSD,500,2.0,2.0,0.8212079207920792,0.25126732673267327,3.6481753167017,4.513930725219573,0.8978500000000001,0.04456005719694253,0.04416741252817617,0.0056,0
467,40,Bimodal,20.0,0.05,upper,0.6,MedianMAD,500,2.0,2.0,0.7054851485148517,0.30726732673267326,4.541482590518711,5.9685915814231,0.9036500000000001,0.052449302747676584,0.04847480241078954,0.01515,0
467,40,Bimodal,20.0,0.05,upper,0.6,Percentile,500,2.0,2.0,0.7697425742574258,0.2615643564356436,3.823913465669674,4.847381136943699,0.8655,0.036775738059482095,0.01349786075494659,0.0016,0
467,40,Bimodal,20.0,0.05,upper,0.6,QFactor,500,2.0,2.0,0.9797425742574258,0.02310891089108911,0.3333062925911994,0.49837501914491517,0.9245,0.04068858712519382,0.048659006728281065,0.0112,0
468,50,Normal,20.0,0.0,clean,0.6,MaxMin,500,0.0,0.0,0.7932277227722773,0.5042970297029703,9.21629234757762,10.95044507361769,0.99992,0.0012636429824813464,0.050428688187439674,0.0,0
468,50,Normal,20.0,0.0,clean,0.6,MeanSD,500,0.0,0.0,0.8997425742574257,0.10081188118811882,1.457829787175554,1.8715291585620257,0.93428,0.023451685720353905,0.040000936953348595,0.0,0
468,50,Normal,20.0,0.0,clean,0.6,MedianMAD,500,0.0,0.0,0.8581188118811881,0.1421188118811881,2.0894496435621503,2.6952363318582333,0.92872,0.042402329122703385,0.0429740773548579,0.0,0
468,50,Normal,20.0,0.0,clean,0.6,Percentile,500,0.0,0.0,0.8739603960396041,0.12706930693069307,1.8570735018958833,2.358887297622309,0.91996,0.0008944271909999168,0.00044721359550055936,0.0,0
468,50,Normal,20.0,0.0,clean,0.6,QFactor,500,0.0,0.0,0.8924158415841584,0.4117821782178218,6.476874038420445,8.120488431144315,0.99992,0.0012636429824813464,0.04372046581249746,4e-05,0
469,50,Normal,20.0,0.05,lower,0.6,MaxMin,500,2.5,2.0,0.7952475247524752,0.5123168316831683,9.401211307793858,11.109366179283638,0.9598400000000001,0.001783468957690629,0.04811444018649571,0.0,0
469,50,Normal,20.0,0.05,lower,0.6,MeanSD,500,2.5,2.0,0.8938613861386139,0.10677227722772276,1.540826829717232,1.9774154552183578,0.89692,0.02242139688057264,0.03909272193288936,0.0,0
469,50,Normal,20.0,0.05,lower,0.6,MedianMAD,500,2.5,2.0,0.8543564356435642,0.1460990099009901,2.1457054582918875,2.744950448019276,0.8925599999999999,0.039055050812769096,0.04090146955339645,0.0,0
469,50,Normal,20.0,0.05,lower,0.6,Percentile,500,2.5,2.0,0.8696237623762375,0.13326732673267327,1.938079177306988,2.4332827104851593,0.8799200000000003,0.0012636429824813462,0.00031591074562105435,0.0,0
469,50,Normal,20.0,0.05,lower,0.6,QFactor,500,2.5,2.0,0.8937623762376237,0.42542574257425747,6.785357930372078,8.475571955688679,0.9598400000000001,0.001783468957690629,0.0419831965792934,0.0,0
470,50,Normal,20.0,0.05,upper,0.6,MaxMin,500,2.5,2.0,0.8468910891089109,0.5468910891089108,10.432765067688724,12.234740067148024,0.9998,0.0019919678390334255,0.04524067153700509,0.0,0
470,50,Normal,20.0,0.05,upper,0.6,MeanSD,500,2.5,2.0,0.9060198019801979,0.17346534653465345,2.5333839790004617,3.0991702278644957,0.953,0.021408330931357838,0.03883563512966644,0.0,0
470,50,Normal,20.0,0.05,upper,0.6,MedianMAD,500,2.5,2.0,0.856930693069307,0.14744554455445544,2.152226614544238,2.7710280359405175,0.9346,0.039541966747602936,0.04119661234564698,0.0,0
470,50,Normal,20.0,0.05,upper,0.6,Percentile,500,2.5,2.0,0.8658019801980198,0.1538217821782178,2.237797354714298,2.914533982276049,0.9199200000000001,0.0012636429824813462,0.000631821491241276,0.0,0
470,50,Normal,20.0,0.05,upper,0.6,QFactor,500,2.5,2.0,0.980990099009901,0.05322772277227722,0.8216856424793836,1.082845856815703,0.9998,0.0019919678390334255,0.0351284753540932,0.0,0
471,50,Compressed Normal,20.0,0.0,clean,0.6,MaxMin,500,0.0,0.0,0.924990099009901,0.25035643564356436,4.7520216535455795,5.663685744870388,1.0,0.0,0.05223256401064971,0.0,0
471,50,Compressed Normal,20.0,0.0,clean,0.6,MeanSD,500,0.0,0.0,0.9655049504950494,0.0344950495049505,0.49795657035988566,0.6366995954921247,0.93564,0.022494497211754217,0.03940498651514776,0.0,0
471,50,Compressed Normal,20.0,0.0,clean,0.6,MedianMAD,500,0.0,0.0,0.9534851485148514,0.04663366336633663,0.6836975017498245,0.8788944858792713,0.92952,0.04050494910259247,0.040433740202258435,0.0,0
471,50,Compressed Normal,20.0,0.0,clean,0.6,Percentile,500,0.0,0.0,0.9577227722772278,0.04235643564356436,0.6282297501914983,0.7998589459760819,0.9200000000000002,1.111334915764742e-16,1.4516812337176945e-15,0.0,0
471,50,Compressed Normal,20.0,0.0,clean,0.6,QFactor,500,0.0,0.0,0.9582178217821782,0.25724752475247525,3.5079891863914288,4.314009563986365,1.0,0.0,0.040905573370116154,0.0,0
472,50,Compressed Normal,20.0,0.05,lower,0.6,MaxMin,500,2.5,2.0,0.9263366336633664,0.2521188118811881,4.823276427872121,5.750150427707447,0.9600000000000002,2.222669831529484e-16,0.05017029549236235,0.0,0
472,50,Compressed Normal,20.0,0.05,lower,0.6,MeanSD,500,2.5,2.0,0.9636039603960396,0.03691089108910891,0.5277124576433799,0.6679342321372574,0.8980400000000002,0.022260941107644042,0.038920792667436976,0.0,0
472,50,Compressed Normal,20.0,0.05,lower,0.6,MedianMAD,500,2.5,2.0,0.9494257425742574,0.051188118811881185,0.7458432800085261,0.9441131181340139,0.8932,0.04095258512544615,0.04089796544579721,0.0,0
472,50,Compressed Normal,20.0,0.05,lower,0.6,Percentile,500,2.5,2.0,0.9564554455445545,0.0440990099009901,0.6547240142576191,0.8301074252531273,0.8800000000000002,2.222669831529484e-16,1.0713963172294468e-15,0.0,0
472,50,Compressed Normal,20.0,0.05,lower,0.6,QFactor,500,2.5,2.0,0.9625742574257425,0.2610693069306931,3.5434157624780624,4.346302405069135,0.9600000000000002,2.222669831529484e-16,0.03726992887514617,0.0,0
473,50,Compressed Normal,20.0,0.05,upper,0.6,MaxMin,500,2.5,2.0,0.9367326732673267,0.4950297029702971,14.877270616019336,15.30195343066507,1.0,0.0,0.038133754832911725,0.0,0
473,50,Compressed Normal,20.0,0.05,upper,0.6,MeanSD,500,2.5,2.0,0.9722574257425743,0.22564356435643562,4.1321954504917535,4.8389945177705656,0.99872,0.005060911543516904,0.02825343758579314,0.0,0
473,50,Compressed Normal,20.0,0.05,upper,0.6,MedianMAD,500,2.5,2.0,0.952079207920792,0.053346534653465345,0.7296149772324776,0.9311007186805911,0.93236,0.04398977837182638,0.040909183447372,0.0,0
473,50,Compressed Normal,20.0,0.05,upper,0.6,Percentile,500,2.5,2.0,0.9561782178217823,0.05263366336633664,0.7295459551436786,0.9637033950588557,0.9200000000000002,1.111334915764742e-16,1.4516812337176945e-15,0.0,0
473,50,Compressed Normal,20.0,0.05,upper,0.6,QFactor,500,2.5,2.0,0.9812277227722772,0.506950495049505,9.266896294505422,11.145885634967179,1.0,0.0,0.016081943835630046,0.0,0
474,50,Uniform,20.0,0.0,clean,0.6,MaxMin,500,0.0,0.0,0.8422376237623762,0.23075247524752476,3.2780216883599667,4.448934475620011,0.8968800000000001,0.04438700273755875,0.0477335669349824,0.02184,0
474,50,Uniform,20.0,0.0,clean,0.6,MeanSD,500,0.0,0.0,0.8268118811881188,0.17340594059405937,2.496157224974914,3.125378284919382,0.86792,0.0447087389968155,0.04166516291579314,0.00632,0
474,50,Uniform,20.0,0.0,clean,0.6,MedianMAD,500,0.0,0.0,0.7416039603960395,0.2590891089108911,3.771189357987739,4.999581019154154,0.87924,0.052146533171858,0.04510215243369563,0.01984,0
474,50,Uniform,20.0,0.0,clean,0.6,Percentile,500,0.0,0.0,0.7858613861386139,0.22112871287128713,3.1892183785453665,4.035140074847341,0.8479200000000001,0.03284251606870958,0.010540942546232534,0.00412,0
474,50,Uniform,20.0,0.0,clean,0.6,QFactor,500,0.0,0.0,0.9001584158415842,0.23273267326732675,3.3624070113667273,4.584763663617939,0.8968800000000001,0.04438700273755875,0.04643160926835016,0.01524,0
475,50,Uniform,20.0,0.05,lower,0.6,MaxMin,500,2.5,2.0,0.8455247524752475,0.23116831683168315,3.2883422399716986,4.490345730560021,0.8571200000000001,0.04461936098544554,0.047226550556285794,0.02172,0
475,50,Uniform,20.0,0.05,lower,0.6,MeanSD,500,2.5,2.0,0.8135643564356436,0.18659405940594062,2.6880921464444336,3.379378673345139,0.8297599999999999,0.04543204310926556,0.042119933254851735,0.00716,0
475,50,Uniform,20.0,0.05,lower,0.6,MedianMAD,500,2.5,2.0,0.7186336633663367,0.2840990099009901,4.163541732382249,5.464714834114575,0.83904,0.0539490444660292,0.0451696426454905,0.01976,0
475,50,Uniform,20.0,0.05,lower,0.6,Percentile,500,2.5,2.0,0.7726930693069307,0.23435643564356437,3.4087669513502625,4.324511021249463,0.81524,0.03431176174415961,0.011457630523677612,0.00424,0
475,50,Uniform,20.0,0.05,lower,0.6,QFactor,500,2.5,2.0,0.8962772277227723,0.23752475247524754,3.4529215297747236,4.733583159304878,0.8571200000000001,0.04461936098544554,0.046105227739502944,0.01576,0
476,50,Uniform,20.0,0.05,upper,0.6,MaxMin,500,2.5,2.0,0.9092475247524753,0.16752475247524753,2.426182435095998,3.409400500194974,0.8987200000000001,0.044783621397682674,0.04691481107756892,0.01968,0
476,50,Uniform,20.0,0.05,upper,0.6,MeanSD,500,2.5,2.0,0.8307326732673267,0.2224752475247525,3.2420013692076557,4.007524906200484,0.8758,0.04571366840407709,0.04161645780605107,0.00748,0
476,50,Uniform,20.0,0.05,upper,0.6,MedianMAD,500,2.5,2.0,0.7161980198019802,0.29314851485148513,4.326733129564112,5.73529340653015,0.88312,0.054104715510581526,0.046224955870780904,0.02164,0
476,50,Uniform,20.0,0.05,upper,0.6,Percentile,500,2.5,2.0,0.774772277227723,0.252039603960396,3.673190143707146,4.6158928870540255,0.8486800000000001,0.03379558970882939,0.010882159386256817,0.00336,0
476,50,Uniform,20.0,0.05,upper,0.6,QFactor,500,2.5,2.0,0.9799603960396039,0.04265346534653465,0.6215107272250386,0.8695327478507194,0.8987200000000001,0.044783621397682674,0.04524090690333227,0.01388,0
477,50,Right-skewed,20.0,0.0,clean,0.6,MaxMin,500,0.0,0.0,0.8541584158415841,0.4323960396039604,9.440143007024194,12.48363176792019,0.69148,0.06660542143345882,0.04799136544221183,0.10024,0
477,50,Right-skewed,20.0,0.0,clean,0.6,MeanSD,500,0.0,0.0,0.8996435643564357,0.10079207920792078,1.448404583992354,1.9955603277509328,0.69004,0.06590816468651428,0.041257255397867024,0.08512,0
477,50,Right-skewed,20.0,0.0,clean,0.6,MedianMAD,500,0.0,0.0,0.8752277227722772,0.12534653465346535,1.9018551932092154,2.686543067093179,0.69544,0.06483528072935682,0.0422780202750616,0.10356,0
477,50,Right-skewed,20.0,0.0,clean,0.6,Percentile,500,0.0,0.0,0.8723960396039604,0.13122772277227723,1.8994582310408747,2.5752704440171152,0.6786800000000001,0.06260108138667864,0.018825526517243694,0.04992,0
477,50,Right-skewed,20.0,0.0,clean,0.6,QFactor,500,0.0,0.0,0.8686138613861385,0.4660594059405941,11.082667419362364,13.662575095845021,0.69072,0.0666300286765876,0.045192127378011766,0.0474,0
478,50,Right-skewed,20.0,0.05,lower,0.6,MaxMin,500,2.5,2.0,0.8461980198019802,0.43530693069306936,9.677200403092508,12.799731921162365,0.67068,0.06465212598816514,0.047767399373857634,0.09212,0
478,50,Right-skewed,20.0,0.05,lower,0.6,MeanSD,500,2.5,2.0,0.9020594059405941,0.10073267326732672,1.4418016560600657,1.9793159242484004,0.66892,0.06426112810377935,0.04100760387844251,0.0762,0
478,50,Right-skewed,20.0,0.05,lower,0.6,MedianMAD,500,2.5,2.0,0.8736435643564356,0.12740594059405938,1.9210053894315566,2.6222255767870637,0.674,0.06434501193660813,0.041598989597750546,0.09012,0
478,50,Right-skewed,20.0,0.05,lower,0.6,Percentile,500,2.5,2.0,0.8731683168316832,0.13136633663366337,1.9116666250641403,2.57623066646562,0.6562,0.05969159214114404,0.01797681690991752,0.04176,0
478,50,Right-skewed,20.0,0.05,lower,0.6,QFactor,500,2.5,2.0,0.8654059405940595,0.4681782178217822,11.344344996780189,13.996454689182054,0.6698,0.06475450789393097,0.0447012379305944,0.04348,0
479,50,Right-skewed,20.0,0.05,upper,0.6,MaxMin,500,2.5,2.0,0.945960396039604,0.5347722772277228,7.947440171575191,8.92001551795407,0.7094400000000001,0.060489704982068106,0.03625492073440408,0.09308,0
479,50,Right-skewed,20.0,0.05,upper,0.6,MeanSD,500,2.5,2.0,0.9185148514851484,0.3237425742574257,5.81002200900155,7.676439342161935,0.73736,0.05705735257585942,0.03718767283062646,0.20172,0
479,50,Right-skewed,20.0,0.05,upper,0.6,MedianMAD,500,2.5,2.0,0.8682376237623761,0.13457425742574256,2.0268535309300013,2.904807512990357,0.7149599999999999,0.06024830384527406,0.040796363841958574,0.10592,0
479,50,Right-skewed,20.0,0.05,upper,0.6,Percentile,500,2.5,2.0,0.8593663366336632,0.16451485148514852,2.3516109574015225,3.4783830991078477,0.69464,0.057580390783717426,0.017580215236479506,0.0412,0
479,50,Right-skewed,20.0,0.05,upper,0.6,QFactor,500,2.5,2.0,0.9820792079207921,0.4095445544554455,6.059364980179739,7.294310067932745,0.7094400000000001,0.060489704982068106,0.032469193936734385,0.04344,0
480,50,Left-skewed,20.0,0.0,clean,0.6,MaxMin,500,0.0,0.0,0.7943564356435644,0.5239207920792079,10.793440458749524,13.538599877882293,0.99992,0.0012636429824813464,0.047201220629799076,0.0,0
480,50,Left-skewed,20.0,0.0,clean,0.6,MeanSD,500,0.0,0.0,0.886,0.11399999999999999,1.656417804813891,2.1026622192651643,0.9189200000000001,0.022712668946236192,0.040455417705891825,0.0,0
480,50,Left-skewed,20.0,0.0,clean,0.6,MedianMAD,500,0.0,0.0,0.8404752475247526,0.15974257425742572,2.3655853160401112,2.9875650327785164,0.90496,0.04738659492680936,0.04249583480926771,0.0,0
480,50,Left-skewed,20.0,0.0,clean,0.6,Percentile,500,0.0,0.0,0.8653861386138614,0.13782178217821783,2.02392764275047,2.5959563020278273,0.9199200000000001,0.0012636429824813464,0.0006318214912412752,0.0,0
480,50,Left-skewed,20.0,0.0,clean,0.6,QFactor,500,0.0,0.0,0.9401584158415842,0.19534653465346535,2.879460954361037,3.7037581029181377,0.99992,0.0012636429824813464,0.037917682825814224,0.0,0
481,50,Left-skewed,20.0,0.05,lower,0.6,MaxMin,500,2.5,2.0,0.7998217821782178,0.5281386138613862,10.913166170794295,13.634729029923742,0.9600000000000002,2.222669831529484e-16,0.04485160832154619,0.0,0
481,50,Left-skewed,20.0,0.05,lower,0.6,MeanSD,500,2.5,2.0,0.8865544554455446,0.11344554455445545,1.6534884184096583,2.1122267162518495,0.8827200000000002,0.02259253073229691,0.038789167232982175,0.0,0
481,50,Left-skewed,20.0,0.05,lower,0.6,MedianMAD,500,2.5,2.0,0.847029702970297,0.15297029702970297,2.266485296562238,2.9272356237522836,0.87152,0.04464163248248661,0.041378825075449335,0.0,0
481,50,Left-skewed,20.0,0.05,lower,0.6,Percentile,500,2.5,2.0,0.8651683168316833,0.1388118811881188,2.02444791064827,2.6176247852539904,0.8800000000000002,2.222669831529484e-16,1.0713963172294468e-15,0.0,0
481,50,Left-skewed,20.0,0.05,lower,0.6,QFactor,500,2.5,2.0,0.9399405940594059,0.19584158415841585,2.8950551740087285,3.713682594917514,0.9600000000000002,2.222669831529484e-16,0.037018685381073925,0.0,0
482,50,Left-skewed,20.0,0.05,upper,0.6,MaxMin,500,2.5,2.0,0.804,0.6007128712871287,12.410484397348153,14.699088443240523,0.9999600000000001,0.0008944271909999167,0.04535236281562538,0.0,0
482,50,Left-skewed,20.0,0.05,upper,0.6,MeanSD,500,2.5,2.0,0.8914653465346535,0.1253861386138614,1.9137084449150337,2.4142216319260443,0.92444,0.02153168890854844,0.03836891027379438,0.0,0
482,50,Left-skewed,20.0,0.05,upper,0.6,MedianMAD,500,2.5,2.0,0.8410891089108912,0.16196039603960394,2.3757916231281047,3.057865555630322,0.91072,0.04500146512867614,0.04146082917258467,0.0,0
482,50,Left-skewed,20.0,0.05,upper,0.6,Percentile,500,2.5,2.0,0.8627326732673267,0.1506930693069307,2.1912776955690823,2.8026463775849337,0.91996,0.0008944271909999168,0.0004472135955005595,0.0,0
482,50,Left-skewed,20.0,0.05,upper,0.6,QFactor,500,2.5,2.0,0.9814653465346534,0.026653465346534656,0.47683647198920925,0.6854506692961154,0.9999600000000001,0.0008944271909999167,0.034816169680653125,0.0,0
483,50,Bimodal,20.0,0.0,clean,0.6,MaxMin,500,0.0,0.0,0.8524158415841584,0.26023762376237625,3.7921019842232147,5.015114186971103,0.9158,0.03793201385835849,0.04816516488534287,0.01688,0
483,50,Bimodal,20.0,0.0,clean,0.6,MeanSD,500,0.0,0.0,0.8371881188118813,0.16316831683168317,2.3594112598301673,2.972149842319282,0.8797600000000001,0.04116468708645618,0.04134616471748326,0.00408,0
483,50,Bimodal,20.0,0.0,clean,0.6,MedianMAD,500,0.0,0.0,0.7430693069306931,0.2587326732673267,3.75237856156079,4.913320351656985,0.8958800000000001,0.0492328482488408,0.045161015770622925,0.01676,0
483,50,Bimodal,20.0,0.0,clean,0.6,Percentile,500,0.0,0.0,0.8015247524752476,0.20318811881188117,2.9455326674451596,3.7102465556457225,0.85924,0.028654223581491736,0.009566516551292427,0.00228,0
483,50,Bimodal,20.0,0.0,clean,0.6,QFactor,500,0.0,0.0,0.9021386138613859,0.3,4.382398960308925,5.685121919912464,0.9158,0.03793201385835849,0.0460446349321996,0.013,0
484,50,Bimodal,20.0,0.05,lower,0.6,MaxMin,500,2.5,2.0,0.8528514851485149,0.2659009900990099,3.879611553434901,5.04340971043938,0.8813200000000001,0.0411928549945887,0.046228655050481904,0.01512,0
484,50,Bimodal,20.0,0.05,lower,0.6,MeanSD,500,2.5,2.0,0.8270693069306931,0.17306930693069308,2.5049156377431294,3.169731784363943,0.8462799999999999,0.042972722857873916,0.040897634599981345,0.00392,0
484,50,Bimodal,20.0,0.05,lower,0.6,MedianMAD,500,2.5,2.0,0.7312277227722772,0.27097029702970293,3.9912856634003973,5.262064327719695,0.8618800000000001,0.05259275230666657,0.04513498243213832,0.01552,0
484,50,Bimodal,20.0,0.05,lower,0.6,Percentile,500,2.5,2.0,0.7883564356435643,0.2152079207920792,3.1546575006710236,3.9944199665414404,0.8290799999999999,0.029801507675274386,0.010447799550523296,0.0022,0
484,50,Bimodal,20.0,0.05,lower,0.6,QFactor,500,2.5,2.0,0.90390099009901,0.3041980198019802,4.414957287170382,5.685653173573358,0.8813200000000001,0.0411928549945887,0.04565614735955632,0.0134,0
485,50,Bimodal,20.0,0.05,upper,0.6,MaxMin,500,2.5,2.0,0.9002376237623763,0.22287128712871285,3.237723217788514,4.211565235746126,0.92304,0.03898972682124343,0.04496470856503132,0.01428,0
485,50,Bimodal,20.0,0.05,upper,0.6,MeanSD,500,2.5,2.0,0.8461980198019803,0.21780198019801977,3.1673339148706976,3.891784614734381,0.89556,0.04091496631964733,0.04111054634393709,0.00444,0
485,50,Bimodal,20.0,0.05,upper,0.6,MedianMAD,500,2.5,2.0,0.7308316831683166,0.27790099009900987,4.025254228633894,5.262160569791315,0.9036000000000001,0.051165181046322956,0.044726555420972744,0.01636,0
485,50,Bimodal,20.0,0.05,upper,0.6,Percentile,500,2.5,2.0,0.7941188118811882,0.23639603960396038,3.394824134616621,4.235085556372902,0.8631200000000001,0.027997022458344872,0.009387601080118425,0.00136,0
485,50,Bimodal,20.0,0.05,upper,0.6,QFactor,500,2.5,2.0,0.982019801980198,0.02118811881188119,0.31169852899598566,0.471901534438495,0.92304,0.03898972682124343,0.04448497945681869,0.01156,0
486,75,Normal,20.0,0.0,clean,0.6,MaxMin,500,0.0,0.0,0.7997029702970296,0.4858415841584158,8.518710203090102,10.110028946251756,0.9998133333333332,0.001568107894624219,0.04421702900329459,0.0,0
486,75,Normal,20.0,0.0,clean,0.6,MeanSD,500,0.0,0.0,0.9141782178217821,0.08605940594059407,1.2530138689843209,1.5786941119395368,0.9340533333333333,0.01981020611478837,0.03281850477408139,0.0,0
486,75,Normal,20.0,0.0,clean,0.6,MedianMAD,500,0.0,0.0,0.8823762376237624,0.11851485148514851,1.7121537330538534,2.1915548507385263,0.9303733333333333,0.03509116796327736,0.03421350618844504,0.0,0
486,75,Normal,20.0,0.0,clean,0.6,Percentile,500,0.0,0.0,0.8942970297029703,0.1069108910891089,1.546247428958265,1.956422682608517,0.9332266666666666,0.0011889793051270828,0.00029724482628202826,0.0,0
486,75,Normal,20.0,0.0,clean,0.6,QFactor,500,0.0,0.0,0.8996237623762375,0.39198019801980194,6.02822056133851,7.576693132972335,0.9998133333333332,0.001568107894624219,0.037636172944681925,5.333333333333333e-05,0
487,75,Normal,20.0,0.05,lower,0.6,MaxMin,500,3.75,4.0,0.8020990099009901,0.48647524752475246,8.567209451714692,10.177366225866592,0.9464000000000001,0.0018685361380081779,0.041365924270424896,0.0,0
487,75,Normal,20.0,0.05,lower,0.6,MeanSD,500,3.75,4.0,0.9122178217821783,0.08782178217821783,1.2542890744769633,1.5792235289409615,0.8841600000000001,0.018448655331618803,0.0315322212800704,0.0,0
487,75,Normal,20.0,0.05,lower,0.6,MedianMAD,500,3.75,4.0,0.8817821782178218,0.11833663366336633,1.7170503299285946,2.1731893022342907,0.8814133333333334,0.030988362358274752,0.03308811939578225,0.0,0
487,75,Normal,20.0,0.05,lower,0.6,Percentile,500,3.75,4.0,0.8931683168316833,0.10807920792079208,1.563416597534885,1.9812621537091533,0.8798933333333336,0.0011889793051270824,0.0008917344788454485,0.0,0
487,75,Normal,20.0,0.05,lower,0.6,QFactor,500,3.75,4.0,0.9056831683168317,0.3944356435643564,6.043215877763985,7.558876856492199,0.9464000000000001,0.0018685361380081779,0.03524518765520998,2.6666666666666667e-05,0
488,75,Normal,20.0,0.05,upper,0.6,MaxMin,500,3.75,4.0,0.8527128712871287,0.5361584158415842,9.740326816336603,11.347722738460764,0.9998133333333332,0.001568107894624219,0.037905516503281236,0.0,0
488,75,Normal,20.0,0.05,upper,0.6,MeanSD,500,3.75,4.0,0.9228712871287128,0.2024554455445544,2.954043558924968,3.588013700929487,0.9561066666666665,0.017189454753115906,0.030657168419591582,0.0,0
488,75,Normal,20.0,0.05,upper,0.6,MedianMAD,500,3.75,4.0,0.8741980198019802,0.13849504950495048,1.9986947266085355,2.5545189230707686,0.9357066666666667,0.0331962874145186,0.03390645138468866,0.0,0
488,75,Normal,20.0,0.05,upper,0.6,Percentile,500,3.75,4.0,0.8813861386138615,0.1610891089108911,2.3236681276399023,3.237556858240314,0.9332533333333335,0.0010307237503646622,0.00025768093759142327,0.0,0
488,75,Normal,20.0,0.05,upper,0.6,QFactor,500,3.75,4.0,0.9844950495049505,0.040653465346534655,0.6133561090072838,0.8200473501017275,0.9998133333333332,0.001568107894624219,0.028054710051581944,5.333333333333333e-05,0
489,75,Compressed Normal,20.0,0.0,clean,0.6,MaxMin,500,0.0,0.0,0.9326138613861387,0.24386138613861388,4.441270535709166,5.305530352768486,1.0,0.0,0.04461643364763888,0.0,0
489,75,Compressed Normal,20.0,0.0,clean,0.6,MeanSD,500,0.0,0.0,0.9707128712871287,0.02928712871287129,0.41372049591025617,0.5238942980194367,0.9351733333333333,0.019809630616256506,0.032094767925517,0.0,0
489,75,Compressed Normal,20.0,0.0,clean,0.6,MedianMAD,500,0.0,0.0,0.9614851485148515,0.038514851485148514,0.5493201136738514,0.7110632693420071,0.93528,0.032321817533459064,0.03445465907067197,0.0,0
489,75,Compressed Normal,20.0,0.0,clean,0.6,Percentile,500,0.0,0.0,0.964970297029703,0.03502970297029703,0.5240364098670797,0.6659038208904269,0.9333333333333335,1.111334915764742e-16,4.827361040353099e-16,0.0,0
489,75,Compressed Normal,20.0,0.0,clean,0.6,QFactor,500,0.0,0.0,0.9577227722772278,0.23817821782178214,3.210036276485642,3.942705756908048,1.0,0.0,0.034453070974896735,0.0,0
490,75,Compressed Normal,20.0,0.05,lower,0.6,MaxMin,500,3.75,4.0,0.9303168316831684,0.24609900990099012,4.56582390188117,5.451315635575989,0.9466666666666668,1.111334915764742e-16,0.04332381139378462,0.0,0
490,75,Compressed Normal,20.0,0.05,lower,0.6,MeanSD,500,3.75,4.0,0.9706138613861387,0.029386138613861384,0.41049639248242864,0.5221410628101731,0.8843466666666667,0.01909893612074007,0.031685887704438837,0.0,0
490,75,Compressed Normal,20.0,0.05,lower,0.6,MedianMAD,500,3.75,4.0,0.9595445544554454,0.04045544554455446,0.577116634032294,0.733834326117175,0.8819466666666667,0.03270533068305461,0.0334221701901121,0.0,0
490,75,Compressed Normal,20.0,0.05,lower,0.6,Percentile,500,3.75,4.0,0.9642178217821782,0.03578217821782178,0.5222406315240813,0.6636017295982721,0.8800000000000002,2.222669831529484e-16,4.566891919470738e-16,0.0,0
490,75,Compressed Normal,20.0,0.05,lower,0.6,QFactor,500,3.75,4.0,0.9577623762376238,0.24261386138613858,3.2722824723603603,4.025549660265724,0.9466666666666668,1.111334915764742e-16,0.033230766719959254,0.0,0
491,75,Compressed Normal,20.0,0.05,upper,0.6,MaxMin,500,3.75,4.0,0.9430891089108909,0.4980792079207921,14.697239105761884,15.200815350228526,1.0,0.0,0.032628427477236356,0.0,0
491,75,Compressed Normal,20.0,0.05,upper,0.6,MeanSD,500,3.75,4.0,0.9744356435643565,0.25542574257425743,5.028704790681188,5.899004646077256,0.9994133333333333,0.002737340041985161,0.020633061894945032,0.0,0
491,75,Compressed Normal,20.0,0.05,upper,0.6,MedianMAD,500,3.75,4.0,0.9595049504950495,0.049425742574257435,0.6559982376277442,0.8375880759019938,0.9366666666666665,0.03067851416466567,0.03275215756955892,0.0,0
491,75,Compressed Normal,20.0,0.05,upper,0.6,Percentile,500,3.75,4.0,0.9611881188118812,0.060396039603960394,0.8057177315500018,1.1217747832877596,0.9333333333333335,1.111334915764742e-16,4.827361040353099e-16,0.0,0
491,75,Compressed Normal,20.0,0.05,upper,0.6,QFactor,500,3.75,4.0,0.9857623762376239,0.5134059405940594,9.489267157793511,11.409644727041675,1.0,0.0,0.013141245700204484,0.0,0
492,75,Uniform,20.0,0.0,clean,0.6,MaxMin,500,0.0,0.0,0.879009900990099,0.17655445544554457,2.4804459602369744,3.431335283230219,0.8973066666666666,0.034735238691381225,0.039228794716683356,0.024746666666666667,0
492,75,Uniform,20.0,0.0,clean,0.6,MeanSD,500,0.0,0.0,0.8634653465346536,0.13653465346534652,1.9693098237509923,2.498084751959231,0.8667999999999999,0.03514489522896095,0.034551519175754775,0.00672,0
492,75,Uniform,20.0,0.0,clean,0.6,MedianMAD,500,0.0,0.0,0.781009900990099,0.21980198019801975,3.1577680437020152,4.2117112001070165,0.8843733333333332,0.04051860647278665,0.0375338745891097,0.020986666666666667,0
492,75,Uniform,20.0,0.0,clean,0.6,Percentile,500,0.0,0.0,0.8266138613861386,0.1783168316831683,2.558365566799521,3.240028702934964,0.8528266666666667,0.030982015455332468,0.009305517650511673,0.0041333333333333335,0
492,75,Uniform,20.0,0.0,clean,0.6,QFactor,500,0.0,0.0,0.9194653465346535,0.18162376237623765,2.5852081704552656,3.567526358713855,0.8973066666666666,0.034735238691381225,0.03814916590585041,0.014853333333333333,0
493,75,Uniform,20.0,0.05,lower,0.6,MaxMin,500,3.75,4.0,0.8803564356435644,0.1857425742574257,2.61108027978666,3.555477167980362,0.8464533333333334,0.032729994646249656,0.03803511994008267,0.025493333333333333,0
493,75,Uniform,20.0,0.05,lower,0.6,MeanSD,500,3.75,4.0,0.8457029702970297,0.15588118811881188,2.2403882430480193,2.8044548453259415,0.8192800000000001,0.03480155659057074,0.03294191450791358,0.007546666666666667,0
493,75,Uniform,20.0,0.05,lower,0.6,MedianMAD,500,3.75,4.0,0.7565544554455444,0.24744554455445542,3.5623397880967422,4.674137897780128,0.8342666666666666,0.03763931296138194,0.03624182429613635,0.020693333333333334,0
493,75,Uniform,20.0,0.05,lower,0.6,Percentile,500,3.75,4.0,0.8101584158415842,0.19611881188118813,2.798093451083586,3.5257585280868677,0.8025333333333333,0.027925848947026797,0.00881908601578867,0.00448,0
493,75,Uniform,20.0,0.05,lower,0.6,QFactor,500,3.75,4.0,0.9172475247524752,0.19465346534653463,2.7817944946988704,3.7830428769747426,0.8464533333333334,0.032729994646249656,0.03717066610958161,0.016373333333333333,0
494,75,Uniform,20.0,0.05,upper,0.6,MaxMin,500,3.75,4.0,0.9212871287128714,0.13685148514851483,1.9812347474813727,2.8698028221626575,0.9005599999999999,0.03412222389349772,0.038142275660813296,0.02384,0
494,75,Uniform,20.0,0.05,upper,0.6,MeanSD,500,3.75,4.0,0.8590099009900991,0.2356039603960396,3.452525445757712,4.2275475748398605,0.87792,0.03480304094290184,0.03289053914184614,0.00784,0
494,75,Uniform,20.0,0.05,upper,0.6,MedianMAD,500,3.75,4.0,0.7644356435643564,0.258039603960396,3.7594650050711746,4.9695658834350285,0.8899199999999999,0.037424223743765535,0.03648939204443333,0.021706666666666666,0
494,75,Uniform,20.0,0.05,upper,0.6,Percentile,500,3.75,4.0,0.8147524752475248,0.26473267326732675,3.8626924609634448,4.878991639501195,0.8564533333333334,0.030932206922112213,0.009311952173612602,0.003973333333333333,0
494,75,Uniform,20.0,0.05,upper,0.6,QFactor,500,3.75,4.0,0.9852871287128714,0.02988118811881188,0.4423586232597087,0.6303472226361722,0.9005599999999999,0.03412222389349772,0.036304599025516276,0.014933333333333333,0
495,75,Right-skewed,20.0,0.0,clean,0.6,MaxMin,500,0.0,0.0,0.8666534653465348,0.42932673267326726,9.069120955950206,11.921303599226245,0.6933866666666668,0.05178786869979021,0.04003898723165706,0.11136,0
495,75,Right-skewed,20.0,0.0,clean,0.6,MeanSD,500,0.0,0.0,0.9215049504950495,0.081980198019802,1.1567904487569414,1.598601931266429,0.6925066666666667,0.052059189032965004,0.034064052036775316,0.08304,0
495,75,Right-skewed,20.0,0.0,clean,0.6,MedianMAD,500,0.0,0.0,0.8953861386138614,0.10504950495049505,1.5649128591596244,2.1985042956433825,0.696,0.052335352194187924,0.03537561935291064,0.10474666666666667,0
495,75,Right-skewed,20.0,0.0,clean,0.6,Percentile,500,0.0,0.0,0.8953861386138614,0.10704950495049505,1.5252599808045895,2.0867731275844936,0.6845866666666666,0.04811783946908431,0.014739241458323737,0.04970666666666667,0
495,75,Right-skewed,20.0,0.0,clean,0.6,QFactor,500,0.0,0.0,0.8815247524752474,0.4607128712871287,10.523773586391542,12.941727797195265,0.6929066666666668,0.051964696921264764,0.03760416447525286,0.047093333333333334,0
496,75,Right-skewed,20.0,0.05,lower,0.6,MaxMin,500,3.75,4.0,0.8553267326732674,0.4264356435643564,8.96768512332437,11.837078030805385,0.656,0.05074549996886162,0.038719505818402174,0.1036,0
496,75,Right-skewed,20.0,0.05,lower,0.6,MeanSD,500,3.75,4.0,0.9158811881188119,0.0842970297029703,1.1930906677822937,1.6630959271971157,0.6545333333333333,0.050558933382963876,0.03267834514897215,0.07674666666666667,0
496,75,Right-skewed,20.0,0.05,lower,0.6,MedianMAD,500,3.75,4.0,0.8926336633663366,0.10736633663366336,1.5883919545008132,2.2152720202877534,0.6586133333333334,0.05044126637802375,0.03372880099386295,0.0968,0
496,75,Right-skewed,20.0,0.05,lower,0.6,Percentile,500,3.75,4.0,0.8912871287128714,0.11031683168316833,1.5738481686298769,2.146728089240114,0.6457333333333334,0.04750576849736772,0.014201746428761331,0.04650666666666667,0
496,75,Right-skewed,20.0,0.05,lower,0.6,QFactor,500,3.75,4.0,0.8715841584158416,0.45877227722772274,10.422950270567151,12.86356300651226,0.65528,0.051019765992532294,0.036178352288475824,0.04512,0
497,75,Right-skewed,20.0,0.05,upper,0.6,MaxMin,500,3.75,4.0,0.9554257425742574,0.5308712871287129,7.8934009815402115,8.907735902255672,0.7109866666666667,0.054435871704754696,0.0302623109169153,0.10173333333333333,0
497,75,Right-skewed,20.0,0.05,upper,0.6,MeanSD,500,3.75,4.0,0.9303564356435644,0.37702970297029703,7.273309590669485,9.617836447955188,0.74152,0.050985398340211506,0.030867445443633706,0.21365333333333333,0
497,75,Right-skewed,20.0,0.05,upper,0.6,MedianMAD,500,3.75,4.0,0.8850495049504951,0.12899009900990097,1.9041443473855397,2.738763566455532,0.7169333333333334,0.05260203368593073,0.03396982452519037,0.11301333333333333,0
497,75,Right-skewed,20.0,0.05,upper,0.6,Percentile,500,3.75,4.0,0.8371881188118812,0.29520792079207925,4.253978340188058,8.25006899019334,0.6994666666666667,0.04943033306346054,0.015157638245722648,0.04373333333333333,0
497,75,Right-skewed,20.0,0.05,upper,0.6,QFactor,500,3.75,4.0,0.985029702970297,0.4188118811881188,6.251111533945219,7.521265011284349,0.7109866666666667,0.054435871704754696,0.026703338826705402,0.043386666666666664,0
498,75,Left-skewed,20.0,0.0,clean,0.6,MaxMin,500,0.0,0.0,0.8006534653465345,0.500950495049505,9.735475021014514,12.268918011044509,1.0,0.0,0.0390811545118326,0.0,0
498,75,Left-skewed,20.0,0.0,clean,0.6,MeanSD,500,0.0,0.0,0.9109702970297031,0.08902970297029703,1.3063834136387216,1.6705163584516254,0.9179733333333333,0.01914166153741169,0.03308678104918753,0.0,0
498,75,Left-skewed,20.0,0.0,clean,0.6,MedianMAD,500,0.0,0.0,0.8755445544554454,0.12445544554455445,1.8124613717565954,2.323168763414613,0.9099733333333334,0.036945248868277894,0.03518976287555647,0.0,0
498,75,Left-skewed,20.0,0.0,clean,0.6,Percentile,500,0.0,0.0,0.8914059405940594,0.1118019801980198,1.6210033754173985,2.106722174241967,0.9333333333333335,1.111334915764742e-16,4.827361040353099e-16,0.0,0
498,75,Left-skewed,20.0,0.0,clean,0.6,QFactor,500,0.0,0.0,0.9513663366336633,0.17219801980198018,2.5407512414742293,3.2317918902547276,1.0,0.0,0.03160619449895155,0.0,0
499,75,Left-skewed,20.0,0.05,lower,0.6,MaxMin,500,3.75,4.0,0.8148316831683169,0.5026534653465347,9.754517203845078,12.246782931441832,0.9466400000000001,0.0005962847939999428,0.037512687880725634,0.0,0
499,75,Left-skewed,20.0,0.05,lower,0.6,MeanSD,500,3.75,4.0,0.9074455445544554,0.09255445544554457,1.363721384798134,1.754538776549891,0.8692000000000001,0.017391198822446146,0.03227630779646135,0.0,0
499,75,Left-skewed,20.0,0.05,lower,0.6,MedianMAD,500,3.75,4.0,0.8679009900990099,0.1320990099009901,1.9406098567937484,2.53501698318009,0.85624,0.03797238153018194,0.034249821798093695,0.0,0
499,75,Left-skewed,20.0,0.05,lower,0.6,Percentile,500,3.75,4.0,0.8855445544554457,0.11693069306930692,1.6872523419852328,2.2026674404821334,0.8800000000000002,2.222669831529484e-16,4.566891919470738e-16,0.0,0
499,75,Left-skewed,20.0,0.05,lower,0.6,QFactor,500,3.75,4.0,0.9510891089108909,0.17548514851485145,2.592460690953889,3.2973951584527126,0.9466400000000001,0.0005962847939999428,0.03137686369658832,0.0,0
500,75,Left-skewed,20.0,0.05,upper,0.6,MaxMin,500,3.75,4.0,0.8168118811881188,0.5887524752475247,11.318797116093933,13.286036768392018,0.9999466666666668,0.0008424286549875619,0.037142641980346267,0.0,0
500,75,Left-skewed,20.0,0.05,upper,0.6,MeanSD,500,3.75,4.0,0.9122376237623762,0.13051485148514852,2.009914195682207,2.4031721990023045,0.92584,0.01724852589392058,0.030680641741753036,0.0,0
500,75,Left-skewed,20.0,0.05,upper,0.6,MedianMAD,500,3.75,4.0,0.865861386138614,0.14623762376237626,2.1048096305062263,2.669034340864207,0.9132,0.03692451995193295,0.03320768777069969,0.0,0
500,75,Left-skewed,20.0,0.05,upper,0.6,Percentile,500,3.75,4.0,0.8847920792079208,0.1508118811881188,2.1772938395810044,2.716045857116357,0.9332800000000001,0.0008424286549875619,0.00021060716374714749,0.0,0
500,75,Left-skewed,20.0,0.05,upper,0.6,QFactor,500,3.75,4.0,0.9858415841584159,0.014950495049504953,0.2819627367758291,0.42944580357810436,0.9999466666666668,0.0008424286549875619,0.02792902976600325,0.0,0
501,75,Bimodal,20.0,0.0,clean,0.6,MaxMin,500,0.0,0.0,0.8817029702970296,0.21875247524752475,3.1678168299838836,4.192879698849994,0.91968,0.031751158945951,0.04036759189632894,0.019706666666666667,0
501,75,Bimodal,20.0,0.0,clean,0.6,MeanSD,500,0.0,0.0,0.8625346534653465,0.1379207920792079,1.9842745033952498,2.5001293476731776,0.882,0.03271299864826094,0.03473902546355328,0.002853333333333333,0
501,75,Bimodal,20.0,0.0,clean,0.6,MedianMAD,500,0.0,0.0,0.7695841584158417,0.23188118811881187,3.3414383536588876,4.350874123546337,0.9010666666666667,0.03971755098948188,0.038376426348408724,0.015706666666666667,0
501,75,Bimodal,20.0,0.0,clean,0.6,Percentile,500,0.0,0.0,0.832079207920792,0.16988118811881187,2.481416558630377,3.1485900251873655,0.8696533333333334,0.028443865502903638,0.008832959044942627,0.0012533333333333333,0
501,75,Bimodal,20.0,0.0,clean,0.6,QFactor,500,0.0,0.0,0.9175841584158416,0.25986138613861387,3.7109419628301343,4.793424405344936,0.91968,0.031751158945951,0.03874922084214129,0.01272,0
502,75,Bimodal,20.0,0.05,lower,0.6,MaxMin,500,3.75,4.0,0.8743960396039603,0.22853465346534654,3.315538156908095,4.392806773578623,0.86976,0.03155630948008134,0.03924546341688581,0.017973333333333334,0
502,75,Bimodal,20.0,0.05,lower,0.6,MeanSD,500,3.75,4.0,0.8591683168316833,0.14102970297029702,2.0292267180349897,2.5495795150270255,0.83456,0.03366312738924568,0.0336882078500917,0.0032,0
502,75,Bimodal,20.0,0.05,lower,0.6,MedianMAD,500,3.75,4.0,0.7818811881188119,0.21841584158415842,3.1429214244515253,4.201974325413297,0.8557333333333333,0.03773974797417582,0.03650982851748742,0.015013333333333333,0
502,75,Bimodal,20.0,0.05,lower,0.6,Percentile,500,3.75,4.0,0.826118811881188,0.1764950495049505,2.554625062637479,3.2061884346155525,0.8194666666666667,0.028162457737730153,0.008577755956504052,0.00184,0
502,75,Bimodal,20.0,0.05,lower,0.6,QFactor,500,3.75,4.0,0.917128712871287,0.2690891089108911,3.8657297723157202,4.975853384511883,0.86976,0.03155630948008134,0.0375475822849451,0.012213333333333333,0
503,75,Bimodal,20.0,0.05,upper,0.6,MaxMin,500,3.75,4.0,0.9280396039603961,0.19138613861386136,2.775367371308837,3.5187730926861622,0.9210666666666667,0.03074260876642235,0.036538811230644355,0.019786666666666668,0
503,75,Bimodal,20.0,0.05,upper,0.6,MeanSD,500,3.75,4.0,0.8743366336633662,0.23952475247524752,3.474505408227817,4.231060874976177,0.8933333333333334,0.033297241649900555,0.033073854187589825,0.0041066666666666665,0
503,75,Bimodal,20.0,0.05,upper,0.6,MedianMAD,500,3.75,4.0,0.7716039603960396,0.2522772277227722,3.61733116372461,4.782414577333982,0.9055466666666666,0.040378842805819964,0.035944282056762526,0.017493333333333333,0
503,75,Bimodal,20.0,0.05,upper,0.6,Percentile,500,3.75,4.0,0.8306138613861386,0.2489108910891089,3.542338988635509,4.497052800583851,0.8705066666666667,0.02779527536187873,0.00862237715364773,0.0011466666666666667,0
503,75,Bimodal,20.0,0.05,upper,0.6,QFactor,500,3.75,4.0,0.9848910891089108,0.015108910891089108,0.24149136451027764,0.3537198542150011,0.9210666666666667,0.03074260876642235,0.034979926353785246,0.01336,0
504,100,Normal,20.0,0.0,clean,0.6,MaxMin,500,0.0,0.0,0.8063762376237623,0.46093069306930695,7.772109634739202,9.245546106997553,0.9998,0.001537767686914327,0.040233804777448826,0.0,0
504,100,Normal,20.0,0.0,clean,0.6,MeanSD,500,0.0,0.0,0.9255247524752476,0.07451485148514851,1.0725749603546846,1.3765813121685715,0.9331199999999998,0.01670999844692367,0.028980463138555616,0.0,0
504,100,Normal,20.0,0.0,clean,0.6,MedianMAD,500,0.0,0.0,0.896930693069307,0.10386138613861384,1.4785829126572356,1.9004632914097412,0.9286399999999999,0.02942587576145621,0.02967213777102392,0.0,0
504,100,Normal,20.0,0.0,clean,0.6,Percentile,500,0.0,0.0,0.9055643564356436,0.09566336633663365,1.3603897191960552,1.7306826805094653,0.9299599999999998,0.000631821491240673,0.00015795537281059415,0.0,0
504,100,Normal,20.0,0.0,clean,0.6,QFactor,500,0.0,0.0,0.9049108910891089,0.36536633663366336,5.496392843668223,6.9207877232437545,0.9998,0.001537767686914327,0.03406059506525093,2e-05,0
505,100,Normal,20.0,0.05,lower,0.6,MaxMin,500,5.0,5.0,0.8043366336633664,0.4738811881188119,8.131714476943607,9.649974387131262,0.9498599999999999,0.0011760809209681673,0.039329808003142785,0.0,0
505,100,Normal,20.0,0.05,lower,0.6,MeanSD,500,5.0,5.0,0.923009900990099,0.07744554455445544,1.1158221074432846,1.414704783887863,0.8860600000000002,0.015886508814860794,0.027356478688662353,0.0,0
505,100,Normal,20.0,0.05,lower,0.6,MedianMAD,500,5.0,5.0,0.8936039603960395,0.10639603960396041,1.5357900217614027,1.964462052357094,0.88488,0.029711127582177182,0.029569034055181014,0.0,0
505,100,Normal,20.0,0.05,lower,0.6,Percentile,500,5.0,5.0,0.9042376237623763,0.0966930693069307,1.4004360747055238,1.7779881970961184,0.8799000000000003,0.0009959839195167125,0.0004979919597588643,0.0,0
505,100,Normal,20.0,0.05,lower,0.6,QFactor,500,5.0,5.0,0.900019801980198,0.3765940594059406,5.72117224478877,7.204572933639092,0.9498599999999999,0.0011760809209681673,0.03355174386623935,4e-05,0
506,100,Normal,20.0,0.05,upper,0.6,MaxMin,500,5.0,5.0,0.8519405940594058,0.5124158415841584,8.95186259688255,10.502267412902624,0.9997999999999999,0.0014014021035061372,0.03337914462422756,0.0,0
506,100,Normal,20.0,0.05,upper,0.6,MeanSD,500,5.0,5.0,0.9294653465346535,0.1916831683168317,2.7965429294290587,3.3852511099143916,0.95552,0.014489634191310552,0.02644596597604494,0.0,0
506,100,Normal,20.0,0.05,upper,0.6,MedianMAD,500,5.0,5.0,0.8905346534653465,0.1224158415841584,1.7662277329251057,2.260242468428954,0.93882,0.026762662052948312,0.02873295281744015,0.0,0
506,100,Normal,20.0,0.05,upper,0.6,Percentile,500,5.0,5.0,0.8978217821782178,0.1506930693069307,2.167504624263245,2.964228422476375,0.9299199999999999,0.0008917344788453143,0.00022293361971175397,0.0,0
506,100,Normal,20.0,0.05,upper,0.6,QFactor,500,5.0,5.0,0.9864752475247525,0.03772277227722773,0.5718944830467626,0.757571474154492,0.9997999999999999,0.0014014021035061372,0.024265347526072262,6e-05,0
507,100,Compressed Normal,20.0,0.0,clean,0.6,MaxMin,500,0.0,0.0,0.931029702970297,0.24013861386138613,4.2800608573084284,5.11416943186534,1.0,0.0,0.04174263990646096,0.0,0
507,100,Compressed Normal,20.0,0.0,clean,0.6,MeanSD,500,0.0,0.0,0.9741386138613862,0.025861386138613864,0.36216928965923656,0.45504530671120685,0.93346,0.015476027100960322,0.028809825265192192,0.0,0
507,100,Compressed Normal,20.0,0.0,clean,0.6,MedianMAD,500,0.0,0.0,0.9639603960396039,0.03603960396039604,0.5055219943376829,0.6496707344853262,0.9319599999999999,0.029207268428562694,0.03031491981827142,0.0,0
507,100,Compressed Normal,20.0,0.0,clean,0.6,Percentile,500,0.0,0.0,0.9687128712871288,0.03128712871287129,0.45034631066104236,0.572424925146633,0.9299999999999998,2.222669831529484e-16,6.181800468941379e-16,0.0,0
507,100,Compressed Normal,20.0,0.0,clean,0.6,QFactor,500,0.0,0.0,0.9557425742574257,0.23110891089108912,3.0927689749286635,3.8009405252709825,1.0,0.0,0.03186611667629926,0.0,0
508,100,Compressed Normal,20.0,0.05,lower,0.6,MaxMin,500,5.0,5.0,0.9335049504950494,0.24067326732673266,4.29894177921854,5.1410565882724155,0.9499999999999997,2.222669831529484e-16,0.039411900002162575,0.0,0
508,100,Compressed Normal,20.0,0.05,lower,0.6,MeanSD,500,5.0,5.0,0.9734455445544555,0.02691089108910891,0.37915849869316065,0.4791663756806997,0.88752,0.016516512657966328,0.028231856268554616,0.0,0
508,100,Compressed Normal,20.0,0.05,lower,0.6,MedianMAD,500,5.0,5.0,0.9657227722772278,0.03431683168316832,0.49985743312754377,0.6412821264589744,0.88532,0.029288448686349142,0.02962343828525844,0.0,0
508,100,Compressed Normal,20.0,0.05,lower,0.6,Percentile,500,5.0,5.0,0.9679603960396039,0.03207920792079208,0.474388138052972,0.6008115104444375,0.8800000000000002,2.222669831529484e-16,8.091907355412029e-16,0.0,0
508,100,Compressed Normal,20.0,0.05,lower,0.6,QFactor,500,5.0,5.0,0.9578613861386138,0.22950495049504951,3.079497599457581,3.786087674944929,0.9499999999999997,2.222669831529484e-16,0.03037017540695921,0.0,0
509,100,Compressed Normal,20.0,0.05,upper,0.6,MaxMin,500,5.0,5.0,0.945069306930693,0.4985742574257426,14.585224403860172,15.11960297299979,1.0,0.0,0.03177603332951205,0.0,0
509,100,Compressed Normal,20.0,0.05,upper,0.6,MeanSD,500,5.0,5.0,0.9783564356435643,0.2481386138613861,4.786532235564566,5.6116373336147625,0.9992600000000001,0.0026957251098239754,0.018724487506975616,0.0,0
509,100,Compressed Normal,20.0,0.05,upper,0.6,MedianMAD,500,5.0,5.0,0.9660396039603961,0.045801980198019794,0.5862186233427856,0.7471346626040061,0.9380799999999999,0.027390035196328447,0.02824823761863367,0.0,0
509,100,Compressed Normal,20.0,0.05,upper,0.6,Percentile,500,5.0,5.0,0.9680990099009902,0.05548514851485148,0.7332808531950366,1.025394325849833,0.9299999999999998,2.222669831529484e-16,6.181800468941379e-16,0.0,0
509,100,Compressed Normal,20.0,0.05,upper,0.6,QFactor,500,5.0,5.0,0.9862970297029703,0.5144950495049505,9.536487079203958,11.465942941570255,1.0,0.0,0.011241095083784949,0.0,0
510,100,Uniform,20.0,0.0,clean,0.6,MaxMin,500,0.0,0.0,0.8958019801980198,0.15889108910891092,2.2226585784988773,3.0718339425879564,0.89468,0.030270947466523784,0.03422547797665283,0.02856,0
510,100,Uniform,20.0,0.0,clean,0.6,MeanSD,500,0.0,0.0,0.8737821782178219,0.12621782178217822,1.8212897430194182,2.2978001463824134,0.86442,0.030583235089458323,0.029731216218924154,0.0066,0
510,100,Uniform,20.0,0.0,clean,0.6,MedianMAD,500,0.0,0.0,0.8095841584158416,0.19138613861386136,2.7288252254422374,3.6326422842719377,0.88424,0.0362857508041772,0.032947218044892715,0.01918,0
510,100,Uniform,20.0,0.0,clean,0.6,Percentile,500,0.0,0.0,0.83990099009901,0.16394059405940595,2.3373592878168354,2.943876677667453,0.8512799999999999,0.023830597868907514,0.007615028772114011,0.00506,0
510,100,Uniform,20.0,0.0,clean,0.6,QFactor,500,0.0,0.0,0.9275049504950494,0.16714851485148513,2.377671601515862,3.268689956947279,0.89468,0.030270947466523784,0.032933110920492545,0.01626,0
511,100,Uniform,20.0,0.05,lower,0.6,MaxMin,500,5.0,5.0,0.8915445544554454,0.16087128712871288,2.267916232506536,3.1452459620917423,0.85036,0.02817548786148103,0.03289061147234146,0.0276,0
511,100,Uniform,20.0,0.05,lower,0.6,MeanSD,500,5.0,5.0,0.8694851485148515,0.13067326732673268,1.886675445364126,2.3588712095928996,0.8209200000000001,0.029408899447845135,0.028847844644480782,0.00668,0
511,100,Uniform,20.0,0.05,lower,0.6,MedianMAD,500,5.0,5.0,0.7951485148514851,0.2050693069306931,2.9352800849032405,3.8722760148628756,0.83886,0.03289779521274517,0.03178484115652097,0.0192,0
511,100,Uniform,20.0,0.05,lower,0.6,Percentile,500,5.0,5.0,0.838990099009901,0.16518811881188117,2.3590632766675323,2.9726391344303242,0.81142,0.02396104888621226,0.0073379779293180295,0.00452,0
511,100,Uniform,20.0,0.05,lower,0.6,QFactor,500,5.0,5.0,0.924990099009901,0.16722772277227724,2.3868456333372317,3.3091404863179283,0.85036,0.02817548786148103,0.03161927665740774,0.01584,0
512,100,Uniform,20.0,0.05,upper,0.6,MaxMin,500,5.0,5.0,0.9348316831683169,0.11623762376237626,1.6918715574040952,2.4584944930834487,0.89908,0.030374311475244845,0.03196788934476801,0.02752,0
512,100,Uniform,20.0,0.05,upper,0.6,MeanSD,500,5.0,5.0,0.8855445544554456,0.209009900990099,3.067388170189355,3.7329006764773873,0.8767,0.02940474925172998,0.02835294424804314,0.008,0
512,100,Uniform,20.0,0.05,upper,0.6,MedianMAD,500,5.0,5.0,0.8104356435643566,0.21285148514851482,3.0821622804811835,4.178286358342111,0.89148,0.03140991508315587,0.03173562767068816,0.0223,0
512,100,Uniform,20.0,0.05,upper,0.6,Percentile,500,5.0,5.0,0.8412871287128713,0.23502970297029702,3.421903531535771,4.422652932073613,0.85454,0.024206617290346105,0.007653326663697859,0.00422,0
512,100,Uniform,20.0,0.05,upper,0.6,QFactor,500,5.0,5.0,0.9871683168316833,0.025821782178217824,0.3659386351396869,0.5270271675368102,0.89908,0.030374311475244845,0.030971346998622036,0.0156,0
513,100,Right-skewed,20.0,0.0,clean,0.6,MaxMin,500,0.0,0.0,0.8716633663366338,0.421009900990099,8.518439694372065,11.190319773248662,0.6961199999999999,0.045724468877267624,0.03541668844571223,0.11714,0
513,100,Right-skewed,20.0,0.0,clean,0.6,MeanSD,500,0.0,0.0,0.9286138613861387,0.07235643564356435,1.0225808224424537,1.4408989476489604,0.69556,0.04546229250796928,0.02944759035766034,0.0808,0
513,100,Right-skewed,20.0,0.0,clean,0.6,MedianMAD,500,0.0,0.0,0.9054257425742575,0.09457425742574257,1.395183191774945,1.958086094417637,0.69862,0.0453476395949521,0.030415381535738882,0.10352,0
513,100,Right-skewed,20.0,0.0,clean,0.6,Percentile,500,0.0,0.0,0.9046930693069306,0.096,1.3482595114977651,1.848874673858436,0.6878399999999999,0.041239979046351204,0.012482108763245221,0.04814,0
513,100,Right-skewed,20.0,0.0,clean,0.6,QFactor,500,0.0,0.0,0.882990099009901,0.45144554455445546,9.825702447180744,12.107350631824865,0.6957000000000001,0.04564072909479656,0.03236415738749934,0.04538,0
514,100,Right-skewed,20.0,0.05,lower,0.6,MaxMin,500,5.0,5.0,0.8690891089108912,0.4174653465346535,8.37090704738313,11.025801169235205,0.6603600000000001,0.04538270132063887,0.034528887138590175,0.11142,0
514,100,Right-skewed,20.0,0.05,lower,0.6,MeanSD,500,5.0,5.0,0.9312673267326732,0.06873267326732674,0.9800959333685985,1.3854804655609925,0.65964,0.045063642370845425,0.028823010284576372,0.07874,0
514,100,Right-skewed,20.0,0.05,lower,0.6,MedianMAD,500,5.0,5.0,0.9053861386138614,0.09461386138613863,1.3976250308424862,1.9699667883655725,0.6628200000000001,0.04426925721387853,0.029620718671791498,0.0993,0
514,100,Right-skewed,20.0,0.05,lower,0.6,Percentile,500,5.0,5.0,0.9066336633663367,0.09396039603960396,1.3169313065635158,1.7867460518740166,0.65226,0.04192622110364901,0.012523049300620278,0.04676,0
514,100,Right-skewed,20.0,0.05,lower,0.6,QFactor,500,5.0,5.0,0.881960396039604,0.4497227722772277,9.70885482209658,11.969150229639318,0.6598600000000001,0.045284453883502385,0.03133261296199957,0.04564,0
515,100,Right-skewed,20.0,0.05,upper,0.6,MaxMin,500,5.0,5.0,0.9574653465346534,0.5235445544554456,7.789702659649472,8.8331284942953,0.7100799999999999,0.043664709018007376,0.026378611523776838,0.10692,0
515,100,Right-skewed,20.0,0.05,upper,0.6,MeanSD,500,5.0,5.0,0.9373465346534653,0.36110891089108904,6.83450424488443,9.033902358900121,0.73898,0.04163443830419491,0.02597341694788037,0.20994,0
515,100,Right-skewed,20.0,0.05,upper,0.6,MedianMAD,500,5.0,5.0,0.90190099009901,0.11186138613861385,1.6405147749119564,2.3269109701935604,0.7141600000000001,0.04286688161131104,0.028533323911116328,0.1076,0
515,100,Right-skewed,20.0,0.05,upper,0.6,Percentile,500,5.0,5.0,0.8644554455445544,0.2306138613861386,3.2894887951713003,6.1485492552274215,0.7008199999999999,0.03996902106995593,0.01198754272616213,0.04384,0
515,100,Right-skewed,20.0,0.05,upper,0.6,QFactor,500,5.0,5.0,0.9865544554455445,0.4216831683168317,6.316535215181684,7.598072074372486,0.7100799999999999,0.043664709018007376,0.0222439388444303,0.04458,0
516,100,Left-skewed,20.0,0.0,clean,0.6,MaxMin,500,0.0,0.0,0.8234653465346535,0.494970297029703,9.31129849174381,11.65814640633715,1.0,0.0,0.035048030554552814,0.0,0
516,100,Left-skewed,20.0,0.0,clean,0.6,MeanSD,500,0.0,0.0,0.9252079207920791,0.07479207920792079,1.1008774023162236,1.397788217801887,0.91852,0.01592220566587848,0.028680741552500895,0.0,0
516,100,Left-skewed,20.0,0.0,clean,0.6,MedianMAD,500,0.0,0.0,0.8913069306930693,0.1086930693069307,1.5862033479106965,2.018106422747567,0.90968,0.03184848901447304,0.03029614685351061,0.0,0
516,100,Left-skewed,20.0,0.0,clean,0.6,Percentile,500,0.0,0.0,0.904851485148515,0.098,1.3970113416109349,1.7870986839767842,0.9299999999999998,2.222669831529484e-16,6.181800468941379e-16,0.0,0
516,100,Left-skewed,20.0,0.0,clean,0.6,QFactor,500,0.0,0.0,0.9536039603960396,0.1600990099009901,2.370364631068456,3.0263891687142763,1.0,0.0,0.027365395228478594,0.0,0
517,100,Left-skewed,20.0,0.05,lower,0.6,MaxMin,500,5.0,5.0,0.8210495049504951,0.49029702970297023,9.166304180343841,11.498123229584287,0.9499399999999998,0.0007730428127734987,0.0334397364453167,0.0,0
517,100,Left-skewed,20.0,0.05,lower,0.6,MeanSD,500,5.0,5.0,0.9236039603960395,0.0763960396039604,1.1279817940661414,1.4627951705256506,0.87338,0.015686546320683285,0.027674211537016737,0.0,0
517,100,Left-skewed,20.0,0.05,lower,0.6,MedianMAD,500,5.0,5.0,0.8851881188118812,0.11481188118811882,1.6743459214093253,2.1256233752645195,0.8642199999999999,0.03273736504577424,0.029454122520269164,0.0,0
517,100,Left-skewed,20.0,0.05,lower,0.6,Percentile,500,5.0,5.0,0.904,0.09825742574257428,1.425580207596826,1.8532092893970207,0.8800000000000002,2.222669831529484e-16,8.091907355412029e-16,0.0,0
517,100,Left-skewed,20.0,0.05,lower,0.6,QFactor,500,5.0,5.0,0.9537227722772277,0.15609900990099013,2.314951444149499,2.9603060615156163,0.9499399999999998,0.0007730428127734987,0.02704241563959087,0.0,0
518,100,Left-skewed,20.0,0.05,upper,0.6,MaxMin,500,5.0,5.0,0.8312871287128714,0.5764752475247524,10.682452600716804,12.509808623530176,1.0,0.0,0.03276791120615841,0.0,0
518,100,Left-skewed,20.0,0.05,upper,0.6,MeanSD,500,5.0,5.0,0.923821782178218,0.12041584158415841,1.8562619159526332,2.194977486170244,0.9249200000000001,0.016307220820906392,0.02719910516608969,0.0,0
518,100,Left-skewed,20.0,0.05,upper,0.6,MedianMAD,500,5.0,5.0,0.8807920792079209,0.13633663366336632,1.9272600327454232,2.430122969050517,0.91546,0.03216921068712231,0.029874774061942753,0.0,0
518,100,Left-skewed,20.0,0.05,upper,0.6,Percentile,500,5.0,5.0,0.900970297029703,0.13934653465346536,1.9980019377259355,2.4783897943613273,0.9299999999999998,2.222669831529484e-16,6.181800468941379e-16,0.0,0
518,100,Left-skewed,20.0,0.05,upper,0.6,QFactor,500,5.0,5.0,0.9864950495049505,0.014059405940594058,0.26457163959380575,0.402835325949879,1.0,0.0,0.025046968507106443,0.0,0
519,100,Bimodal,20.0,0.0,clean,0.6,MaxMin,500,0.0,0.0,0.8959207920792079,0.19695049504950496,2.853224983727242,3.8344593807539424,0.9188200000000001,0.029266373900477736,0.034961078311178354,0.0221,0
519,100,Bimodal,20.0,0.0,clean,0.6,MeanSD,500,0.0,0.0,0.8787524752475246,0.12140594059405942,1.7422925554047597,2.187735996471029,0.8811800000000001,0.031066668243496975,0.030374651324263164,0.00296,0
519,100,Bimodal,20.0,0.0,clean,0.6,MedianMAD,500,0.0,0.0,0.8073465346534654,0.1936237623762376,2.778247870200673,3.6473183181080775,0.90636,0.035935123015404635,0.033172128330358194,0.0149,0
519,100,Bimodal,20.0,0.0,clean,0.6,Percentile,500,0.0,0.0,0.8509504950495049,0.15077227722772277,2.1925090017820947,2.7526358625562786,0.8675799999999999,0.023661431204669497,0.007475553113940251,0.00168,0
519,100,Bimodal,20.0,0.0,clean,0.6,QFactor,500,0.0,0.0,0.9249108910891088,0.24332673267326732,3.4535061940626983,4.459625580910442,0.9188200000000001,0.029266373900477736,0.03343558064491261,0.01258,0
520,100,Bimodal,20.0,0.05,lower,0.6,MaxMin,500,5.0,5.0,0.8915841584158416,0.20398019801980202,2.950951456794459,3.949345972436424,0.87298,0.026846994659449123,0.03340158758855914,0.02008,0
520,100,Bimodal,20.0,0.05,lower,0.6,MeanSD,500,5.0,5.0,0.8810693069306931,0.12047524752475249,1.7296442928874871,2.1602751779769434,0.8391599999999999,0.029513327039591645,0.028851814347903907,0.0028,0
520,100,Bimodal,20.0,0.05,lower,0.6,MedianMAD,500,5.0,5.0,0.8092079207920793,0.19097029702970295,2.727811716328826,3.593828486661125,0.8618400000000002,0.03383643315151339,0.032125351851562525,0.01516,0
520,100,Bimodal,20.0,0.05,lower,0.6,Percentile,500,5.0,5.0,0.8500990099009901,0.1499009900990099,2.1736484780622227,2.7273085467059275,0.8277800000000001,0.0203198768399215,0.006843604357040295,0.00174,0
520,100,Bimodal,20.0,0.05,lower,0.6,QFactor,500,5.0,5.0,0.9206534653465346,0.24986138613861383,3.5455319312408404,4.560785507123121,0.87298,0.026846994659449123,0.03214582058546449,0.0115,0
521,100,Bimodal,20.0,0.05,upper,0.6,MaxMin,500,5.0,5.0,0.9346732673267327,0.1726930693069307,2.518957332520465,3.206784873335025,0.9238999999999998,0.025641860502312215,0.03232207279495106,0.02002,0
521,100,Bimodal,20.0,0.05,upper,0.6,MeanSD,500,5.0,5.0,0.8890495049504952,0.21617821782178218,3.128474124611425,3.8078708564604535,0.89648,0.027856085924732727,0.028824661666652734,0.00396,0
521,100,Bimodal,20.0,0.05,upper,0.6,MedianMAD,500,5.0,5.0,0.8048316831683168,0.22356435643564354,3.166844924727141,4.14314065287094,0.9123600000000001,0.03301834068579592,0.0313066199264051,0.01608,0
521,100,Bimodal,20.0,0.05,upper,0.6,Percentile,500,5.0,5.0,0.849960396039604,0.22148514851485146,3.119835345615556,3.9814526307183744,0.87038,0.0215076907529155,0.0069551242187919585,0.00132,0
521,100,Bimodal,20.0,0.05,upper,0.6,QFactor,500,5.0,5.0,0.986970297029703,0.0139009900990099,0.23291636397244314,0.3398325399650671,0.9238999999999998,0.025641860502312215,0.030833901475813802,0.01182,0
522,200,Normal,20.0,0.0,clean,0.6,MaxMin,500,0.0,0.0,0.8276039603960396,0.418970297029703,6.64537057138962,7.913033938302003,0.99985,0.0008537903231072983,0.03301637457765204,0.0,0
522,200,Normal,20.0,0.0,clean,0.6,MeanSD,500,0.0,0.0,0.949069306930693,0.050930693069306934,0.73567472922831,0.9258691585066088,0.93198,0.011655526697889277,0.019818816579551778,0.0,0
522,200,Normal,20.0,0.0,clean,0.6,MedianMAD,500,0.0,0.0,0.9272277227722773,0.07364356435643565,1.0498603549439287,1.3322099955596987,0.93126,0.021392233527862868,0.020990034418253332,0.0,0
522,200,Normal,20.0,0.0,clean,0.6,Percentile,500,0.0,0.0,0.9344752475247525,0.06647524752475248,0.9502148336050354,1.2106347472159817,0.9299699999999999,0.00038652140638674936,9.663035159711248e-05,0.0,0
522,200,Normal,20.0,0.0,clean,0.6,QFactor,500,0.0,0.0,0.9166534653465346,0.31516831683168317,4.606010638141636,5.8288909505074376,0.99985,0.0008537903231072983,0.026722798578177363,1e-05,0
523,200,Normal,20.0,0.05,lower,0.6,MaxMin,500,10.0,10.0,0.8216435643564356,0.42827722772277227,6.905031635357659,8.234075181667945,0.9497999999999999,0.0010305941240357408,0.03199346777472615,1e-05,0
523,200,Normal,20.0,0.05,lower,0.6,MeanSD,500,10.0,10.0,0.9447722772277227,0.055742574257425744,0.7903795076310725,1.011546851208386,0.88601,0.011174956792696672,0.019416631152863507,0.0,0
523,200,Normal,20.0,0.05,lower,0.6,MedianMAD,500,10.0,10.0,0.9244554455445545,0.07578217821782178,1.0801567582784934,1.373489527324543,0.88471,0.020201041164461232,0.02078337179213128,0.0,0
523,200,Normal,20.0,0.05,lower,0.6,Percentile,500,10.0,10.0,0.9304950495049505,0.07025742574257426,1.0015296291448625,1.273612949094693,0.8849099999999999,0.0006654213485771893,0.0001663553371449522,0.0,0
523,200,Normal,20.0,0.05,lower,0.6,QFactor,500,10.0,10.0,0.9163366336633663,0.31718811881188114,4.647233324289294,5.881612553501422,0.9497999999999999,0.0010305941240357408,0.02440784197401927,4e-05,0
524,200,Normal,20.0,0.05,upper,0.6,MaxMin,500,10.0,10.0,0.8692673267326732,0.4826138613861386,7.8225215854680705,9.112942381678078,0.9998699999999999,0.0007964726847010833,0.026762570186172292,1e-05,0
524,200,Normal,20.0,0.05,upper,0.6,MeanSD,500,10.0,10.0,0.9531485148514851,0.18267326732673267,2.6536174925094915,3.229309641053877,0.95452,0.010554259081979133,0.01878618911514865,0.0,0
524,200,Normal,20.0,0.05,upper,0.6,MedianMAD,500,10.0,10.0,0.9234455445544555,0.09318811881188117,1.3306342537904678,1.694705735455576,0.93861,0.019740752128254314,0.020481577870080467,0.0,0
524,200,Normal,20.0,0.05,upper,0.6,Percentile,500,10.0,10.0,0.9265346534653465,0.13572277227722773,1.9639196273813302,2.8143582969098206,0.9299099999999999,0.0006654213485771893,0.00016635533714472246,0.0,0
524,200,Normal,20.0,0.05,upper,0.6,QFactor,500,10.0,10.0,0.9899603960396038,0.02687128712871287,0.4013086485178103,0.5362885023323299,0.9998699999999999,0.0007964726847010833,0.01694834869494921,5e-05,0
525,200,Compressed Normal,20.0,0.0,clean,0.6,MaxMin,500,0.0,0.0,0.9352475247524753,0.22788118811881186,3.828418023515533,4.588681866538782,1.0,0.0,0.03491073608586276,0.0,0
525,200,Compressed Normal,20.0,0.0,clean,0.6,MeanSD,500,0.0,0.0,0.9806732673267327,0.0201980198019802,0.27213135037204805,0.3401893289580364,0.9339299999999999,0.011173844889707293,0.020025445652371396,0.0,0
525,200,Compressed Normal,20.0,0.0,clean,0.6,MedianMAD,500,0.0,0.0,0.9737821782178219,0.026613861386138617,0.3687454922066572,0.4662766155443294,0.93211,0.020570468841928532,0.02135151153274704,0.0,0
525,200,Compressed Normal,20.0,0.0,clean,0.6,Percentile,500,0.0,0.0,0.9772277227722771,0.023168316831683168,0.3285819977519869,0.4149630098593255,0.9299999999999998,2.222669831529484e-16,6.181800468941379e-16,0.0,0
525,200,Compressed Normal,20.0,0.0,clean,0.6,QFactor,500,0.0,0.0,0.9669108910891089,0.19895049504950496,2.673467385399948,3.305054402626976,1.0,0.0,0.027501094697653338,0.0,0
526,200,Compressed Normal,20.0,0.05,lower,0.6,MaxMin,500,10.0,10.0,0.9312475247524752,0.22910891089108912,3.8726041739091204,4.641171321499443,0.9499999999999997,2.222669831529484e-16,0.035330863523885064,0.0,0
526,200,Compressed Normal,20.0,0.05,lower,0.6,MeanSD,500,10.0,10.0,0.9810891089108911,0.018910891089108907,0.26217766303675455,0.330100465273891,0.88652,0.011796946040045437,0.01979752259931461,0.0,0
526,200,Compressed Normal,20.0,0.05,lower,0.6,MedianMAD,500,10.0,10.0,0.974930693069307,0.02506930693069307,0.3515765303204544,0.4483083877990593,0.88555,0.02011857385671402,0.02079901087777511,0.0,0
526,200,Compressed Normal,20.0,0.05,lower,0.6,Percentile,500,10.0,10.0,0.9773267326732674,0.022673267326732673,0.3265707853153683,0.41762083561166924,0.8849999999999999,1.111334915764742e-16,9.41161756788266e-16,0.0,0
526,200,Compressed Normal,20.0,0.05,lower,0.6,QFactor,500,10.0,10.0,0.9652475247524752,0.2017821782178218,2.702803830216756,3.3443647286713913,0.9499999999999997,2.222669831529484e-16,0.026646698190542807,0.0,0
527,200,Compressed Normal,20.0,0.05,upper,0.6,MaxMin,500,10.0,10.0,0.9447128712871287,0.5001386138613861,14.13267339651203,14.785747824314681,1.0,0.0,0.025932885655955227,0.0,0
527,200,Compressed Normal,20.0,0.05,upper,0.6,MeanSD,500,10.0,10.0,0.9864158415841583,0.24782178217821782,4.766368401387066,5.5827400523156046,0.99914,0.0020902483767612674,0.013127796468312039,0.0,0
527,200,Compressed Normal,20.0,0.05,upper,0.6,MedianMAD,500,10.0,10.0,0.9765742574257427,0.037405940594059404,0.45213613708070677,0.5719544009111729,0.93971,0.01902603163456631,0.019989825169621105,0.0,0
527,200,Compressed Normal,20.0,0.05,upper,0.6,Percentile,500,10.0,10.0,0.9808118811881188,0.05225742574257426,0.6666182546922563,0.964070200359246,0.9299999999999998,2.222669831529484e-16,6.181800468941379e-16,0.0,0
527,200,Compressed Normal,20.0,0.05,upper,0.6,QFactor,500,10.0,10.0,0.9896633663366337,0.5177029702970297,9.683534477094023,11.640624934629171,1.0,0.0,0.007692854868474307,0.0,0
528,200,Uniform,20.0,0.0,clean,0.6,MaxMin,500,0.0,0.0,0.9297227722772275,0.10548514851485148,1.4720442359618329,2.0618276777317512,0.8956600000000001,0.02294815102073676,0.02405341099086587,0.03397,0
528,200,Uniform,20.0,0.0,clean,0.6,MeanSD,500,0.0,0.0,0.9126732673267327,0.08732673267326733,1.2581469689615834,1.590031983849422,0.86537,0.022219372200897234,0.020796153258498443,0.00646,0
528,200,Uniform,20.0,0.0,clean,0.6,MedianMAD,500,0.0,0.0,0.866059405940594,0.13421782178217823,1.9055292934511057,2.509173601805479,0.89022,0.023653129625530848,0.023128167690525663,0.02017,0
528,200,Uniform,20.0,0.0,clean,0.6,Percentile,500,0.0,0.0,0.8893663366336633,0.1124950495049505,1.6040629407258244,2.032359763768808,0.8550699999999999,0.01890926282119116,0.005322916803079146,0.00427,0
528,200,Uniform,20.0,0.0,clean,0.6,QFactor,500,0.0,0.0,0.9490297029702971,0.11073267326732675,1.5675218328160818,2.1777225246090954,0.8956600000000001,0.02294815102073676,0.02291920407716958,0.01629,0
529,200,Uniform,20.0,0.05,lower,0.6,MaxMin,500,10.0,10.0,0.924930693069307,0.11320792079207923,1.5693792025983673,2.217987835344465,0.8508399999999999,0.02158532493396869,0.024159912502009752,0.03212,0
529,200,Uniform,20.0,0.05,lower,0.6,MeanSD,500,10.0,10.0,0.9072475247524753,0.09283168316831684,1.3565690686251344,1.7155123230238707,0.8200899999999999,0.022520129049915516,0.02077047381798368,0.00611,0
529,200,Uniform,20.0,0.05,lower,0.6,MedianMAD,500,10.0,10.0,0.8591089108910892,0.14162376237623764,2.022038606527039,2.7198626957686947,0.84372,0.025191880869110332,0.02297796956972949,0.0184,0
529,200,Uniform,20.0,0.05,lower,0.6,Percentile,500,10.0,10.0,0.8824554455445545,0.11877227722772278,1.705466427600128,2.156973223478651,0.81274,0.018098273259899104,0.0050568865164053855,0.00481,0
529,200,Uniform,20.0,0.05,lower,0.6,QFactor,500,10.0,10.0,0.944059405940594,0.11912871287128712,1.6881153483223486,2.3749052422794565,0.8508399999999999,0.02158532493396869,0.0232675003540707,0.01546,0
530,200,Uniform,20.0,0.05,upper,0.6,MaxMin,500,10.0,10.0,0.9529108910891089,0.07992079207920791,1.1789167452138951,1.7164128465099493,0.8980199999999999,0.02269823825850986,0.023266963435416198,0.03381,0
530,200,Uniform,20.0,0.05,upper,0.6,MeanSD,500,10.0,10.0,0.9152277227722773,0.195980198019802,2.897709935327783,3.494786047961643,0.8739600000000001,0.023435375688632246,0.020019480783460372,0.00757,0
530,200,Uniform,20.0,0.05,upper,0.6,MedianMAD,500,10.0,10.0,0.859168316831683,0.17568316831683164,2.5443396749944305,3.43063687870946,0.8927999999999999,0.02517792397540797,0.02219724804714803,0.02172,0
530,200,Uniform,20.0,0.05,upper,0.6,Percentile,500,10.0,10.0,0.8848712871287129,0.21801980198019802,3.174595430601895,4.235131184610095,0.85625,0.01872401338801887,0.005272015166308969,0.00409,0
530,200,Uniform,20.0,0.05,upper,0.6,QFactor,500,10.0,10.0,0.9902178217821782,0.017306930693069305,0.2374052935685437,0.35521156770452383,0.8980199999999999,0.02269823825850986,0.022245770744213834,0.01674,0
531,200,Right-skewed,20.0,0.0,clean,0.6,MaxMin,500,0.0,0.0,0.8770495049504952,0.40031683168316834,7.433431366985211,9.76226356066017,0.6985,0.031938850642449876,0.026348019219354632,0.12903,0
531,200,Right-skewed,20.0,0.0,clean,0.6,MeanSD,500,0.0,0.0,0.9518415841584159,0.04895049504950495,0.6765828813779351,0.9523955173445275,0.69827,0.03191542399181238,0.021090992451290175,0.08036,0
531,200,Right-skewed,20.0,0.0,clean,0.6,MedianMAD,500,0.0,0.0,0.9363762376237625,0.06362376237623762,0.9438220414976287,1.3083408687658906,0.6997899999999999,0.031873778808781075,0.02186551824066263,0.10265,0
531,200,Right-skewed,20.0,0.0,clean,0.6,Percentile,500,0.0,0.0,0.9358415841584158,0.06487128712871287,0.8989095754035915,1.2361522155030953,0.69398,0.030329843369156957,0.008889918216737416,0.04924,0
531,200,Right-skewed,20.0,0.0,clean,0.6,QFactor,500,0.0,0.0,0.8865346534653464,0.42950495049504955,8.466389073925917,10.47918323993285,0.69829,0.03191650398231149,0.023521417585014942,0.04652,0
532,200,Right-skewed,20.0,0.05,lower,0.6,MaxMin,500,10.0,10.0,0.8739801980198019,0.3948514851485148,7.276472005149219,9.605739443913778,0.66084,0.03166543540833124,0.02564445765412886,0.12225,0
532,200,Right-skewed,20.0,0.05,lower,0.6,MeanSD,500,10.0,10.0,0.9479207920792079,0.05207920792079208,0.7364605402845819,1.0323429876170314,0.66059,0.03172088158701322,0.020394392223389027,0.07737,0
532,200,Right-skewed,20.0,0.05,lower,0.6,MedianMAD,500,10.0,10.0,0.9336633663366336,0.06633663366336633,0.9839524613923082,1.37776573837179,0.6621800000000001,0.03119284512791913,0.02137583922397414,0.10099,0
532,200,Right-skewed,20.0,0.05,lower,0.6,Percentile,500,10.0,10.0,0.9314851485148514,0.06851485148514852,0.9606176585508458,1.323437386597617,0.6564399999999999,0.029848085641006623,0.008617959546439437,0.04772,0
532,200,Right-skewed,20.0,0.05,lower,0.6,QFactor,500,10.0,10.0,0.8846732673267327,0.4249306930693069,8.329937132017733,10.34119085220299,0.66063,0.03173747997668594,0.02305578951460135,0.04488,0
533,200,Right-skewed,20.0,0.05,upper,0.6,MaxMin,500,10.0,10.0,0.9643564356435644,0.5085148514851485,7.545022940403805,8.65309489233537,0.70897,0.030355097824382896,0.018823165528305527,0.12346,0
533,200,Right-skewed,20.0,0.05,upper,0.6,MeanSD,500,10.0,10.0,0.9587128712871287,0.358039603960396,6.786577457909884,8.992034202770359,0.7363,0.029360416688737127,0.018991495853240493,0.21036,0
533,200,Right-skewed,20.0,0.05,upper,0.6,MedianMAD,500,10.0,10.0,0.9275643564356435,0.09112871287128714,1.3299886901406484,1.9444979453554398,0.71074,0.030243706180411382,0.020748989367017898,0.10889,0
533,200,Right-skewed,20.0,0.05,upper,0.6,Percentile,500,10.0,10.0,0.8905148514851484,0.24091089108910893,3.412827343759975,6.825573733516869,0.7044,0.028523098258578718,0.008310206812184391,0.04523,0
533,200,Right-skewed,20.0,0.05,upper,0.6,QFactor,500,10.0,10.0,0.9897425742574257,0.4291287128712871,6.469970718459247,7.779539730326386,0.70897,0.030355097824382896,0.016038124590857537,0.04315,0
534,200,Left-skewed,20.0,0.0,clean,0.6,MaxMin,500,0.0,0.0,0.836138613861386,0.4527524752475247,7.759567110281763,9.764302843588851,1.0,0.0,0.026737507424869515,0.0,0
534,200,Left-skewed,20.0,0.0,clean,0.6,MeanSD,500,0.0,0.0,0.947980198019802,0.05201980198019802,0.7752260338989597,0.9970820595206877,0.9175899999999999,0.011162037545373546,0.020013559830377784,0.0,0
534,200,Left-skewed,20.0,0.0,clean,0.6,MedianMAD,500,0.0,0.0,0.9237821782178218,0.07621782178217822,1.1251927360429979,1.4315797720366497,0.90858,0.02218259983570325,0.02129289425265523,0.0,0
534,200,Left-skewed,20.0,0.0,clean,0.6,Percentile,500,0.0,0.0,0.9325346534653466,0.06920792079207921,0.9976021659058523,1.278777927542944,0.9299999999999998,2.222669831529484e-16,6.181800468941379e-16,0.0,0
534,200,Left-skewed,20.0,0.0,clean,0.6,QFactor,500,0.0,0.0,0.9641386138613861,0.1227920792079208,1.8132804958703999,2.3213955147994563,1.0,0.0,0.020204807136939968,0.0,0
535,200,Left-skewed,20.0,0.05,lower,0.6,MaxMin,500,10.0,10.0,0.8296435643564357,0.45522772277227724,7.9087285880715,9.99553081352235,0.9499799999999998,0.0003159107456203365,0.026626942968311307,0.0,0
535,200,Left-skewed,20.0,0.05,lower,0.6,MeanSD,500,10.0,10.0,0.9447326732673268,0.055267326732673275,0.8206864338698246,1.0579581354846666,0.8721499999999999,0.010971245894288675,0.019444734762997545,0.0,0
535,200,Left-skewed,20.0,0.05,lower,0.6,MedianMAD,500,10.0,10.0,0.9190297029702971,0.08097029702970297,1.182730292409671,1.51005924399693,0.86565,0.02221293156378319,0.02090553675687749,0.0,0
535,200,Left-skewed,20.0,0.05,lower,0.6,Percentile,500,10.0,10.0,0.9297821782178216,0.07215841584158417,1.0430794721632712,1.342764621536888,0.8849799999999999,0.0003159107456203365,7.897768640573886e-05,0.0,0
535,200,Left-skewed,20.0,0.05,lower,0.6,QFactor,500,10.0,10.0,0.962039603960396,0.1292871287128713,1.9037321896874428,2.4362982989714723,0.9499799999999998,0.0003159107456203365,0.019643557793024954,1e-05,0
536,200,Left-skewed,20.0,0.05,upper,0.6,MaxMin,500,10.0,10.0,0.846059405940594,0.537029702970297,9.114972574835,10.644908144474197,1.0,0.0,0.02429920624274918,0.0,0
536,200,Left-skewed,20.0,0.05,upper,0.6,MeanSD,500,10.0,10.0,0.948079207920792,0.10435643564356437,1.6328578438041217,1.9099646855411623,0.92545,0.010930986823973924,0.018778863176942082,0.0,0
536,200,Left-skewed,20.0,0.05,upper,0.6,MedianMAD,500,10.0,10.0,0.9212475247524752,0.10188118811881189,1.4055308615701314,1.766865375507944,0.9174000000000001,0.02136241337983191,0.01999147725762876,0.0,0
536,200,Left-skewed,20.0,0.05,upper,0.6,Percentile,500,10.0,10.0,0.9301386138613861,0.11859405940594059,1.6966735443350192,2.1502455466497628,0.9299999999999998,2.222669831529484e-16,6.181800468941379e-16,0.0,0
536,200,Left-skewed,20.0,0.05,upper,0.6,QFactor,500,10.0,10.0,0.9896435643564357,0.010356435643564357,0.1651956369098762,0.24424807074274868,1.0,0.0,0.016957848185713324,0.0,0
537,200,Bimodal,20.0,0.0,clean,0.6,MaxMin,500,0.0,0.0,0.9226732673267326,0.15205940594059406,2.221009525238096,2.9920236719486297,0.92044,0.01895322794933355,0.024684017489034295,0.02634,0
537,200,Bimodal,20.0,0.0,clean,0.6,MeanSD,500,0.0,0.0,0.9186534653465346,0.08134653465346536,1.1717594752463858,1.489425294297039,0.8817200000000001,0.02074372686883479,0.020862033479593374,0.00226,0
537,200,Bimodal,20.0,0.0,clean,0.6,MedianMAD,500,0.0,0.0,0.8683762376237624,0.13237623762376238,1.880823815044628,2.5164539883679535,0.91211,0.022951065395872394,0.02352007283047166,0.01321,0
537,200,Bimodal,20.0,0.0,clean,0.6,Percentile,500,0.0,0.0,0.8971485148514851,0.10285148514851487,1.4907425888813175,1.893519963517458,0.8727,0.0161874663902747,0.0046075355434728555,0.00153,0
537,200,Bimodal,20.0,0.0,clean,0.6,QFactor,500,0.0,0.0,0.9440396039603962,0.19285148514851486,2.7113129609619926,3.479706412392572,0.92044,0.01895322794933355,0.0236077266215565,0.01233,0
538,200,Bimodal,20.0,0.05,lower,0.6,MaxMin,500,10.0,10.0,0.9191683168316832,0.15160396039603963,2.208718018036032,2.9754235228949586,0.87448,0.018644700311332425,0.024200829330953088,0.02514,0
538,200,Bimodal,20.0,0.05,lower,0.6,MeanSD,500,10.0,10.0,0.9206138613861387,0.07938613861386139,1.150361399202142,1.4583203523019286,0.8376999999999999,0.021262977883093274,0.020663477337369857,0.00226,0
538,200,Bimodal,20.0,0.05,lower,0.6,MedianMAD,500,10.0,10.0,0.8659603960396038,0.13471287128712872,1.903855349642498,2.512251280353166,0.86635,0.02339063367006064,0.02275546689245516,0.01289,0
538,200,Bimodal,20.0,0.05,lower,0.6,Percentile,500,10.0,10.0,0.896950495049505,0.10316831683168319,1.4935220504778939,1.8904630802235174,0.82908,0.015241989255767948,0.004578905356049431,0.00138,0
538,200,Bimodal,20.0,0.05,lower,0.6,QFactor,500,10.0,10.0,0.940910891089109,0.18863366336633663,2.6486258823322415,3.428204163489272,0.87448,0.018644700311332425,0.02302748798378937,0.01206,0
539,200,Bimodal,20.0,0.05,upper,0.6,MaxMin,500,10.0,10.0,0.9560000000000001,0.13833663366336632,2.030639309829763,2.512375730763665,0.9233800000000001,0.01768901927201197,0.022725262690056373,0.02513,0
539,200,Bimodal,20.0,0.05,upper,0.6,MeanSD,500,10.0,10.0,0.9186732673267327,0.20693069306930692,3.006021322702566,3.650229129072054,0.89487,0.019995818701195076,0.02062545981263027,0.00348,0
539,200,Bimodal,20.0,0.05,upper,0.6,MedianMAD,500,10.0,10.0,0.8602178217821781,0.18772277227722772,2.6231847554827183,3.443263553001667,0.9163500000000001,0.02049310700869293,0.022221558169694976,0.0151,0
539,200,Bimodal,20.0,0.05,upper,0.6,Percentile,500,10.0,10.0,0.890019801980198,0.21083168316831682,2.9461421674024657,3.8600229506373065,0.87476,0.01589804691751737,0.004513571696709415,0.00127,0
539,200,Bimodal,20.0,0.05,upper,0.6,QFactor,500,10.0,10.0,0.9896831683168317,0.01502970297029703,0.2667608652845721,0.3743522459141909,0.9233800000000001,0.01768901927201197,0.02173939681694482,0.01186,0
540,10,Normal,20.0,0.0,clean,0.8,MaxMin,500,0.0,0.0,0.7638217821782177,0.5834059405940594,12.825175048783347,15.241142836958636,1.0,0.0,0.08877973879074816,0.0,0
540,10,Normal,20.0,0.0,clean,0.8,MeanSD,500,0.0,0.0,0.7797821782178219,0.22263366336633664,3.558143071167175,4.5449563041099,0.9456000000000001,0.051438622296164326,0.0898174934532647,0.0,0
540,10,Normal,20.0,0.0,clean,0.8,MedianMAD,500,0.0,0.0,0.7442376237623763,0.27001980198019804,4.735440557793273,6.020710130687474,0.9278000000000001,0.08450705820090734,0.08526395876328335,0.0,0
540,10,Normal,20.0,0.0,clean,0.8,Percentile,500,0.0,0.0,0.7883366336633664,0.24354455445544554,4.218597895761776,5.2712761417420975,0.9000000000000002,2.222669831529484e-16,1.0939703077059182e-15,0.0,0
540,10,Normal,20.0,0.0,clean,0.8,QFactor,500,0.0,0.0,0.8515247524752476,0.49201980198019807,9.219644108106865,11.547675125336738,1.0,0.0,0.08410359687867525,0.0,0
541,10,Normal,20.0,0.05,lower,0.8,MaxMin,500,0.5,0.0,0.76209900990099,0.5798019801980199,12.716435243391656,15.175519660044472,1.0,0.0,0.09082409968475973,0.0,0
541,10,Normal,20.0,0.05,lower,0.8,MeanSD,500,0.5,0.0,0.7889702970297032,0.2158415841584158,3.440206500334634,4.442174691409889,0.9392,0.05430707612304373,0.09143843053631054,0.0,0
541,10,Normal,20.0,0.05,lower,0.8,MedianMAD,500,0.5,0.0,0.7496633663366336,0.26546534653465353,4.685951702945184,6.0044224811966975,0.9198000000000001,0.08719613714302561,0.08312103442705573,0.0,0
541,10,Normal,20.0,0.05,lower,0.8,Percentile,500,0.5,0.0,0.7937623762376238,0.23601980198019804,4.095833285345239,5.190891665889313,0.9000000000000002,2.222669831529484e-16,1.0939703077059182e-15,0.0,0
541,10,Normal,20.0,0.05,lower,0.8,QFactor,500,0.5,0.0,0.8585346534653465,0.4846336633663366,8.907288345227474,11.154669869813617,1.0,0.0,0.08321438466509731,0.0,0
542,10,Normal,20.0,0.05,upper,0.8,MaxMin,500,0.5,0.0,0.7612475247524753,0.5793861386138613,12.607366055731282,14.994893322202412,0.9997999999999999,0.004472135954999578,0.08992928128647423,0.0,0
542,10,Normal,20.0,0.05,upper,0.8,MeanSD,500,0.5,0.0,0.7741782178217822,0.22950495049504951,3.687481021475237,4.679260638986277,0.9386000000000001,0.05343923187140708,0.09124940830956622,0.0,0
542,10,Normal,20.0,0.05,upper,0.8,MedianMAD,500,0.5,0.0,0.7455049504950496,0.2717227722772277,4.7800035227317155,6.020220153131552,0.919,0.0850497909101941,0.08402789463614796,0.0,0
542,10,Normal,20.0,0.05,upper,0.8,Percentile,500,0.5,0.0,0.7845148514851485,0.2455445544554455,4.312745802890601,5.409003230948393,0.9000000000000002,2.222669831529484e-16,1.0939703077059182e-15,0.0,0
542,10,Normal,20.0,0.05,upper,0.8,QFactor,500,0.5,0.0,0.851881188118812,0.49283168316831677,9.285280780916452,11.639311741037455,0.9997999999999999,0.004472135954999578,0.08637386506697155,0.0,0
543,10,Compressed Normal,20.0,0.0,clean,0.8,MaxMin,500,0.0,0.0,0.9165148514851487,0.2895445544554455,6.45098846815698,7.616271882826491,1.0,0.0,0.08999799679973884,0.0,0
543,10,Compressed Normal,20.0,0.0,clean,0.8,MeanSD,500,0.0,0.0,0.9244356435643564,0.07772277227722772,1.2100814061758076,1.531777139890545,0.9400000000000002,0.054460369662052914,0.0902067582366392,0.0,0
543,10,Compressed Normal,20.0,0.0,clean,0.8,MedianMAD,500,0.0,0.0,0.916930693069307,0.08695049504950494,1.5167040703977748,1.9330894403865655,0.9178000000000002,0.08808335458365228,0.08457769474336418,0.0,0
543,10,Compressed Normal,20.0,0.0,clean,0.8,Percentile,500,0.0,0.0,0.9277029702970297,0.07754455445544556,1.3826794515814311,1.7467522516418654,0.9000000000000002,2.222669831529484e-16,1.0939703077059182e-15,0.0,0
543,10,Compressed Normal,20.0,0.0,clean,0.8,QFactor,500,0.0,0.0,0.9494059405940594,0.34073267326732676,5.274149951632486,6.441914073505099,1.0,0.0,0.056962390823109006,0.0,0
544,10,Compressed Normal,20.0,0.05,lower,0.8,MaxMin,500,0.5,0.0,0.9165148514851487,0.2897029702970297,6.479606048119208,7.658485998492766,1.0,0.0,0.0917424875690025,0.0,0
544,10,Compressed Normal,20.0,0.05,lower,0.8,MeanSD,500,0.5,0.0,0.9236435643564358,0.07885148514851485,1.2321134662828204,1.548289346752249,0.9432,0.05495270329290813,0.09169440806405801,0.0,0
544,10,Compressed Normal,20.0,0.05,lower,0.8,MedianMAD,500,0.5,0.0,0.9156039603960396,0.08956435643564356,1.57919434600158,2.0173918412358733,0.9254000000000001,0.08383852214579633,0.08325222233485431,0.0,0
544,10,Compressed Normal,20.0,0.05,lower,0.8,Percentile,500,0.5,0.0,0.9284950495049504,0.07754455445544556,1.4067247614846488,1.758423878960201,0.9000000000000002,2.222669831529484e-16,1.0939703077059182e-15,0.0,0
544,10,Compressed Normal,20.0,0.05,lower,0.8,QFactor,500,0.5,0.0,0.9491089108910891,0.33964356435643567,5.242809810544903,6.4097694808731935,1.0,0.0,0.05663120998471672,0.0,0
545,10,Compressed Normal,20.0,0.05,upper,0.8,MaxMin,500,0.5,0.0,0.9181386138613862,0.28883168316831687,6.416284955978175,7.567473726271165,1.0,0.0,0.08894712075073995,0.0,0
545,10,Compressed Normal,20.0,0.05,upper,0.8,MeanSD,500,0.5,0.0,0.9239009900990098,0.0773069306930693,1.2008752794668889,1.5054927836273297,0.9396000000000001,0.05438525085923612,0.09023871642286188,0.0,0
545,10,Compressed Normal,20.0,0.05,upper,0.8,MedianMAD,500,0.5,0.0,0.9164356435643565,0.08689108910891088,1.5367698021560263,1.9808384470484623,0.9176000000000001,0.0840497991519013,0.08321213135987926,0.0,0
545,10,Compressed Normal,20.0,0.05,upper,0.8,Percentile,500,0.5,0.0,0.9276831683168316,0.07891089108910891,1.3963479703145194,1.726169062640296,0.9000000000000002,2.222669831529484e-16,1.0939703077059182e-15,0.0,0
545,10,Compressed Normal,20.0,0.05,upper,0.8,QFactor,500,0.5,0.0,0.9486930693069308,0.34102970297029706,5.271516046165316,6.44222933369472,1.0,0.0,0.057508579375056205,0.0,0
546,10,Uniform,20.0,0.0,clean,0.8,MaxMin,500,0.0,0.0,0.692930693069307,0.42984158415841583,7.43850503818657,9.679066027227076,0.8938,0.09186096490755742,0.09752786021812379,0.0048,0
546,10,Uniform,20.0,0.0,clean,0.8,MeanSD,500,0.0,0.0,0.643960396039604,0.35920792079207914,5.6837840373704305,7.314096140405077,0.8686000000000001,0.0930125942298716,0.09505750480675576,0.0096,0
546,10,Uniform,20.0,0.0,clean,0.8,MedianMAD,500,0.0,0.0,0.5442178217821781,0.4940792079207922,9.325230098454325,12.25044478421726,0.8502000000000001,0.12003656757467794,0.09256237815333387,0.0176,0
546,10,Uniform,20.0,0.0,clean,0.8,Percentile,500,0.0,0.0,0.638970297029703,0.4118019801980198,7.404606694457408,9.459600205300566,0.8184000000000001,0.08243197231730078,0.026183095047958998,0.0008,0
546,10,Uniform,20.0,0.0,clean,0.8,QFactor,500,0.0,0.0,0.8132277227722772,0.4113267326732673,7.090253234472833,9.51186485929658,0.8938,0.09186096490755742,0.09983398623722818,0.007,0
547,10,Uniform,20.0,0.05,lower,0.8,MaxMin,500,0.5,0.0,0.7066732673267326,0.42217821782178216,7.128847231792639,9.254021203785944,0.8872000000000001,0.10362256159032684,0.09811789641705085,0.0086,0
547,10,Uniform,20.0,0.05,lower,0.8,MeanSD,500,0.5,0.0,0.6332277227722772,0.3714455445544555,5.815650534776179,7.32140933975777,0.8634000000000001,0.10306155135031428,0.09400165129459923,0.0166,0
547,10,Uniform,20.0,0.05,lower,0.8,MedianMAD,500,0.5,0.0,0.5360792079207921,0.49518811881188124,9.314652651359822,12.345373143923519,0.852,0.11782940013031613,0.09245167054380189,0.0286,0
547,10,Uniform,20.0,0.05,lower,0.8,Percentile,500,0.5,0.0,0.6337029702970296,0.4109504950495049,7.32440380307016,9.371812579282002,0.8138000000000001,0.09036532401074616,0.028772890996519307,0.0028,0
547,10,Uniform,20.0,0.05,lower,0.8,QFactor,500,0.5,0.0,0.8217227722772277,0.41097029702970295,7.018294459621189,9.402184720366375,0.8872000000000001,0.10362256159032684,0.09978256046697506,0.0102,0
548,10,Uniform,20.0,0.05,upper,0.8,MaxMin,500,0.5,0.0,0.6980000000000001,0.4298019801980198,7.415062854322503,9.66479153475856,0.8922,0.09949350690287112,0.09745017336681017,0.004,0
548,10,Uniform,20.0,0.05,upper,0.8,MeanSD,500,0.5,0.0,0.6439207920792079,0.35950495049504955,5.691531170069611,7.3265695803390365,0.8676000000000001,0.1008492992654121,0.0958450406068062,0.0124,0
548,10,Uniform,20.0,0.05,upper,0.8,MedianMAD,500,0.5,0.0,0.5440594059405941,0.485029702970297,9.14345267735159,12.116000239118778,0.8546000000000001,0.11961377391345715,0.09366298956585245,0.0234,0
548,10,Uniform,20.0,0.05,upper,0.8,Percentile,500,0.5,0.0,0.642039603960396,0.4128712871287129,7.404401617257611,9.419669556834233,0.8184000000000001,0.08715866719112374,0.028096915126211555,0.0014,0
548,10,Uniform,20.0,0.05,upper,0.8,QFactor,500,0.5,0.0,0.8106138613861387,0.41926732673267325,7.303018358657861,9.794675607349934,0.8922,0.09949350690287112,0.10020471243783916,0.0068,0
549,10,Right-skewed,20.0,0.0,clean,0.8,MaxMin,500,0.0,0.0,0.8136435643564356,0.5078217821782177,13.744429424283528,18.011448811489075,0.6992,0.14547055841899237,0.09399289112367193,0.0256,0
549,10,Right-skewed,20.0,0.0,clean,0.8,MeanSD,500,0.0,0.0,0.8037623762376238,0.20546534653465345,3.5238738092220006,4.851972243403706,0.703,0.1388869294005618,0.0920048998766274,0.0696,0
549,10,Right-skewed,20.0,0.0,clean,0.8,MedianMAD,500,0.0,0.0,0.7815247524752476,0.23190099009900988,4.526138155251939,6.179494881529204,0.6994000000000001,0.14759134938344337,0.08752062968138671,0.0742,0
549,10,Right-skewed,20.0,0.0,clean,0.8,Percentile,500,0.0,0.0,0.8077029702970298,0.23758415841584155,4.368438114439456,5.716632037542902,0.6466,0.13328153636521356,0.044563903942622995,0.0156,0
549,10,Right-skewed,20.0,0.0,clean,0.8,QFactor,500,0.0,0.0,0.8504356435643565,0.5301782178217822,16.432101077240794,20.212262230919762,0.6984,0.1464251366442339,0.09473844158304782,0.027,0
550,10,Right-skewed,20.0,0.05,lower,0.8,MaxMin,500,0.5,0.0,0.8103168316831683,0.5098217821782178,13.970366014187066,18.35066261392481,0.697,0.1404651591030448,0.09700063852572643,0.03,0
550,10,Right-skewed,20.0,0.05,lower,0.8,MeanSD,500,0.5,0.0,0.806990099009901,0.2005148514851485,3.4971580249480847,4.879763296516163,0.702,0.14012590959948187,0.0941056826018305,0.0722,0
550,10,Right-skewed,20.0,0.05,lower,0.8,MedianMAD,500,0.5,0.0,0.7938811881188118,0.22833663366336632,4.6279731902921695,6.3800388251606766,0.6986,0.1467689416889315,0.08923195712564672,0.0726,0
550,10,Right-skewed,20.0,0.05,lower,0.8,Percentile,500,0.5,0.0,0.8085346534653466,0.2361980198019802,4.392970800943685,5.874026393581433,0.6434,0.13134284100691418,0.04404716194887896,0.0134,0
550,10,Right-skewed,20.0,0.05,lower,0.8,QFactor,500,0.5,0.0,0.846910891089109,0.5305940594059406,16.61123153996502,20.467885375376557,0.6958,0.1421364328068709,0.09485362211574205,0.0242,0
551,10,Right-skewed,20.0,0.05,upper,0.8,MaxMin,500,0.5,0.0,0.81,0.5078415841584158,13.869302514619383,18.252011206007367,0.69,0.1502836329767196,0.09510786957830664,0.0286,0
551,10,Right-skewed,20.0,0.05,upper,0.8,MeanSD,500,0.5,0.0,0.8017227722772278,0.2082376237623762,3.6144264438100153,5.014149161475398,0.6952,0.14331097680270094,0.09294613198857732,0.0788,0
551,10,Right-skewed,20.0,0.05,upper,0.8,MedianMAD,500,0.5,0.0,0.7869108910891088,0.23073267326732674,4.5507027675993355,6.2005990305885605,0.6971999999999999,0.1519154917487566,0.08833679925748178,0.078,0
551,10,Right-skewed,20.0,0.05,upper,0.8,Percentile,500,0.5,0.0,0.8036237623762376,0.23661386138613857,4.373617706771077,5.828728285376096,0.6417999999999999,0.1391095357114375,0.046007798453952455,0.0166,0
551,10,Right-skewed,20.0,0.05,upper,0.8,QFactor,500,0.5,0.0,0.847029702970297,0.5293267326732674,16.511131266052168,20.37165932482419,0.6882,0.1511504313781857,0.09375126372675756,0.0218,0
552,10,Left-skewed,20.0,0.0,clean,0.8,MaxMin,500,0.0,0.0,0.7544554455445545,0.5838811881188118,15.29901876370928,19.06318701839587,1.0,0.0,0.08628373376609481,0.0,0
552,10,Left-skewed,20.0,0.0,clean,0.8,MeanSD,500,0.0,0.0,0.7699405940594061,0.2337425742574257,3.75303089891866,4.851257100307334,0.9224000000000001,0.05043140542664474,0.08998905625195998,0.0,0
552,10,Left-skewed,20.0,0.0,clean,0.8,MedianMAD,500,0.0,0.0,0.7304554455445544,0.2898217821782178,5.074810539081534,6.452689967703787,0.8948000000000002,0.09159552106384851,0.0836771775291047,0.0,0
552,10,Left-skewed,20.0,0.0,clean,0.8,Percentile,500,0.0,0.0,0.7762772277227722,0.25625742574257426,4.393867917847825,5.663398884986561,0.9000000000000002,2.222669831529484e-16,1.0939703077059182e-15,0.0,0
552,10,Left-skewed,20.0,0.0,clean,0.8,QFactor,500,0.0,0.0,0.9017425742574257,0.3172277227722773,4.749868621338916,6.10970143837723,1.0,0.0,0.07654534851318624,0.0,0
553,10,Left-skewed,20.0,0.05,lower,0.8,MaxMin,500,0.5,0.0,0.7522178217821781,0.5831485148514851,15.223159735848267,18.970336295713484,1.0,0.0,0.08893007848513403,0.0,0
553,10,Left-skewed,20.0,0.05,lower,0.8,MeanSD,500,0.5,0.0,0.7627722772277228,0.24148514851485148,3.838356037443826,4.895589467805503,0.9214000000000001,0.05222542474676447,0.09063608156893255,0.0,0
553,10,Left-skewed,20.0,0.05,lower,0.8,MedianMAD,500,0.5,0.0,0.7304158415841585,0.29413861386138607,5.235260923248042,6.679529446808999,0.8948,0.09439693619565338,0.08442148554845472,0.0,0
553,10,Left-skewed,20.0,0.05,lower,0.8,Percentile,500,0.5,0.0,0.7743168316831684,0.26201980198019803,4.4661714227349885,5.699231508725807,0.9000000000000002,2.222669831529484e-16,1.0939703077059182e-15,0.0,0
553,10,Left-skewed,20.0,0.05,lower,0.8,QFactor,500,0.5,0.0,0.8994653465346535,0.3134653465346534,4.686564201919593,6.039371668758531,1.0,0.0,0.07745035287463237,0.0,0
554,10,Left-skewed,20.0,0.05,upper,0.8,MaxMin,500,0.5,0.0,0.7677425742574258,0.5876237623762376,15.636679766647076,19.377458413106172,1.0,0.0,0.08721091033551148,0.0,0
554,10,Left-skewed,20.0,0.05,upper,0.8,MeanSD,500,0.5,0.0,0.7761584158415841,0.22710891089108914,3.609480964755759,4.6627989310711975,0.9236000000000001,0.0518499453583833,0.08948681891362195,0.0,0
554,10,Left-skewed,20.0,0.05,upper,0.8,MedianMAD,500,0.5,0.0,0.7393861386138614,0.27706930693069304,4.921181597729252,6.393814278214986,0.8946000000000002,0.09617348219418234,0.08391402691950618,0.0,0
554,10,Left-skewed,20.0,0.05,upper,0.8,Percentile,500,0.5,0.0,0.7823762376237625,0.25283168316831683,4.279480973654854,5.535840743212854,0.9000000000000002,2.222669831529484e-16,1.0939703077059182e-15,0.0,0
554,10,Left-skewed,20.0,0.05,upper,0.8,QFactor,500,0.5,0.0,0.9034257425742576,0.3076237623762376,4.574734748168669,5.897738827402456,1.0,0.0,0.07641563408518838,0.0,0
555,10,Bimodal,20.0,0.0,clean,0.8,MaxMin,500,0.0,0.0,0.7205940594059406,0.4327326732673267,7.406659475699438,9.431112058278135,0.9182,0.08822884254774414,0.09780965784572845,0.0026,0
555,10,Bimodal,20.0,0.0,clean,0.8,MeanSD,500,0.0,0.0,0.6460792079207921,0.3566336633663367,5.6549040898347895,7.113530247845626,0.8898,0.09062220903034243,0.09609818007229576,0.0102,0
555,10,Bimodal,20.0,0.0,clean,0.8,MedianMAD,500,0.0,0.0,0.5476039603960396,0.5040594059405941,9.535263173678025,12.430635834660025,0.8722000000000001,0.11538538718204443,0.09407572933448745,0.0188,0
555,10,Bimodal,20.0,0.0,clean,0.8,Percentile,500,0.0,0.0,0.6517029702970297,0.3916237623762376,7.080822339953117,9.0490215448653,0.8360000000000002,0.0774337909698856,0.024211701165319434,0.0008,0
555,10,Bimodal,20.0,0.0,clean,0.8,QFactor,500,0.0,0.0,0.8217623762376237,0.4316831683168316,7.534478935285307,9.901144699082645,0.9182,0.08822884254774414,0.10031032289016267,0.0062,0
556,10,Bimodal,20.0,0.05,lower,0.8,MaxMin,500,0.5,0.0,0.726,0.4313069306930693,7.389528201594689,9.471777085853532,0.9132000000000001,0.08967632735217666,0.09563270081555052,0.005,0
556,10,Bimodal,20.0,0.05,lower,0.8,MeanSD,500,0.5,0.0,0.6543762376237624,0.3478217821782178,5.507026063248013,6.997778307117364,0.8836000000000002,0.09310411781176499,0.09385830971180911,0.0108,0
556,10,Bimodal,20.0,0.05,lower,0.8,MedianMAD,500,0.5,0.0,0.5569504950495049,0.4692475247524753,8.732607975929884,11.702604297854638,0.8724000000000001,0.1132426058316882,0.09275688279377194,0.0192,0
556,10,Bimodal,20.0,0.05,lower,0.8,Percentile,500,0.5,0.0,0.6606336633663366,0.3822574257425743,6.877476947778024,8.832550609178325,0.8332,0.07867744454772997,0.024507862774175545,0.0008,0
556,10,Bimodal,20.0,0.05,lower,0.8,QFactor,500,0.5,0.0,0.8284356435643564,0.44158415841584153,7.7310548668704016,10.070540443799535,0.9132000000000001,0.08967632735217666,0.09795816942946375,0.0076,0
557,10,Bimodal,20.0,0.05,upper,0.8,MaxMin,500,0.5,0.0,0.7280792079207921,0.43485148514851485,7.477544403765267,9.599375343024033,0.9108,0.09044180139115847,0.09634475770382121,0.0032,0
557,10,Bimodal,20.0,0.05,upper,0.8,MeanSD,500,0.5,0.0,0.645980198019802,0.3566336633663367,5.702658085364445,7.233472290821861,0.8830000000000002,0.09245591485883838,0.0942672058262505,0.0102,0
557,10,Bimodal,20.0,0.05,upper,0.8,MedianMAD,500,0.5,0.0,0.5511089108910892,0.48950495049504955,9.259187011586665,12.30014254686877,0.8720000000000001,0.11420194467843651,0.09228784865889036,0.023,0
557,10,Bimodal,20.0,0.05,upper,0.8,Percentile,500,0.5,0.0,0.6536831683168317,0.39364356435643566,7.1647094667785955,9.156474715453312,0.8294000000000001,0.08055195363533364,0.02482429863154525,0.001,0
557,10,Bimodal,20.0,0.05,upper,0.8,QFactor,500,0.5,0.0,0.8292277227722773,0.44025742574257426,7.71096078580448,10.044363478281083,0.9108,0.09044180139115847,0.09934822369914209,0.005,0
558,15,Normal,20.0,0.0,clean,0.8,MaxMin,500,0.0,0.0,0.7541188118811881,0.5603168316831683,11.418963802994087,13.571107522905576,0.9997333333333334,0.0042121432749378145,0.07894549335494466,0.0,0
558,15,Normal,20.0,0.0,clean,0.8,MeanSD,500,0.0,0.0,0.8079801980198019,0.19332673267326733,2.9316000183816247,3.6943064747111594,0.9372,0.040407410843005066,0.07184502409887444,0.0,0
558,15,Normal,20.0,0.0,clean,0.8,MedianMAD,500,0.0,0.0,0.7615841584158416,0.24716831683168317,4.074170621178523,5.153292442343058,0.9178666666666668,0.0738958205563922,0.07461639689551702,0.0,0
558,15,Normal,20.0,0.0,clean,0.8,Percentile,500,0.0,0.0,0.799029702970297,0.21936633663366337,3.5607728433775034,4.484561947804866,0.9333333333333335,1.111334915764742e-16,3.0214418022353927e-16,0.0,0
558,15,Normal,20.0,0.0,clean,0.8,QFactor,500,0.0,0.0,0.8577623762376237,0.46425742574257417,8.260430567048195,10.404782731815542,0.9997333333333334,0.0042121432749378145,0.07184955128976446,0.0,0
559,15,Normal,20.0,0.05,lower,0.8,MaxMin,500,0.75,1.0,0.7625742574257426,0.5673069306930693,11.91248243862972,14.175574396745592,0.9332,0.0029814239699997185,0.0741407430733926,0.0,0
559,15,Normal,20.0,0.05,lower,0.8,MeanSD,500,0.75,1.0,0.8011683168316832,0.19978217821782177,3.0496772938443253,3.8413593936712584,0.8740000000000002,0.04166967257026523,0.07147503702818638,0.0,0
559,15,Normal,20.0,0.05,lower,0.8,MedianMAD,500,0.75,1.0,0.762851485148515,0.24560396039603954,4.071408424631098,5.1628909386677355,0.8638666666666668,0.06910168898206238,0.06950496329749742,0.0,0
559,15,Normal,20.0,0.05,lower,0.8,Percentile,500,0.75,1.0,0.7937425742574258,0.2266534653465346,3.724306110434944,4.679253741368868,0.8666666666666669,2.222669831529484e-16,1.0418764835294457e-16,0.0,0
559,15,Normal,20.0,0.05,lower,0.8,QFactor,500,0.75,1.0,0.8581386138613861,0.4668316831683169,8.334414354422927,10.48107138582708,0.9332,0.0029814239699997185,0.06870078760282863,0.0,0
560,15,Normal,20.0,0.05,upper,0.8,MaxMin,500,0.75,1.0,0.7934653465346535,0.5855841584158417,12.922272166541385,15.178337012848127,0.9993333333333334,0.006639892796778077,0.07201058014500585,0.0,0
560,15,Normal,20.0,0.05,upper,0.8,MeanSD,500,0.75,1.0,0.8152079207920795,0.2871683168316831,4.367272997523244,5.342910558916977,0.9645333333333335,0.03757133791986118,0.06701757845417644,0.0,0
560,15,Normal,20.0,0.05,upper,0.8,MedianMAD,500,0.75,1.0,0.7503960396039603,0.25922772277227724,4.269373829329431,5.570386961379404,0.9282666666666668,0.07449747028921395,0.07046014486387182,0.0,0
560,15,Normal,20.0,0.05,upper,0.8,Percentile,500,0.75,1.0,0.7738019801980199,0.24865346534653465,3.9928011049050496,5.115686630108735,0.9328000000000001,0.005944896525635423,0.0014862241314089351,0.0,0
560,15,Normal,20.0,0.05,upper,0.8,QFactor,500,0.75,1.0,0.970970297029703,0.04526732673267326,0.7795225750021345,1.080771921163609,0.9993333333333334,0.006639892796778077,0.0655721184158283,0.0002666666666666667,0
561,15,Compressed Normal,20.0,0.0,clean,0.8,MaxMin,500,0.0,0.0,0.9194257425742575,0.2842574257425743,6.062577899701866,7.15449949437542,1.0,0.0,0.08121925543064332,0.0,0
561,15,Compressed Normal,20.0,0.0,clean,0.8,MeanSD,500,0.0,0.0,0.9352277227722772,0.06566336633663367,0.9644663551236023,1.2295145514816608,0.9377333333333334,0.04291971553658365,0.07525637049160498,0.0,0
561,15,Compressed Normal,20.0,0.0,clean,0.8,MedianMAD,500,0.0,0.0,0.9209306930693069,0.08053465346534654,1.341688843242479,1.7436971215024277,0.9222666666666669,0.07545435741850973,0.07696122009233469,0.0,0
561,15,Compressed Normal,20.0,0.0,clean,0.8,Percentile,500,0.0,0.0,0.9331683168316832,0.07041584158415842,1.1823234979180124,1.4966534554818292,0.9333333333333335,1.111334915764742e-16,3.0214418022353927e-16,0.0,0
561,15,Compressed Normal,20.0,0.0,clean,0.8,QFactor,500,0.0,0.0,0.9522970297029704,0.3282574257425742,4.938990620636346,6.033547702974611,1.0,0.0,0.0530695431728543,0.0,0
562,15,Compressed Normal,20.0,0.05,lower,0.8,MaxMin,500,0.75,1.0,0.9180396039603961,0.2848514851485148,6.091935128717492,7.17929100074647,0.9333333333333335,1.111334915764742e-16,0.07596555438169818,0.0,0
562,15,Compressed Normal,20.0,0.05,lower,0.8,MeanSD,500,0.75,1.0,0.9338019801980199,0.0663168316831683,0.9869639704748159,1.240657973133583,0.8749333333333337,0.041386782086348835,0.07263488905702378,0.0,0
562,15,Compressed Normal,20.0,0.05,lower,0.8,MedianMAD,500,0.75,1.0,0.9222376237623761,0.08013861386138613,1.3364072675655851,1.6980287882057377,0.8564,0.06955288705066855,0.06985784956734614,0.0,0
562,15,Compressed Normal,20.0,0.05,lower,0.8,Percentile,500,0.75,1.0,0.9312079207920791,0.07257425742574257,1.2205100243056415,1.5313763044364936,0.8666666666666669,2.222669831529484e-16,1.0418764835294457e-16,0.0,0
562,15,Compressed Normal,20.0,0.05,lower,0.8,QFactor,500,0.75,1.0,0.9542970297029703,0.33352475247524754,5.043923597989628,6.1482139314629505,0.9333333333333335,1.111334915764742e-16,0.04751918488173625,0.0,0
563,15,Compressed Normal,20.0,0.05,upper,0.8,MaxMin,500,0.75,1.0,0.9198217821782179,0.4913069306930693,14.976729153995388,15.189465124142584,1.0,0.0,0.05202533207486553,0.0,0
563,15,Compressed Normal,20.0,0.05,upper,0.8,MeanSD,500,0.75,1.0,0.9415445544554456,0.2812475247524753,5.942359459638636,6.993905983045351,1.0,0.0,0.04472300967189246,0.0,0
563,15,Compressed Normal,20.0,0.05,upper,0.8,MedianMAD,500,0.75,1.0,0.9182574257425743,0.08471287128712872,1.3672354654304815,1.785560320330366,0.9349333333333334,0.0681669528945945,0.06971157750429119,0.0,0
563,15,Compressed Normal,20.0,0.05,upper,0.8,Percentile,500,0.75,1.0,0.9228316831683169,0.09497029702970296,1.4581411099954906,1.9191607361027667,0.9333333333333335,1.111334915764742e-16,3.0214418022353927e-16,0.0,0
563,15,Compressed Normal,20.0,0.05,upper,0.8,QFactor,500,0.75,1.0,0.9698811881188119,0.4828118811881188,8.15917256997169,9.821739121331868,1.0,0.0,0.030302076014331405,0.0,0
564,15,Uniform,20.0,0.0,clean,0.8,MaxMin,500,0.0,0.0,0.7428514851485147,0.360079207920792,5.695045364813875,7.575939041460158,0.8810666666666669,0.07843219929620453,0.08185927608232399,0.0092,0
564,15,Uniform,20.0,0.0,clean,0.8,MeanSD,500,0.0,0.0,0.6844554455445543,0.3166138613861386,4.816431540905413,6.193834067576321,0.8564,0.0790244459610584,0.07639188117017459,0.0108,0
564,15,Uniform,20.0,0.0,clean,0.8,MedianMAD,500,0.0,0.0,0.5631089108910892,0.44754455445544544,7.890429779496903,10.506294867742396,0.8458666666666668,0.10179104167688169,0.07895934063416318,0.028533333333333334,0
564,15,Uniform,20.0,0.0,clean,0.8,Percentile,500,0.0,0.0,0.6589306930693068,0.36308910891089113,6.0664816289080425,7.875252113366909,0.8410666666666669,0.06885338222014206,0.024002895377014874,0.002266666666666667,0
564,15,Uniform,20.0,0.0,clean,0.8,QFactor,500,0.0,0.0,0.8341584158415841,0.36001980198019806,5.798367892027207,7.8839280075532505,0.8810666666666669,0.07843219929620453,0.08128582898493553,0.009066666666666667,0
565,15,Uniform,20.0,0.05,lower,0.8,MaxMin,500,0.75,1.0,0.7304752475247523,0.3752079207920792,6.0034459401914875,7.923510851790134,0.8278666666666666,0.08225490573097391,0.07991858080080347,0.0068,0
565,15,Uniform,20.0,0.05,lower,0.8,MeanSD,500,0.75,1.0,0.6783960396039601,0.32457425742574253,4.949610509583723,6.351437487488879,0.8041333333333335,0.08254890657839092,0.07497332847366853,0.010533333333333334,0
565,15,Uniform,20.0,0.05,lower,0.8,MedianMAD,500,0.75,1.0,0.5558019801980199,0.45825742574257416,8.155584548352735,10.864660211497283,0.7957333333333335,0.09834760377866193,0.0755407250298402,0.0324,0
565,15,Uniform,20.0,0.05,lower,0.8,Percentile,500,0.75,1.0,0.6528910891089109,0.37398019801980203,6.313740170725317,8.134399255586331,0.7854666666666666,0.07378424558440365,0.02669823058074926,0.002,0
565,15,Uniform,20.0,0.05,lower,0.8,QFactor,500,0.75,1.0,0.8304356435643564,0.366970297029703,5.955001606905467,8.090080990067463,0.8278666666666666,0.08225490573097391,0.08074685683772961,0.008266666666666667,0
566,15,Uniform,20.0,0.05,upper,0.8,MaxMin,500,0.75,1.0,0.827009900990099,0.2766534653465347,4.346452624085596,6.111979245495914,0.8912,0.0788634473701642,0.080988702947349,0.006533333333333334,0
566,15,Uniform,20.0,0.05,upper,0.8,MeanSD,500,0.75,1.0,0.6917425742574256,0.3602970297029703,5.474758077201113,6.834835526488454,0.8726666666666667,0.079013625233955,0.07621206129691038,0.013333333333333334,0
566,15,Uniform,20.0,0.05,upper,0.8,MedianMAD,500,0.75,1.0,0.5505544554455446,0.45976237623762367,8.13091076092618,10.658604172867959,0.8662666666666667,0.09241951730452852,0.07590786434018783,0.026266666666666667,0
566,15,Uniform,20.0,0.05,upper,0.8,Percentile,500,0.75,1.0,0.6295841584158416,0.38988118811881184,6.471071224069872,8.167322847471738,0.8502666666666666,0.06978300814195079,0.022609132793293046,0.0024,0
566,15,Uniform,20.0,0.05,upper,0.8,QFactor,500,0.75,1.0,0.9730495049504949,0.07352475247524753,1.0010778918171375,1.3124222486879766,0.8912,0.0788634473701642,0.0820470416543149,0.0076,0
567,15,Right-skewed,20.0,0.0,clean,0.8,MaxMin,500,0.0,0.0,0.8121782178217822,0.49889108910891095,13.1268623498292,17.301210164138517,0.7004,0.12192262221249138,0.08097684060246205,0.0388,0
567,15,Right-skewed,20.0,0.0,clean,0.8,MeanSD,500,0.0,0.0,0.8246930693069308,0.18199999999999997,2.9789787937072156,4.10565461431808,0.7046666666666668,0.11397750054352478,0.07475623975704579,0.066,0
567,15,Right-skewed,20.0,0.0,clean,0.8,MedianMAD,500,0.0,0.0,0.8046336633663367,0.2079207920792079,3.7689977603650573,5.2558383920995215,0.7093333333333333,0.11701018231560475,0.07351209003657998,0.08186666666666667,0
567,15,Right-skewed,20.0,0.0,clean,0.8,Percentile,500,0.0,0.0,0.812891089108911,0.21572277227722772,3.665258913617393,4.897547864713305,0.6762666666666667,0.11307849851756659,0.03685833606089441,0.018266666666666667,0
567,15,Right-skewed,20.0,0.0,clean,0.8,QFactor,500,0.0,0.0,0.8495445544554455,0.5252673267326733,15.596556124901806,19.19540434300549,0.6993333333333333,0.1223589850408143,0.07829024944187479,0.022533333333333332,0
568,15,Right-skewed,20.0,0.05,lower,0.8,MaxMin,500,0.75,1.0,0.8148712871287128,0.4994059405940594,13.027305340254372,17.124845796966163,0.6522666666666667,0.11714225043038064,0.07674057832859552,0.0348,0
568,15,Right-skewed,20.0,0.05,lower,0.8,MeanSD,500,0.75,1.0,0.8226138613861387,0.18245544554455445,2.9507283228970294,4.054715575111626,0.6554666666666666,0.11356014868912487,0.07169350374518443,0.06493333333333333,0
568,15,Right-skewed,20.0,0.05,lower,0.8,MedianMAD,500,0.75,1.0,0.8058811881188118,0.20497029702970296,3.729545097859621,5.2166683560273235,0.6573333333333332,0.11750391438308024,0.07098439764033487,0.0776,0
568,15,Right-skewed,20.0,0.05,lower,0.8,Percentile,500,0.75,1.0,0.8128316831683169,0.21190099009900987,3.6271704418969923,4.859763408376482,0.6250666666666667,0.11091859518766768,0.03557957203330878,0.0172,0
568,15,Right-skewed,20.0,0.05,lower,0.8,QFactor,500,0.75,1.0,0.8494455445544555,0.5249504950495049,15.507085376256594,19.070321787964644,0.6514666666666667,0.1176481475318664,0.0757596680422856,0.022133333333333335,0
569,15,Right-skewed,20.0,0.05,upper,0.8,MaxMin,500,0.75,1.0,0.902990099009901,0.5133465346534654,7.376736122674914,8.014013947584402,0.7218666666666665,0.11601672189610876,0.0627313207094174,0.031066666666666666,0
569,15,Right-skewed,20.0,0.05,upper,0.8,MeanSD,500,0.75,1.0,0.8454653465346536,0.4411089108910891,9.060437632012121,12.043144062084114,0.7610666666666666,0.1091442391052305,0.06462936712674369,0.20413333333333333,0
569,15,Right-skewed,20.0,0.05,upper,0.8,MedianMAD,500,0.75,1.0,0.7877227722772278,0.22261386138613856,4.041502822811975,5.773231066069425,0.7289333333333333,0.1148444195580677,0.06891992930786822,0.08626666666666667,0
569,15,Right-skewed,20.0,0.05,upper,0.8,Percentile,500,0.75,1.0,0.78,0.3120990099009901,5.01773293465619,7.370643753784886,0.6943999999999999,0.10840730735783984,0.03562665422087186,0.014533333333333334,0
569,15,Right-skewed,20.0,0.05,upper,0.8,QFactor,500,0.75,1.0,0.9735643564356434,0.27566336633663363,3.9000208422395244,4.7181766753695875,0.7218666666666665,0.11601672189610876,0.05949527057756362,0.020266666666666665,0
570,15,Left-skewed,20.0,0.0,clean,0.8,MaxMin,500,0.0,0.0,0.7566534653465347,0.5654455445544555,13.959280825114302,17.433192007742935,1.0,0.0,0.07497439651444017,0.0,0
570,15,Left-skewed,20.0,0.0,clean,0.8,MeanSD,500,0.0,0.0,0.8067128712871287,0.19554455445544555,2.9716716402032772,3.8458566012572577,0.9222666666666668,0.04105294168967779,0.07337894277148331,0.0,0
570,15,Left-skewed,20.0,0.0,clean,0.8,MedianMAD,500,0.0,0.0,0.7485544554455446,0.2618613861386139,4.311847184773035,5.509689319594778,0.9002666666666667,0.07991266664805918,0.0752308001496805,0.0,0
570,15,Left-skewed,20.0,0.0,clean,0.8,Percentile,500,0.0,0.0,0.7916633663366337,0.2323564356435644,3.7026096591959723,4.776566519256194,0.9333333333333335,1.111334915764742e-16,3.0214418022353927e-16,0.0,0
570,15,Left-skewed,20.0,0.0,clean,0.8,QFactor,500,0.0,0.0,0.9126732673267327,0.2722772277227723,3.9849370100943275,5.11606762424446,1.0,0.0,0.06498047201814762,0.0,0
571,15,Left-skewed,20.0,0.05,lower,0.8,MaxMin,500,0.75,1.0,0.7523960396039604,0.5662376237623762,14.001041506536152,17.481810491243927,0.9333333333333335,1.111334915764742e-16,0.07413585139743725,0.0,0
571,15,Left-skewed,20.0,0.05,lower,0.8,MeanSD,500,0.75,1.0,0.7833465346534653,0.21853465346534656,3.3637828414297193,4.277023019006182,0.8598666666666668,0.03956994376782036,0.07140667371642702,0.0,0
571,15,Left-skewed,20.0,0.05,lower,0.8,MedianMAD,500,0.75,1.0,0.7403168316831682,0.2680792079207921,4.634947245711522,6.073149645405816,0.8396,0.07635553025595465,0.07002445882521774,0.0,0
571,15,Left-skewed,20.0,0.05,lower,0.8,Percentile,500,0.75,1.0,0.779009900990099,0.24332673267326732,3.9975613511347015,5.1432613034727614,0.8666666666666669,2.222669831529484e-16,1.0418764835294457e-16,0.0,0
571,15,Left-skewed,20.0,0.05,lower,0.8,QFactor,500,0.75,1.0,0.9147920792079208,0.2792277227722772,4.101326895856535,5.269262297106714,0.9333333333333335,1.111334915764742e-16,0.06398171976365229,0.0,0
572,15,Left-skewed,20.0,0.05,upper,0.8,MaxMin,500,0.75,1.0,0.7681980198019801,0.6462574257425742,16.46548866587601,19.309808940739575,1.0,0.0,0.07592878755372334,0.0,0
572,15,Left-skewed,20.0,0.05,upper,0.8,MeanSD,500,0.75,1.0,0.8021782178217822,0.23687128712871292,3.549084746211495,4.367501303174083,0.9310666666666668,0.04030854060593672,0.06974336981591894,0.0,0
572,15,Left-skewed,20.0,0.05,upper,0.8,MedianMAD,500,0.75,1.0,0.7405544554455447,0.2743762376237624,4.631404705588458,5.886175929938413,0.9062666666666669,0.0801124793776688,0.07233579437163822,0.0,0
572,15,Left-skewed,20.0,0.05,upper,0.8,Percentile,500,0.75,1.0,0.7804752475247524,0.24617821782178217,3.9922348506429897,5.1088001620814065,0.9333333333333335,1.111334915764742e-16,3.0214418022353927e-16,0.0,0
572,15,Left-skewed,20.0,0.05,upper,0.8,QFactor,500,0.75,1.0,0.9738811881188119,0.04255445544554456,0.6502886450836592,0.9164169226120402,1.0,0.0,0.06565244912429559,0.0,0
573,15,Bimodal,20.0,0.0,clean,0.8,MaxMin,500,0.0,0.0,0.7585148514851486,0.38621782178217823,6.187879905891755,7.941623211966827,0.9165333333333335,0.07063966411666502,0.08164691092306013,0.005066666666666666,0
573,15,Bimodal,20.0,0.0,clean,0.8,MeanSD,500,0.0,0.0,0.6936435643564357,0.306990099009901,4.680131962185268,5.91131853621536,0.8854666666666667,0.0729343613419006,0.07520910332022279,0.007466666666666667,0
573,15,Bimodal,20.0,0.0,clean,0.8,MedianMAD,500,0.0,0.0,0.5748514851485149,0.446039603960396,7.765500641994629,10.320689191376072,0.8785333333333333,0.09831164349853815,0.08072777430364148,0.021866666666666666,0
573,15,Bimodal,20.0,0.0,clean,0.8,Percentile,500,0.0,0.0,0.676118811881188,0.3485544554455446,5.873241221926469,7.565390760538821,0.8677333333333334,0.064966428478207,0.021087229208470584,0.0006666666666666666,0
573,15,Bimodal,20.0,0.0,clean,0.8,QFactor,500,0.0,0.0,0.860871287128713,0.4044752475247525,6.57212308789063,8.502513655382527,0.9165333333333335,0.07063966411666502,0.08245551047385394,0.0064,0
574,15,Bimodal,20.0,0.05,lower,0.8,MaxMin,500,0.75,1.0,0.746039603960396,0.39045544554455447,6.3254729876726365,8.190814484218155,0.8509333333333335,0.06897487110147224,0.07898070745251957,0.005066666666666666,0
574,15,Bimodal,20.0,0.05,lower,0.8,MeanSD,500,0.75,1.0,0.6988316831683168,0.3018811881188119,4.548072501041935,5.781073408812963,0.8218666666666667,0.0734800257479773,0.075864690384199,0.008,0
574,15,Bimodal,20.0,0.05,lower,0.8,MedianMAD,500,0.75,1.0,0.5767326732673267,0.4450891089108911,7.863429796939343,10.574690382401542,0.8150666666666668,0.09594132772491806,0.07793210049185287,0.024666666666666667,0
574,15,Bimodal,20.0,0.05,lower,0.8,Percentile,500,0.75,1.0,0.6768118811881189,0.3495445544554456,5.882430709286057,7.527356466876209,0.8022666666666667,0.06031329176977487,0.02288556906766927,0.0006666666666666666,0
574,15,Bimodal,20.0,0.05,lower,0.8,QFactor,500,0.75,1.0,0.8400990099009902,0.40625742574257423,6.748298298973189,8.808149845807002,0.8509333333333335,0.06897487110147224,0.08008967191565494,0.0054666666666666665,0
575,15,Bimodal,20.0,0.05,upper,0.8,MaxMin,500,0.75,1.0,0.839049504950495,0.3178415841584158,4.913859210789893,6.481833292347056,0.9209333333333335,0.07073126954643164,0.08045498810494736,0.005866666666666667,0
575,15,Bimodal,20.0,0.05,upper,0.8,MeanSD,500,0.75,1.0,0.7148712871287128,0.36467326732673255,5.557247822722785,6.914162782090565,0.8994666666666667,0.07412928099341853,0.07341323285538501,0.010666666666666666,0
575,15,Bimodal,20.0,0.05,upper,0.8,MedianMAD,500,0.75,1.0,0.5578415841584159,0.4586930693069307,7.984376344185468,10.448093813518927,0.8886666666666667,0.09373850408251987,0.07706907852111292,0.0204,0
575,15,Bimodal,20.0,0.05,upper,0.8,Percentile,500,0.75,1.0,0.6563762376237625,0.36655445544554455,6.094455922021698,7.736458062108634,0.8725333333333335,0.06246819720814731,0.02065208253978381,0.0012,0
575,15,Bimodal,20.0,0.05,upper,0.8,QFactor,500,0.75,1.0,0.9714653465346534,0.0381980198019802,0.5347080987249985,0.7690447311251224,0.9209333333333335,0.07073126954643164,0.0808653577664046,0.005733333333333333,0
576,20,Normal,20.0,0.0,clean,0.8,MaxMin,500,0.0,0.0,0.7628514851485149,0.5439999999999999,10.74853362901273,12.824536766788466,0.9997999999999999,0.003159107456203366,0.07347064142223947,0.0,0
576,20,Normal,20.0,0.0,clean,0.8,MeanSD,500,0.0,0.0,0.8315247524752475,0.16900990099009902,2.503693056333287,3.1590817453221853,0.9363999999999999,0.038314174294949994,0.06648498222259702,0.0,0
576,20,Normal,20.0,0.0,clean,0.8,MedianMAD,500,0.0,0.0,0.7889108910891092,0.2159009900990099,3.421715403417544,4.405218913184767,0.9241999999999999,0.06381618141208419,0.065573817650165,0.0,0
576,20,Normal,20.0,0.0,clean,0.8,Percentile,500,0.0,0.0,0.8094059405940595,0.20013861386138612,3.141443523978064,3.974953190159595,0.9000000000000002,2.222669831529484e-16,1.0939703077059182e-15,0.0,0
576,20,Normal,20.0,0.0,clean,0.8,QFactor,500,0.0,0.0,0.865108910891089,0.43803960396039604,7.468445758144492,9.43126772620407,0.9997999999999999,0.003159107456203366,0.0664725428172886,0.0,0
577,20,Normal,20.0,0.05,lower,0.8,MaxMin,500,1.0,1.0,0.7553069306930693,0.5455841584158416,10.811358553526219,12.894775999337298,0.9493999999999999,0.005449715478591072,0.07010102207582479,0.0,0
577,20,Normal,20.0,0.05,lower,0.8,MeanSD,500,1.0,1.0,0.8228910891089108,0.1771881188118812,2.6226788908284804,3.2730247191372683,0.8904000000000001,0.03647603325478262,0.0630565569010723,0.0,0
577,20,Normal,20.0,0.05,lower,0.8,MedianMAD,500,1.0,1.0,0.7804950495049505,0.22336633663366334,3.572880067904172,4.603078978970069,0.8787999999999999,0.06394323635029664,0.06479103558504773,0.0,0
577,20,Normal,20.0,0.05,lower,0.8,Percentile,500,1.0,1.0,0.8061584158415841,0.2052871287128713,3.22066618871047,4.039704473749712,0.8497999999999998,0.003159107456203359,0.0007897768640510621,0.0,0
577,20,Normal,20.0,0.05,lower,0.8,QFactor,500,1.0,1.0,0.8681584158415842,0.44580198019801975,7.620505178846131,9.581977225626519,0.9493999999999999,0.005449715478591072,0.06476935344010507,0.0,0
578,20,Normal,20.0,0.05,upper,0.8,MaxMin,500,1.0,1.0,0.8132673267326733,0.5719405940594059,11.986963991902574,14.06615488869658,0.9997999999999999,0.0031591074562033654,0.06508785860897695,0.0,0
578,20,Normal,20.0,0.05,upper,0.8,MeanSD,500,1.0,1.0,0.8349504950495049,0.2396039603960396,3.4979661155291253,4.345106484646595,0.9586999999999998,0.03318904979134088,0.06058819884805174,0.0,0
578,20,Normal,20.0,0.05,upper,0.8,MedianMAD,500,1.0,1.0,0.7705346534653468,0.23497029702970293,3.6959221929750057,4.725023640073444,0.9300999999999999,0.06400925221198475,0.06063933618978408,0.0,0
578,20,Normal,20.0,0.05,upper,0.8,Percentile,500,1.0,1.0,0.7889702970297029,0.22396039603960394,3.4782876427421234,4.410173755773296,0.8999000000000003,0.0022360679774997916,0.0016770509831251863,0.0,0
578,20,Normal,20.0,0.05,upper,0.8,QFactor,500,1.0,1.0,0.9714059405940594,0.04681188118811881,0.8081978026657228,1.105514994461463,0.9997999999999999,0.0031591074562033654,0.05846128904233525,0.0,0
579,20,Compressed Normal,20.0,0.0,clean,0.8,MaxMin,500,0.0,0.0,0.9190693069306931,0.28079207920792076,5.848956746086514,6.893672816782791,1.0,0.0,0.07109579939756766,0.0,0
579,20,Compressed Normal,20.0,0.0,clean,0.8,MeanSD,500,0.0,0.0,0.9432475247524753,0.05758415841584158,0.8303417710404125,1.0495578519780122,0.9377,0.036419263109663556,0.0628167125987226,0.0,0
579,20,Compressed Normal,20.0,0.0,clean,0.8,MedianMAD,500,0.0,0.0,0.928930693069307,0.07243564356435643,1.129020076923759,1.4336916778256472,0.9245,0.06358329710971809,0.06374684289261037,0.0,0
579,20,Compressed Normal,20.0,0.0,clean,0.8,Percentile,500,0.0,0.0,0.9379009900990098,0.06302970297029703,1.0152872028736852,1.281904079698526,0.9000000000000002,2.222669831529484e-16,1.0939703077059182e-15,0.0,0
579,20,Compressed Normal,20.0,0.0,clean,0.8,QFactor,500,0.0,0.0,0.9525148514851485,0.32378217821782174,4.821835290825472,5.889844716830862,1.0,0.0,0.051253351873402804,0.0,0
580,20,Compressed Normal,20.0,0.05,lower,0.8,MaxMin,500,1.0,1.0,0.9176831683168317,0.2802178217821782,5.84259969743803,6.903229560488433,0.9499999999999997,2.222669831529484e-16,0.06891469914946449,0.0,0
580,20,Compressed Normal,20.0,0.05,lower,0.8,MeanSD,500,1.0,1.0,0.9396237623762377,0.06061386138613861,0.8854899861350801,1.1234030890238118,0.8911,0.03561357400355394,0.061906616767913994,0.0,0
580,20,Compressed Normal,20.0,0.05,lower,0.8,MedianMAD,500,1.0,1.0,0.927128712871287,0.07403960396039604,1.1815843887363104,1.5043012187007725,0.8804,0.06239893632514112,0.06391037222592404,0.0,0
580,20,Compressed Normal,20.0,0.05,lower,0.8,Percentile,500,1.0,1.0,0.936,0.0661980198019802,1.0827328057931358,1.358938454356094,0.8499999999999998,2.222669831529484e-16,4.5147980952942655e-16,0.0,0
580,20,Compressed Normal,20.0,0.05,lower,0.8,QFactor,500,1.0,1.0,0.9502970297029704,0.3182376237623762,4.7170753867031285,5.77379285744439,0.9499999999999997,2.222669831529484e-16,0.049597155384172344,0.0,0
581,20,Compressed Normal,20.0,0.05,upper,0.8,MaxMin,500,1.0,1.0,0.9246534653465348,0.49158415841584163,14.833969865293538,15.053304941909179,1.0,0.0,0.04912814065251472,0.0,0
581,20,Compressed Normal,20.0,0.05,upper,0.8,MeanSD,500,1.0,1.0,0.9485742574257425,0.24277227722772277,4.831103304358969,5.694945491250089,0.9995999999999999,0.004458672394226571,0.04185707586788371,0.0,0
581,20,Compressed Normal,20.0,0.05,upper,0.8,MedianMAD,500,1.0,1.0,0.9257029702970297,0.07855445544554454,1.238916526408044,1.5853638789744948,0.9265999999999999,0.06090861777645982,0.06040583465989384,0.0,0
581,20,Compressed Normal,20.0,0.05,upper,0.8,Percentile,500,1.0,1.0,0.9305544554455446,0.07475247524752475,1.1780249913332643,1.5013915652192116,0.9000000000000002,2.222669831529484e-16,1.0939703077059182e-15,0.0,0
581,20,Compressed Normal,20.0,0.05,upper,0.8,QFactor,500,1.0,1.0,0.974079207920792,0.48534653465346533,8.186149516753625,9.852758533996864,1.0,0.0,0.02739978186353943,0.0,0
582,20,Uniform,20.0,0.0,clean,0.8,MaxMin,500,0.0,0.0,0.7714257425742573,0.32118811881188114,4.850281024958514,6.455267337636134,0.8887999999999999,0.06967258095602707,0.07436054814410445,0.0105,0
582,20,Uniform,20.0,0.0,clean,0.8,MeanSD,500,0.0,0.0,0.7194059405940593,0.28310891089108914,4.1497741678591495,5.214447837811948,0.8669,0.06970730389588213,0.06697108109312852,0.0085,0
582,20,Uniform,20.0,0.0,clean,0.8,MedianMAD,500,0.0,0.0,0.6017425742574257,0.40306930693069315,6.618634313649546,8.815376570401801,0.8697,0.08355161125607916,0.07002363524115371,0.026,0
582,20,Uniform,20.0,0.0,clean,0.8,Percentile,500,0.0,0.0,0.6793861386138614,0.3367524752475248,5.326157808383577,6.797128102167767,0.8215999999999999,0.05916452384464467,0.025179479906968373,0.0022,0
582,20,Uniform,20.0,0.0,clean,0.8,QFactor,500,0.0,0.0,0.8558217821782178,0.325009900990099,4.97372159480179,6.737128223806028,0.8887999999999999,0.06967258095602707,0.07373059710266729,0.009,0
583,20,Uniform,20.0,0.05,lower,0.8,MaxMin,500,1.0,1.0,0.7681188118811881,0.32974257425742576,5.0587788360379715,6.746861052035109,0.8446,0.06678143094482235,0.07089127836036829,0.0078,0
583,20,Uniform,20.0,0.05,lower,0.8,MeanSD,500,1.0,1.0,0.7106138613861387,0.2904356435643564,4.318892214112559,5.558630059028078,0.8210999999999999,0.0685506263775431,0.06488296810052926,0.0062,0
583,20,Uniform,20.0,0.05,lower,0.8,MedianMAD,500,1.0,1.0,0.5923762376237623,0.41550495049504954,7.02211679821371,9.371419078127323,0.8200999999999999,0.08417339437519009,0.06772356523635309,0.0255,0
583,20,Uniform,20.0,0.05,lower,0.8,Percentile,500,1.0,1.0,0.6741584158415842,0.344039603960396,5.540452590976291,7.104347743631824,0.7765,0.05448566210251556,0.022234755720221704,0.0015,0
583,20,Uniform,20.0,0.05,lower,0.8,QFactor,500,1.0,1.0,0.8538019801980199,0.33568316831683165,5.209605602621358,7.038623691182967,0.8446,0.06678143094482235,0.07066355025921214,0.0065,0
584,20,Uniform,20.0,0.05,upper,0.8,MaxMin,500,1.0,1.0,0.8514257425742574,0.23708910891089108,3.5992898498002064,5.159633324536024,0.893,0.06986244715901448,0.07164104478690281,0.0091,0
584,20,Uniform,20.0,0.05,upper,0.8,MeanSD,500,1.0,1.0,0.7417227722772278,0.3071089108910891,4.54525616807607,5.654091954141442,0.8722000000000001,0.07040649223116141,0.06687077990805587,0.0103,0
584,20,Uniform,20.0,0.05,upper,0.8,MedianMAD,500,1.0,1.0,0.5936633663366337,0.41475247524752473,6.923854815927207,9.153554862211521,0.8703,0.08394643535026387,0.06895972747766876,0.0247,0
584,20,Uniform,20.0,0.05,upper,0.8,Percentile,500,1.0,1.0,0.6766732673267327,0.3405544554455446,5.349775152480245,6.8034805745438085,0.8234,0.058816313361472,0.025050346870485744,0.0017,0
584,20,Uniform,20.0,0.05,upper,0.8,QFactor,500,1.0,1.0,0.9717623762376237,0.07152475247524753,0.9612502898882056,1.278842956367581,0.893,0.06986244715901448,0.07187764007895518,0.0061,0
585,20,Right-skewed,20.0,0.0,clean,0.8,MaxMin,500,0.0,0.0,0.818970297029703,0.4890297029702971,12.198033877448397,16.084683254114204,0.6955,0.10736761900695406,0.07346674666799671,0.0541,0
585,20,Right-skewed,20.0,0.0,clean,0.8,MeanSD,500,0.0,0.0,0.851009900990099,0.15104950495049504,2.308249291164441,3.242154338572809,0.6992,0.10479180619347382,0.06662268029295663,0.0744,0
585,20,Right-skewed,20.0,0.0,clean,0.8,MedianMAD,500,0.0,0.0,0.817960396039604,0.19037623762376235,3.2419068210258764,4.480064375553546,0.7043,0.10830498575725755,0.06528710141592306,0.0907,0
585,20,Right-skewed,20.0,0.0,clean,0.8,Percentile,500,0.0,0.0,0.8248316831683168,0.1948118811881188,3.1025502495587642,4.1719020499954835,0.6688000000000001,0.08550545225147609,0.032683733857029454,0.0223,0
585,20,Right-skewed,20.0,0.0,clean,0.8,QFactor,500,0.0,0.0,0.8503366336633663,0.5182574257425742,14.445118095661597,17.75611316013693,0.6946,0.1080471581151189,0.06988669447889702,0.0241,0
586,20,Right-skewed,20.0,0.05,lower,0.8,MaxMin,500,1.0,1.0,0.815960396039604,0.48924752475247524,12.268561277639911,16.197693261536024,0.663,0.09741652816601422,0.07000108187584271,0.0424,0
586,20,Right-skewed,20.0,0.05,lower,0.8,MeanSD,500,1.0,1.0,0.8426534653465347,0.15954455445544555,2.4770470548228456,3.4448746418690237,0.6627000000000001,0.09644850765697993,0.0629090321143281,0.0586,0
586,20,Right-skewed,20.0,0.05,lower,0.8,MedianMAD,500,1.0,1.0,0.8167920792079207,0.19255445544554456,3.2858575063795477,4.518559678234825,0.6641,0.1002811178897125,0.06218064803468916,0.0787,0
586,20,Right-skewed,20.0,0.05,lower,0.8,Percentile,500,1.0,1.0,0.8193069306930693,0.20201980198019803,3.2390308837930477,4.301783493103753,0.6366,0.08236508978949796,0.029988895876219064,0.0166,0
586,20,Right-skewed,20.0,0.05,lower,0.8,QFactor,500,1.0,1.0,0.8464554455445545,0.5178811881188119,14.576958429256656,17.971814561066743,0.6625,0.09802023225775242,0.06718367354848534,0.0241,0
587,20,Right-skewed,20.0,0.05,upper,0.8,MaxMin,500,1.0,1.0,0.9175445544554457,0.4832871287128713,6.85456859460087,7.495223438153754,0.7131,0.09555968452550075,0.05448604210792621,0.0424,0
587,20,Right-skewed,20.0,0.05,upper,0.8,MeanSD,500,1.0,1.0,0.8617821782178217,0.3797029702970297,7.171496911125712,9.538910678256729,0.7492000000000001,0.09036421516709771,0.05764481958273966,0.2053,0
587,20,Right-skewed,20.0,0.05,upper,0.8,MedianMAD,500,1.0,1.0,0.8031683168316832,0.2059009900990099,3.4816607114069478,4.990031720002633,0.7254,0.09845927308747424,0.06258153399633351,0.0978,0
587,20,Right-skewed,20.0,0.05,upper,0.8,Percentile,500,1.0,1.0,0.7892475247524753,0.23417821782178216,3.65238264078657,5.176417650604382,0.682,0.07594428925297991,0.03057790429472662,0.0184,0
587,20,Right-skewed,20.0,0.05,upper,0.8,QFactor,500,1.0,1.0,0.97180198019802,0.27338613861386135,3.8872009296153456,4.702816945398649,0.7131,0.09555968452550075,0.05036429524381829,0.0238,0
588,20,Left-skewed,20.0,0.0,clean,0.8,MaxMin,500,0.0,0.0,0.762,0.5577623762376237,13.216352980275916,16.458508144148638,1.0,0.0,0.06602271950864108,0.0,0
588,20,Left-skewed,20.0,0.0,clean,0.8,MeanSD,500,0.0,0.0,0.8203366336633663,0.18144554455445544,2.7001733358025324,3.477613404624407,0.9171,0.03598861432066316,0.0622086254315902,0.0,0
588,20,Left-skewed,20.0,0.0,clean,0.8,MedianMAD,500,0.0,0.0,0.7695841584158414,0.23534653465346533,3.723443505040165,4.810091119310726,0.8998999999999998,0.07017720199152085,0.06275072785449948,0.0,0
588,20,Left-skewed,20.0,0.0,clean,0.8,Percentile,500,0.0,0.0,0.7998019801980198,0.21271287128712874,3.278794726876139,4.242360851683264,0.9000000000000002,2.222669831529484e-16,1.0939703077059182e-15,0.0,0
588,20,Left-skewed,20.0,0.0,clean,0.8,QFactor,500,0.0,0.0,0.9231683168316832,0.24887128712871287,3.6306500075383656,4.668851627252323,1.0,0.0,0.05717979692514695,0.0,0
589,20,Left-skewed,20.0,0.05,lower,0.8,MaxMin,500,1.0,1.0,0.7591881188118812,0.5584554455445544,13.28572323689394,16.536348020872214,0.9498999999999999,0.0022360679774997864,0.06686930105843221,0.0,0
589,20,Left-skewed,20.0,0.05,lower,0.8,MeanSD,500,1.0,1.0,0.8176039603960394,0.1831683168316832,2.7553240840838593,3.56633011532901,0.875,0.036022148608609694,0.06362163075524345,0.0,0
589,20,Left-skewed,20.0,0.05,lower,0.8,MedianMAD,500,1.0,1.0,0.7602178217821783,0.24558415841584158,3.9596106443768595,5.114802313507742,0.8575,0.06825002660999135,0.06329714391115576,0.0,0
589,20,Left-skewed,20.0,0.05,lower,0.8,Percentile,500,1.0,1.0,0.7970297029702971,0.22027722772277225,3.4175908881414547,4.3946599270113635,0.8499999999999998,2.222669831529484e-16,4.5147980952942655e-16,0.0,0
589,20,Left-skewed,20.0,0.05,lower,0.8,QFactor,500,1.0,1.0,0.9219801980198019,0.25035643564356436,3.664757347584942,4.728898383078156,0.9498999999999999,0.0022360679774997864,0.056383586564350094,0.0,0
590,20,Left-skewed,20.0,0.05,upper,0.8,MaxMin,500,1.0,1.0,0.7832079207920792,0.6326336633663366,15.252577586706874,17.907511567836895,1.0,0.0,0.06604777160232045,0.0,0
590,20,Left-skewed,20.0,0.05,upper,0.8,MeanSD,500,1.0,1.0,0.8225544554455446,0.20502970297029705,3.0407877528678586,3.7967608128345307,0.9236,0.03571541939225589,0.059732725934713286,0.0,0
590,20,Left-skewed,20.0,0.05,upper,0.8,MedianMAD,500,1.0,1.0,0.7617029702970298,0.2451881188118812,3.936263436309429,5.035389349997183,0.9036,0.06889508738750727,0.06177235661664481,0.0,0
590,20,Left-skewed,20.0,0.05,upper,0.8,Percentile,500,1.0,1.0,0.7911881188118813,0.2208118811881188,3.463202404417848,4.481467926781621,0.9000000000000002,2.222669831529484e-16,1.0939703077059182e-15,0.0,0
590,20,Left-skewed,20.0,0.05,upper,0.8,QFactor,500,1.0,1.0,0.9719207920792079,0.04657425742574258,0.6929498341642489,0.9682110786425883,1.0,0.0,0.05661320975599205,0.0,0
591,20,Bimodal,20.0,0.0,clean,0.8,MaxMin,500,0.0,0.0,0.7872475247524753,0.34409900990099007,5.264006888430352,6.791962074015736,0.9178,0.06285747468876311,0.07385054434419008,0.0065,0
591,20,Bimodal,20.0,0.0,clean,0.8,MeanSD,500,0.0,0.0,0.7385346534653465,0.2623762376237624,3.873259074383875,4.894375836849461,0.89,0.06906184965779813,0.06778434897878016,0.0072,0
591,20,Bimodal,20.0,0.0,clean,0.8,MedianMAD,500,0.0,0.0,0.6120594059405942,0.3973267326732673,6.4164615953688555,8.488159537878248,0.8883,0.08702445928028539,0.07261532385984032,0.0225,0
591,20,Bimodal,20.0,0.0,clean,0.8,Percentile,500,0.0,0.0,0.703009900990099,0.3088910891089109,4.88581640719738,6.228195586024391,0.8386,0.05399881242663559,0.024740581929617,0.0018,0
591,20,Bimodal,20.0,0.0,clean,0.8,QFactor,500,0.0,0.0,0.8640198019801981,0.36667326732673267,5.749793593767683,7.496133710511612,0.9178,0.06285747468876311,0.07357550738494144,0.0062,0
592,20,Bimodal,20.0,0.05,lower,0.8,MaxMin,500,1.0,1.0,0.7851287128712872,0.35176237623762374,5.474316088733313,7.1416505951414555,0.8701,0.057598830287610876,0.06947187050329454,0.0049,0
592,20,Bimodal,20.0,0.05,lower,0.8,MeanSD,500,1.0,1.0,0.7343366336633661,0.2662178217821783,3.96551633549707,5.0664725897676535,0.8407,0.061368086854393114,0.06361360127576617,0.0049,0
592,20,Bimodal,20.0,0.05,lower,0.8,MedianMAD,500,1.0,1.0,0.6053465346534653,0.4064356435643564,6.70581502150267,8.894526992197308,0.8388,0.08141139742850828,0.06825129392889318,0.0218,0
592,20,Bimodal,20.0,0.05,lower,0.8,Percentile,500,1.0,1.0,0.7045940594059406,0.3093861386138614,4.978573234773002,6.420034515082594,0.7897,0.04809924192903976,0.019358027800438188,0.001,0
592,20,Bimodal,20.0,0.05,lower,0.8,QFactor,500,1.0,1.0,0.8557425742574256,0.37895049504950495,6.05513606895536,7.943687557989035,0.8701,0.057598830287610876,0.06896614085646087,0.0059,0
593,20,Bimodal,20.0,0.05,upper,0.8,MaxMin,500,1.0,1.0,0.865049504950495,0.2794455445544554,4.142134032103241,5.459028306460371,0.9215,0.058818953906690265,0.07028465075934873,0.0056,0
593,20,Bimodal,20.0,0.05,upper,0.8,MeanSD,500,1.0,1.0,0.7543168316831684,0.2994653465346535,4.382228577657995,5.4420830443844075,0.8985,0.06189031282554069,0.06415997823641584,0.0087,0
593,20,Bimodal,20.0,0.05,upper,0.8,MedianMAD,500,1.0,1.0,0.6016039603960396,0.4046930693069307,6.583829415145966,8.655655139321418,0.8917,0.0817280180713796,0.06950689706506225,0.0209,0
593,20,Bimodal,20.0,0.05,upper,0.8,Percentile,500,1.0,1.0,0.6928316831683168,0.31956435643564357,5.013337362291413,6.321138192250147,0.8419000000000001,0.051035274060171304,0.024456777103910823,0.0004,0
593,20,Bimodal,20.0,0.05,upper,0.8,QFactor,500,1.0,1.0,0.9747722772277227,0.035287128712871284,0.5012197533203757,0.7449263525074191,0.9215,0.058818953906690265,0.06980930808475984,0.0061,0
594,25,Normal,20.0,0.0,clean,0.8,MaxMin,500,0.0,0.0,0.7663762376237624,0.5353465346534653,10.32219439031581,12.314638960540142,0.99968,0.003566937915381258,0.06548611631604226,0.0,0
594,25,Normal,20.0,0.0,clean,0.8,MeanSD,500,0.0,0.0,0.8486930693069306,0.1513069306930693,2.2362935940291577,2.8803450011333704,0.9359200000000001,0.0326171942804014,0.056419444418117685,0.0,0
594,25,Normal,20.0,0.0,clean,0.8,MedianMAD,500,0.0,0.0,0.8024554455445545,0.20130693069306932,3.102553299347034,3.9452519884763877,0.9245600000000002,0.0598863854170264,0.058785500132412634,0.0,0
594,25,Normal,20.0,0.0,clean,0.8,Percentile,500,0.0,0.0,0.827049504950495,0.18013861386138613,2.7674347755986792,3.5130779824175797,0.9198400000000001,0.002527285964962693,0.0006318214912418005,0.0,0
594,25,Normal,20.0,0.0,clean,0.8,QFactor,500,0.0,0.0,0.8716237623762377,0.4276831683168317,7.152931242021954,9.038791018859738,0.99968,0.003566937915381258,0.05929036455460726,0.0,0
595,25,Normal,20.0,0.05,lower,0.8,MaxMin,500,1.25,1.0,0.7538217821782178,0.531049504950495,10.129336025596517,12.105982323646431,0.9598400000000002,0.0025272859649626846,0.0643635141511377,0.0,0
595,25,Normal,20.0,0.05,lower,0.8,MeanSD,500,1.25,1.0,0.844990099009901,0.15643564356435644,2.2953437929245126,2.9015825883705397,0.8976000000000002,0.032881642367886973,0.056492775631927755,0.0,0
595,25,Normal,20.0,0.05,lower,0.8,MedianMAD,500,1.25,1.0,0.8008316831683169,0.20166336633663365,3.1175560938472398,3.991330059572664,0.8868800000000001,0.05688530104473298,0.05619821044323809,0.0,0
595,25,Normal,20.0,0.05,lower,0.8,Percentile,500,1.25,1.0,0.8224950495049506,0.18479207920792076,2.8294166766233246,3.5574307523564004,0.8799200000000003,0.001788854381999834,0.000894427191000533,0.0,0
595,25,Normal,20.0,0.05,lower,0.8,QFactor,500,1.25,1.0,0.8674455445544554,0.4280990099009901,7.211216676231195,9.131113788607212,0.9598400000000002,0.0025272859649626846,0.0575959937542527,0.0,0
596,25,Normal,20.0,0.05,upper,0.8,MaxMin,500,1.25,1.0,0.8035841584158416,0.5506534653465347,11.145103800776896,13.2125984751657,0.99976,0.0030921712510939945,0.06045382330827913,0.0,0
596,25,Normal,20.0,0.05,upper,0.8,MeanSD,500,1.25,1.0,0.8581188118811881,0.19906930693069308,2.81338840202781,3.5444767990612323,0.95448,0.02961221651166062,0.05488728651822805,0.0,0
596,25,Normal,20.0,0.05,upper,0.8,MedianMAD,500,1.25,1.0,0.7953663366336634,0.21000000000000002,3.217754607907845,4.160279315768656,0.9282400000000002,0.05650564729611284,0.0574218717334564,0.0,0
596,25,Normal,20.0,0.05,upper,0.8,Percentile,500,1.25,1.0,0.8186930693069305,0.1913069306930693,2.864885827950042,3.6789778130594537,0.9200000000000002,1.111334915764742e-16,1.4690458417765185e-15,0.0,0
596,25,Normal,20.0,0.05,upper,0.8,QFactor,500,1.25,1.0,0.9709108910891089,0.045089108910891094,0.7876502209338602,1.0981493169658973,0.99976,0.0030921712510939945,0.04983194322613129,0.0,0
597,25,Compressed Normal,20.0,0.0,clean,0.8,MaxMin,500,0.0,0.0,0.9196039603960395,0.27708910891089106,5.613621492916028,6.620028345657607,1.0,0.0,0.06417075921110638,0.0,0
597,25,Compressed Normal,20.0,0.0,clean,0.8,MeanSD,500,0.0,0.0,0.9467524752475249,0.053405940594059405,0.7404943764502272,0.9411826831817903,0.9376,0.033269410986893476,0.05790001853698855,0.0,0
597,25,Compressed Normal,20.0,0.0,clean,0.8,MedianMAD,500,0.0,0.0,0.9321188118811882,0.0685940594059406,1.031237312966779,1.3338141516573394,0.9278400000000001,0.06000112223399389,0.06026935885476461,0.0,0
597,25,Compressed Normal,20.0,0.0,clean,0.8,Percentile,500,0.0,0.0,0.9409306930693069,0.05906930693069307,0.9108752467178077,1.1500632171052656,0.9200000000000002,1.111334915764742e-16,1.4690458417765185e-15,0.0,0
597,25,Compressed Normal,20.0,0.0,clean,0.8,QFactor,500,0.0,0.0,0.9563960396039605,0.31213861386138614,4.5612432580345885,5.564316694280254,1.0,0.0,0.0436085361365089,0.0,0
598,25,Compressed Normal,20.0,0.05,lower,0.8,MaxMin,500,1.25,1.0,0.9178415841584158,0.27722772277227725,5.606127500394596,6.606516362943084,0.9600000000000002,2.222669831529484e-16,0.06409369274264051,0.0,0
598,25,Compressed Normal,20.0,0.05,lower,0.8,MeanSD,500,1.25,1.0,0.9461188118811882,0.05388118811881188,0.7554177337190153,0.955459761794612,0.8996000000000002,0.030752747241927062,0.05635620190485234,0.0,0
598,25,Compressed Normal,20.0,0.05,lower,0.8,MedianMAD,500,1.25,1.0,0.9338019801980197,0.0661980198019802,1.0092508001710276,1.2935528519505313,0.88768,0.05494593443943642,0.05716936031811846,0.0,0
598,25,Compressed Normal,20.0,0.05,lower,0.8,Percentile,500,1.25,1.0,0.9396237623762377,0.060376237623762374,0.9354633198094328,1.17638637129488,0.8800000000000002,2.222669831529484e-16,1.5020385970882843e-15,0.0,0
598,25,Compressed Normal,20.0,0.05,lower,0.8,QFactor,500,1.25,1.0,0.9545742574257426,0.3137029702970297,4.602008288622973,5.623298383652249,0.9600000000000002,2.222669831529484e-16,0.043917796104162035,0.0,0
599,25,Compressed Normal,20.0,0.05,upper,0.8,MaxMin,500,1.25,1.0,0.93,0.4905346534653465,14.439652456487213,14.687119848145462,1.0,0.0,0.04332451964172553,0.0,0
599,25,Compressed Normal,20.0,0.05,upper,0.8,MeanSD,500,1.25,1.0,0.9532079207920792,0.22057425742574255,4.100387272922124,4.814214850594594,0.99872,0.007047050577630862,0.04083602818497045,0.0,0
599,25,Compressed Normal,20.0,0.05,upper,0.8,MedianMAD,500,1.25,1.0,0.9287920792079207,0.07378217821782178,1.1182293275319752,1.4450224591382896,0.9272800000000001,0.057200922116535526,0.0579897175578149,0.0,0
599,25,Compressed Normal,20.0,0.05,upper,0.8,Percentile,500,1.25,1.0,0.936970297029703,0.0678019801980198,0.9891072804835764,1.2545050588340043,0.9200000000000002,1.111334915764742e-16,1.4690458417765185e-15,0.0,0
599,25,Compressed Normal,20.0,0.05,upper,0.8,QFactor,500,1.25,1.0,0.9723762376237625,0.48514851485148514,8.18552446435879,9.853214381577743,1.0,0.0,0.024667375500808816,0.0,0
600,25,Uniform,20.0,0.0,clean,0.8,MaxMin,500,0.0,0.0,0.7948712871287128,0.2959207920792079,4.414535579628996,5.9788291928535156,0.88576,0.06631755753097175,0.066866087749653,0.01112,0
600,25,Uniform,20.0,0.0,clean,0.8,MeanSD,500,0.0,0.0,0.7504158415841584,0.2509108910891089,3.6692470693257357,4.717046895363553,0.8629600000000001,0.06753043105324052,0.06093072065649883,0.00872,0
600,25,Uniform,20.0,0.0,clean,0.8,MedianMAD,500,0.0,0.0,0.6364950495049505,0.36744554455445544,5.954403359682183,8.123429335009257,0.8652799999999999,0.08020590735818839,0.064475958573098,0.02712,0
600,25,Uniform,20.0,0.0,clean,0.8,Percentile,500,0.0,0.0,0.7127326732673268,0.29984158415841583,4.635430123536212,6.022228433931547,0.8361600000000001,0.05784069061639879,0.019168810692352913,0.00248,0
600,25,Uniform,20.0,0.0,clean,0.8,QFactor,500,0.0,0.0,0.8637821782178218,0.3104752475247525,4.700403841132206,6.417180984196904,0.88576,0.06631755753097175,0.06623486729174632,0.00856,0
601,25,Uniform,20.0,0.05,lower,0.8,MaxMin,500,1.25,1.0,0.8011287128712872,0.2925346534653465,4.353734116983136,5.882480072150526,0.8452000000000001,0.06477462082487255,0.06495157975899116,0.0112,0
601,25,Uniform,20.0,0.05,lower,0.8,MeanSD,500,1.25,1.0,0.7395841584158415,0.26108910891089104,3.8095733684650956,4.838583847823126,0.82136,0.06633665278717349,0.05944040509700596,0.00656,0
601,25,Uniform,20.0,0.05,lower,0.8,MedianMAD,500,1.25,1.0,0.6124554455445544,0.39328712871287125,6.332065382768348,8.366702882331765,0.8224000000000001,0.07942074861534133,0.06210617551200604,0.02984,0
601,25,Uniform,20.0,0.05,lower,0.8,Percentile,500,1.25,1.0,0.6984158415841585,0.31322772277227723,4.828945541761781,6.1857381418456825,0.7943199999999999,0.05843429415563204,0.019420456743648527,0.0016,0
601,25,Uniform,20.0,0.05,lower,0.8,QFactor,500,1.25,1.0,0.8641584158415841,0.3091089108910891,4.647358888821431,6.314373744553579,0.8452000000000001,0.06477462082487255,0.06381997405268582,0.00776,0
602,25,Uniform,20.0,0.05,upper,0.8,MaxMin,500,1.25,1.0,0.8790693069306931,0.21019801980198016,3.100591225267205,4.37643725920554,0.8912,0.06478080816269911,0.0655647429032968,0.01032,0
602,25,Uniform,20.0,0.05,upper,0.8,MeanSD,500,1.25,1.0,0.7524950495049505,0.28770297029702974,4.217819618618552,5.269959832467646,0.8696,0.0638183795715802,0.058867106359375865,0.00824,0
602,25,Uniform,20.0,0.05,upper,0.8,MedianMAD,500,1.25,1.0,0.6196039603960396,0.3885742574257426,6.276514771403209,8.270723332108863,0.8672000000000001,0.0765760261149082,0.06268091832557707,0.02872,0
602,25,Uniform,20.0,0.05,upper,0.8,Percentile,500,1.25,1.0,0.6936237623762376,0.32033663366336634,4.9322026467924545,6.254840048248031,0.8396000000000001,0.05693437490736317,0.01848196907380128,0.00224,0
602,25,Uniform,20.0,0.05,upper,0.8,QFactor,500,1.25,1.0,0.9742574257425743,0.07073267326732674,0.9594800585378389,1.2618239669610716,0.8912,0.06478080816269911,0.06487630760934598,0.0068,0
603,25,Right-skewed,20.0,0.0,clean,0.8,MaxMin,500,0.0,0.0,0.8252475247524752,0.483960396039604,11.840456185896636,15.638954027341445,0.70248,0.09026486077195466,0.06578918766665241,0.05464,0
603,25,Right-skewed,20.0,0.0,clean,0.8,MeanSD,500,0.0,0.0,0.8532673267326734,0.1479009900990099,2.234570200647996,3.085432615158504,0.70336,0.08738410819324907,0.05734699841733685,0.0672,0
603,25,Right-skewed,20.0,0.0,clean,0.8,MedianMAD,500,0.0,0.0,0.8278217821782177,0.17691089108910893,2.9032491992666056,4.076343467744982,0.7118399999999999,0.09023135705280722,0.05836586795522593,0.08808,0
603,25,Right-skewed,20.0,0.0,clean,0.8,Percentile,500,0.0,0.0,0.8286930693069307,0.18405940594059403,2.851169724557649,3.8421488808058886,0.67216,0.08097189200326974,0.02720194739459288,0.02136,0
603,25,Right-skewed,20.0,0.0,clean,0.8,QFactor,500,0.0,0.0,0.8498217821782178,0.5141386138613862,13.993772885521729,17.23404486691877,0.70168,0.09070850934358181,0.06178131952517698,0.02504,0
604,25,Right-skewed,20.0,0.05,lower,0.8,MaxMin,500,1.25,1.0,0.8263366336633663,0.4801782178217822,11.728215809446782,15.540006638101529,0.66184,0.09031571433871864,0.0643789112036484,0.04888,0
604,25,Right-skewed,20.0,0.05,lower,0.8,MeanSD,500,1.25,1.0,0.8575445544554455,0.14326732673267326,2.1993909737759245,3.1246231140066136,0.6643199999999999,0.0876716044135208,0.05694567391970231,0.06936,0
604,25,Right-skewed,20.0,0.05,lower,0.8,MedianMAD,500,1.25,1.0,0.8245742574257425,0.18245544554455442,3.016475021706681,4.185844388374291,0.6716,0.0863780199162339,0.05710443771553765,0.08976,0
604,25,Right-skewed,20.0,0.05,lower,0.8,Percentile,500,1.25,1.0,0.827821782178218,0.18607920792079205,2.9202060481124903,3.9638745671045443,0.6336799999999999,0.07888030047868234,0.027951740376201573,0.022,0
604,25,Right-skewed,20.0,0.05,lower,0.8,QFactor,500,1.25,1.0,0.8500198019801981,0.5141188118811881,13.972844602033879,17.215048217843833,0.66152,0.09042811558457,0.06082921404559174,0.02536,0
605,25,Right-skewed,20.0,0.05,upper,0.8,MaxMin,500,1.25,1.0,0.9294851485148515,0.4626336633663366,6.533926608175642,7.167949516603252,0.7118399999999999,0.08894288095257703,0.05132881950847164,0.05368,0
605,25,Right-skewed,20.0,0.05,upper,0.8,MeanSD,500,1.25,1.0,0.8754257425742575,0.33493069306930695,5.9502312373469595,7.926600154512732,0.74232,0.0832470885707784,0.05384739777747589,0.19408,0
605,25,Right-skewed,20.0,0.05,upper,0.8,MedianMAD,500,1.25,1.0,0.8195445544554456,0.18538613861386138,3.0550312313935226,4.407171394272603,0.72224,0.08824146140574761,0.05676495335439597,0.09664,0
605,25,Right-skewed,20.0,0.05,upper,0.8,Percentile,500,1.25,1.0,0.8107128712871288,0.1981980198019802,3.033223921023255,4.19640185126571,0.68048,0.07931425535302218,0.027159651389607613,0.02152,0
605,25,Right-skewed,20.0,0.05,upper,0.8,QFactor,500,1.25,1.0,0.9723564356435643,0.2730693069306931,3.874092522548477,4.68558055918879,0.7118399999999999,0.08894288095257703,0.047403492558892715,0.02408,0
606,25,Left-skewed,20.0,0.0,clean,0.8,MaxMin,500,0.0,0.0,0.7672277227722774,0.5432277227722773,12.350142594456061,15.438464436231037,1.0,0.0,0.05991704519853799,0.0,0
606,25,Left-skewed,20.0,0.0,clean,0.8,MeanSD,500,0.0,0.0,0.8321584158415842,0.16805940594059407,2.4962007411264775,3.2059459536673045,0.9181600000000001,0.03152462535872576,0.05565939291669486,0.0,0
606,25,Left-skewed,20.0,0.0,clean,0.8,MedianMAD,500,0.0,0.0,0.7789306930693071,0.22429702970297033,3.489759877918092,4.515320395559107,0.90192,0.06733038215190407,0.05886491002710528,0.0,0
606,25,Left-skewed,20.0,0.0,clean,0.8,Percentile,500,0.0,0.0,0.8118415841584159,0.19857425742574258,2.9818450884626286,3.853584804361087,0.9200000000000002,1.111334915764742e-16,1.4690458417765185e-15,0.0,0
606,25,Left-skewed,20.0,0.0,clean,0.8,QFactor,500,0.0,0.0,0.9319603960396041,0.23366336633663368,3.396751862129239,4.341554800766597,1.0,0.0,0.051315758412544835,0.0,0
607,25,Left-skewed,20.0,0.05,lower,0.8,MaxMin,500,1.25,1.0,0.779920792079208,0.54990099009901,12.559787019140193,15.568203613707878,0.9600000000000002,2.222669831529484e-16,0.05984124918893604,0.0,0
607,25,Left-skewed,20.0,0.05,lower,0.8,MeanSD,500,1.25,1.0,0.8355643564356435,0.16475247524752476,2.4253981738747528,3.11644444080071,0.8809600000000002,0.030688139791256435,0.05538666631628598,0.0,0
607,25,Left-skewed,20.0,0.05,lower,0.8,MedianMAD,500,1.25,1.0,0.7767326732673266,0.22667326732673265,3.5375942200818042,4.53818970187851,0.86456,0.0624034837936085,0.056384249242924164,0.0,0
607,25,Left-skewed,20.0,0.05,lower,0.8,Percentile,500,1.25,1.0,0.8127128712871288,0.19708910891089107,2.970058621077872,3.821657977339235,0.8800000000000002,2.222669831529484e-16,1.5020385970882843e-15,0.0,0
607,25,Left-skewed,20.0,0.05,lower,0.8,QFactor,500,1.25,1.0,0.9281386138613861,0.23112871287128714,3.3596029284379996,4.323852335592734,0.9600000000000002,2.222669831529484e-16,0.051593172575003225,0.0,0
608,25,Left-skewed,20.0,0.05,upper,0.8,MaxMin,500,1.25,1.0,0.7974653465346536,0.6237425742574256,14.417758657931861,16.86685683196962,0.99992,0.0017888543819998336,0.059551874711335245,0.0,0
608,25,Left-skewed,20.0,0.05,upper,0.8,MeanSD,500,1.25,1.0,0.8484356435643565,0.17400000000000002,2.5188575793898647,3.158567554143233,0.92248,0.030127477987042305,0.05353525788993148,0.0,0
608,25,Left-skewed,20.0,0.05,upper,0.8,MedianMAD,500,1.25,1.0,0.7773465346534655,0.2282970297029703,3.5242859632288335,4.506306858437609,0.90376,0.0624568981639059,0.056826989902924244,0.0,0
608,25,Left-skewed,20.0,0.05,upper,0.8,Percentile,500,1.25,1.0,0.8186138613861387,0.1956039603960396,2.927611916178764,3.74428161753882,0.9200000000000002,1.111334915764742e-16,1.4690458417765185e-15,0.0,0
608,25,Left-skewed,20.0,0.05,upper,0.8,QFactor,500,1.25,1.0,0.9726930693069306,0.04485148514851486,0.6791931874705611,0.9539176665602634,0.99992,0.0017888543819998336,0.04985349606628273,0.0,0
609,25,Bimodal,20.0,0.0,clean,0.8,MaxMin,500,0.0,0.0,0.8125742574257425,0.32104950495049506,4.831238183252081,6.3278118125161535,0.91744,0.053057295003667605,0.06669807470189135,0.00704,0
609,25,Bimodal,20.0,0.0,clean,0.8,MeanSD,500,0.0,0.0,0.764019801980198,0.23657425742574256,3.4867191855070527,4.430035639589789,0.886,0.057237682557989875,0.06093252505135179,0.004,0
609,25,Bimodal,20.0,0.0,clean,0.8,MedianMAD,500,0.0,0.0,0.6365940594059405,0.3698019801980198,5.846612903067082,7.789120467818998,0.88824,0.07713885665741245,0.06622203735335279,0.02144,0
609,25,Bimodal,20.0,0.0,clean,0.8,Percentile,500,0.0,0.0,0.7245940594059406,0.2824356435643564,4.358577376294467,5.596867695227164,0.85696,0.046698178119487274,0.015611757775289597,0.00096,0
609,25,Bimodal,20.0,0.0,clean,0.8,QFactor,500,0.0,0.0,0.8730891089108911,0.3555049504950495,5.485451015409042,7.16355020668092,0.91744,0.053057295003667605,0.06557008811578835,0.00584,0
610,25,Bimodal,20.0,0.05,lower,0.8,MaxMin,500,1.25,1.0,0.8046336633663367,0.3273663366336634,4.963165635403961,6.454769224668505,0.8789600000000001,0.053739130885945244,0.0641766140237445,0.00648,0
610,25,Bimodal,20.0,0.05,lower,0.8,MeanSD,500,1.25,1.0,0.7627326732673267,0.23776237623762375,3.496709778001255,4.467433366062096,0.84896,0.057660800687050325,0.05809086691549035,0.00416,0
610,25,Bimodal,20.0,0.05,lower,0.8,MedianMAD,500,1.25,1.0,0.6412475247524753,0.36445544554455456,5.811208380154623,7.880856540268444,0.85584,0.07148226232888345,0.06446352858544724,0.0232,0
610,25,Bimodal,20.0,0.05,lower,0.8,Percentile,500,1.25,1.0,0.7297821782178218,0.2828712871287129,4.399430118660207,5.688365168629734,0.81832,0.048251777875393066,0.016369950269051976,0.0008,0
610,25,Bimodal,20.0,0.05,lower,0.8,QFactor,500,1.25,1.0,0.8764158415841584,0.36,5.56050866156207,7.217117977403775,0.8789600000000001,0.053739130885945244,0.06329706483316527,0.00672,0
611,25,Bimodal,20.0,0.05,upper,0.8,MaxMin,500,1.25,1.0,0.8842772277227723,0.26035643564356437,3.7794181348583704,4.893104589959822,0.91968,0.05413463510022829,0.06387185397775955,0.00696,0
611,25,Bimodal,20.0,0.05,upper,0.8,MeanSD,500,1.25,1.0,0.7692079207920792,0.2797623762376238,4.059258840183739,5.057114850312937,0.8928800000000001,0.05838598673392261,0.057812625641872326,0.00528,0
611,25,Bimodal,20.0,0.05,upper,0.8,MedianMAD,500,1.25,1.0,0.6302178217821782,0.37651485148514857,5.957639578595853,7.855120272286171,0.89128,0.07355257686258349,0.0613478623271077,0.02056,0
611,25,Bimodal,20.0,0.05,upper,0.8,Percentile,500,1.25,1.0,0.7162772277227722,0.29762376237623767,4.584892840997798,5.797426821764605,0.8589600000000001,0.04899509606968595,0.016114439043005396,0.00032,0
611,25,Bimodal,20.0,0.05,upper,0.8,QFactor,500,1.25,1.0,0.972910891089109,0.03659405940594059,0.514294813228941,0.7542383476917145,0.91968,0.05413463510022829,0.06300291493797852,0.00696,0
612,30,Normal,20.0,0.0,clean,0.8,MaxMin,500,0.0,0.0,0.7651881188118811,0.5227722772277228,9.820806770383614,11.741245523851212,0.9997333333333334,0.0029724482628177115,0.061479705233211016,0.0,0
612,30,Normal,20.0,0.0,clean,0.8,MeanSD,500,0.0,0.0,0.8583366336633664,0.14166336633663368,2.067615862244375,2.595060585460642,0.935,0.029534727963319553,0.05230104756864533,0.0,0
612,30,Normal,20.0,0.0,clean,0.8,MedianMAD,500,0.0,0.0,0.8136831683168317,0.18827722772277225,2.8447372200889234,3.6112975695006755,0.9252,0.054872415327993855,0.053596519278426305,0.0,0
612,30,Normal,20.0,0.0,clean,0.8,Percentile,500,0.0,0.0,0.8305346534653464,0.17506930693069309,2.6163405606921057,3.2794200693075184,0.9333333333333335,1.111334915764742e-16,6.980572439647287e-16,0.0,0
612,30,Normal,20.0,0.0,clean,0.8,QFactor,500,0.0,0.0,0.8721188118811881,0.40778217821782176,6.699248721711545,8.490912883362444,0.9997333333333334,0.0029724482628177115,0.05542885806010634,0.0,0
613,30,Normal,20.0,0.05,lower,0.8,MaxMin,500,1.5,2.0,0.7641188118811881,0.5212673267326732,9.699490086543548,11.581325245649941,0.9328666666666666,0.003920269736560554,0.058473666172409164,0.0,0
613,30,Normal,20.0,0.05,lower,0.8,MeanSD,500,1.5,2.0,0.8531287128712871,0.14716831683168316,2.146661689585855,2.7167413857299105,0.8704666666666669,0.028489080361502238,0.05024076001539858,0.0,0
613,30,Normal,20.0,0.05,lower,0.8,MedianMAD,500,1.5,2.0,0.8092673267326732,0.19203960396039602,2.9146777166248494,3.6951448835183918,0.8620666666666669,0.0527041629372402,0.05171174009339516,0.0,0
613,30,Normal,20.0,0.05,lower,0.8,Percentile,500,1.5,2.0,0.8285148514851486,0.17712871287128715,2.6640770964986595,3.343520946712181,0.8666000000000004,0.0014907119849998595,0.0003726779962502636,0.0,0
613,30,Normal,20.0,0.05,lower,0.8,QFactor,500,1.5,2.0,0.8717425742574259,0.41506930693069305,6.857044783898961,8.668439354268495,0.9328666666666666,0.003920269736560554,0.052816174704647265,0.0,0
614,30,Normal,20.0,0.05,upper,0.8,MaxMin,500,1.5,2.0,0.8201584158415841,0.5582574257425743,10.992623424382016,12.814790253368326,0.9997333333333334,0.0029724482628177115,0.05382865669899594,0.0,0
614,30,Normal,20.0,0.05,upper,0.8,MeanSD,500,1.5,2.0,0.8709108910891088,0.26407920792079204,3.8137185626454833,4.628294691576214,0.9595333333333335,0.026107275736073746,0.04782058684254717,0.0,0
614,30,Normal,20.0,0.05,upper,0.8,MedianMAD,500,1.5,2.0,0.8037623762376238,0.2127128712871287,3.1516166444895384,4.003585366147096,0.9348000000000001,0.04951404911636263,0.04923222293887527,0.0,0
614,30,Normal,20.0,0.05,upper,0.8,Percentile,500,1.5,2.0,0.8136237623762375,0.2304554455445545,3.4049527391208114,4.551289894513759,0.9332666666666668,0.0014907119849998593,0.0003726779962504373,0.0,0
614,30,Normal,20.0,0.05,upper,0.8,QFactor,500,1.5,2.0,0.9822178217821783,0.02530693069306931,0.5155454165734346,0.7308130247790013,0.9997333333333334,0.0029724482628177115,0.04588998900282132,0.0,0
615,30,Compressed Normal,20.0,0.0,clean,0.8,MaxMin,500,0.0,0.0,0.9184554455445544,0.27481188118811883,5.462427471269458,6.447520108726606,1.0,0.0,0.06164928229344235,0.0,0
615,30,Compressed Normal,20.0,0.0,clean,0.8,MeanSD,500,0.0,0.0,0.9486930693069306,0.05130693069306931,0.6956572673856021,0.8875396635433446,0.9359333333333334,0.03006554111293718,0.05170302941899388,0.0,0
615,30,Compressed Normal,20.0,0.0,clean,0.8,MedianMAD,500,0.0,0.0,0.9361386138613861,0.06455445544554456,0.9476433083034933,1.2013400183934084,0.9284666666666667,0.05242593995898774,0.05282938605005924,0.0,0
615,30,Compressed Normal,20.0,0.0,clean,0.8,Percentile,500,0.0,0.0,0.9431683168316832,0.05710891089108912,0.8627602069227789,1.097137379472746,0.9333333333333335,1.111334915764742e-16,6.980572439647287e-16,0.0,0
615,30,Compressed Normal,20.0,0.0,clean,0.8,QFactor,500,0.0,0.0,0.9552871287128714,0.3056831683168317,4.434866029848512,5.421693882911062,1.0,0.0,0.04466353922354645,0.0,0
616,30,Compressed Normal,20.0,0.05,lower,0.8,MaxMin,500,1.5,2.0,0.9190693069306931,0.27504950495049507,5.499419501236654,6.492366720445294,0.9333333333333335,1.111334915764742e-16,0.0585649858754662,0.0,0
616,30,Compressed Normal,20.0,0.05,lower,0.8,MeanSD,500,1.5,2.0,0.9469306930693069,0.05403960396039604,0.7133884551948375,0.9093974558810249,0.8741333333333334,0.028969997302548046,0.0494540813827638,0.0,0
616,30,Compressed Normal,20.0,0.05,lower,0.8,MedianMAD,500,1.5,2.0,0.9360990099009902,0.06443564356435644,0.9569983287787036,1.2406805372985386,0.8654000000000001,0.050300322734119066,0.05096664980942628,0.0,0
616,30,Compressed Normal,20.0,0.05,lower,0.8,Percentile,500,1.5,2.0,0.9425148514851486,0.05748514851485149,0.8712090021697763,1.1039252790823166,0.8666666666666669,2.222669831529484e-16,3.577109260117764e-16,0.0,0
616,30,Compressed Normal,20.0,0.05,lower,0.8,QFactor,500,1.5,2.0,0.9550693069306929,0.3059009900990099,4.4345805207260085,5.419808660749214,0.9333333333333335,1.111334915764742e-16,0.04150713008906998,0.0,0
617,30,Compressed Normal,20.0,0.05,upper,0.8,MaxMin,500,1.5,2.0,0.9298019801980197,0.4948316831683168,14.516677098621727,14.802553721960683,1.0,0.0,0.04358423840238436,0.0,0
617,30,Compressed Normal,20.0,0.05,upper,0.8,MeanSD,500,1.5,2.0,0.9614257425742576,0.27601980198019804,5.787011394366482,6.8208180410363966,0.9996,0.0036331436523940512,0.03276880759894345,0.0,0
617,30,Compressed Normal,20.0,0.05,upper,0.8,MedianMAD,500,1.5,2.0,0.9386534653465347,0.06920792079207921,0.9865743152334432,1.289778914033295,0.9382666666666669,0.04846905827774843,0.05067576574487893,0.0,0
617,30,Compressed Normal,20.0,0.05,upper,0.8,Percentile,500,1.5,2.0,0.9397227722772278,0.09388118811881188,1.3261725116959644,1.930495171006451,0.9333333333333335,1.111334915764742e-16,6.980572439647287e-16,0.0,0
617,30,Compressed Normal,20.0,0.05,upper,0.8,QFactor,500,1.5,2.0,0.9807920792079208,0.4958613861386139,8.423573318590856,10.13390470208746,1.0,0.0,0.02128919345290848,0.0,0
618,30,Uniform,20.0,0.0,clean,0.8,MaxMin,500,0.0,0.0,0.8331089108910892,0.2575841584158416,3.7447999396153873,5.033126923667508,0.8893333333333335,0.057885243394198586,0.06153482901820301,0.013666666666666667,0
618,30,Uniform,20.0,0.0,clean,0.8,MeanSD,500,0.0,0.0,0.7729900990099009,0.22770297029702974,3.302392776287647,4.205248637413357,0.8653333333333335,0.05754573757207667,0.05509961365588063,0.006,0
618,30,Uniform,20.0,0.0,clean,0.8,MedianMAD,500,0.0,0.0,0.6503960396039604,0.35302970297029695,5.50361355237655,7.350423485396442,0.8708000000000001,0.06683865590327968,0.05955659522145551,0.027133333333333332,0
618,30,Uniform,20.0,0.0,clean,0.8,Percentile,500,0.0,0.0,0.7272079207920793,0.2817425742574257,4.239155014527943,5.434871378498936,0.8504666666666669,0.05035836835979751,0.015531543005484103,0.0022,0
618,30,Uniform,20.0,0.0,clean,0.8,QFactor,500,0.0,0.0,0.8867326732673267,0.280970297029703,4.09727476597275,5.491783164920209,0.8893333333333335,0.057885243394198586,0.059508187523020964,0.0084,0
619,30,Uniform,20.0,0.05,lower,0.8,MaxMin,500,1.5,2.0,0.8087722772277228,0.27881188118811884,4.095101430375462,5.49046633551555,0.8256,0.05652853611438134,0.05813675120295092,0.011866666666666666,0
619,30,Uniform,20.0,0.05,lower,0.8,MeanSD,500,1.5,2.0,0.7596633663366337,0.2406534653465346,3.4743067765720514,4.357310933942971,0.8026,0.05736665387718935,0.053504560423250386,0.0078,0
619,30,Uniform,20.0,0.05,lower,0.8,MedianMAD,500,1.5,2.0,0.6444158415841584,0.3583168316831683,5.635440875526559,7.54920632667941,0.8099333333333334,0.06974518624414652,0.05748609086968962,0.026933333333333333,0
619,30,Uniform,20.0,0.05,lower,0.8,Percentile,500,1.5,2.0,0.7140990099009901,0.2947920792079208,4.439393510474983,5.627509299205261,0.785,0.04962002131451306,0.016316128110929556,0.002533333333333333,0
619,30,Uniform,20.0,0.05,lower,0.8,QFactor,500,1.5,2.0,0.8711089108910891,0.292970297029703,4.335459280185033,5.870499534507681,0.8256,0.05652853611438134,0.057866338519088394,0.0086,0
620,30,Uniform,20.0,0.05,upper,0.8,MaxMin,500,1.5,2.0,0.8798019801980198,0.20257425742574256,2.981821860034895,4.256724708496677,0.8941333333333334,0.057299736936912815,0.05934689776573346,0.010333333333333333,0
620,30,Uniform,20.0,0.05,upper,0.8,MeanSD,500,1.5,2.0,0.7761188118811881,0.3175247524752475,4.686021277422719,5.839542242763266,0.8744000000000002,0.057620909636551004,0.054316979214156194,0.007666666666666666,0
620,30,Uniform,20.0,0.05,upper,0.8,MedianMAD,500,1.5,2.0,0.6346930693069307,0.38742574257425744,6.28258888327749,8.308894361879032,0.8765333333333333,0.06769731052045869,0.05917797305128025,0.025,0
620,30,Uniform,20.0,0.05,upper,0.8,Percentile,500,1.5,2.0,0.7134455445544555,0.34576237623762374,5.285695414050943,6.5692160694078305,0.8531333333333334,0.051617825515348645,0.015535884569148463,0.0019333333333333333,0
620,30,Uniform,20.0,0.05,upper,0.8,QFactor,500,1.5,2.0,0.9822178217821783,0.0525940594059406,0.7300280781812765,0.9747666039270428,0.8941333333333334,0.057299736936912815,0.05770771532245171,0.006933333333333333,0
621,30,Right-skewed,20.0,0.0,clean,0.8,MaxMin,500,0.0,0.0,0.8395445544554455,0.47952475247524756,11.425720636496372,15.056136780140545,0.6998,0.08325623688191328,0.06015184718155359,0.06093333333333333,0
621,30,Right-skewed,20.0,0.0,clean,0.8,MeanSD,500,0.0,0.0,0.8734455445544554,0.1275049504950495,1.9076923752236752,2.707604737597471,0.6994666666666666,0.08043900920409705,0.05249160602273226,0.0674,0
621,30,Right-skewed,20.0,0.0,clean,0.8,MedianMAD,500,0.0,0.0,0.8425544554455445,0.16039603960396043,2.5120552989479683,3.5146247826901944,0.7077333333333333,0.0833111259655126,0.05378082997786592,0.0928,0
621,30,Right-skewed,20.0,0.0,clean,0.8,Percentile,500,0.0,0.0,0.8421584158415841,0.16370297029702968,2.47922227976801,3.4057970176369095,0.6803999999999999,0.07832481228260224,0.024118524133204502,0.025133333333333334,0
621,30,Right-skewed,20.0,0.0,clean,0.8,QFactor,500,0.0,0.0,0.8605148514851486,0.5118415841584159,13.510463365795802,16.57003665731209,0.6994666666666666,0.08324139216670283,0.05620048534019073,0.025466666666666665,0
622,30,Right-skewed,20.0,0.05,lower,0.8,MaxMin,500,1.5,2.0,0.8305742574257426,0.4802376237623762,11.578440701379906,15.281860175336854,0.6554666666666665,0.0818070242882005,0.05881120162000227,0.0536,0
622,30,Right-skewed,20.0,0.05,lower,0.8,MeanSD,500,1.5,2.0,0.8658613861386139,0.1351881188118812,2.0176882054356966,2.8235706199459116,0.6551333333333332,0.07948204067321848,0.05183504821703855,0.06366666666666666,0
622,30,Right-skewed,20.0,0.05,lower,0.8,MedianMAD,500,1.5,2.0,0.837980198019802,0.16586138613861384,2.653533183732667,3.761945986966878,0.6623333333333332,0.08075228015597868,0.052331181596335936,0.08066666666666666,0
622,30,Right-skewed,20.0,0.05,lower,0.8,Percentile,500,1.5,2.0,0.8357623762376238,0.17542574257425742,2.661478745315356,3.5805352631360274,0.6315333333333333,0.07534588837274563,0.02374157386488627,0.020733333333333333,0
622,30,Right-skewed,20.0,0.05,lower,0.8,QFactor,500,1.5,2.0,0.8560990099009902,0.5125346534653465,13.705562857155904,16.844609026258272,0.6547999999999999,0.0817400390204779,0.05541181379345318,0.021933333333333332,0
623,30,Right-skewed,20.0,0.05,upper,0.8,MaxMin,500,1.5,2.0,0.9347524752475247,0.4695643564356436,6.625077568515868,7.2879359554024115,0.7221333333333333,0.08267343261039693,0.04656708057155561,0.05506666666666667,0
623,30,Right-skewed,20.0,0.05,upper,0.8,MeanSD,500,1.5,2.0,0.8849108910891089,0.4282376237623762,8.699740286153421,11.520939439942811,0.7561333333333333,0.07842345474592634,0.047360059366040104,0.2084,0
623,30,Right-skewed,20.0,0.05,upper,0.8,MedianMAD,500,1.5,2.0,0.8205346534653465,0.19279207920792077,3.1682803720821426,4.610363749873722,0.7330666666666666,0.08238225472764293,0.05248024089513871,0.0982,0
623,30,Right-skewed,20.0,0.05,upper,0.8,Percentile,500,1.5,2.0,0.8040990099009903,0.4152871287128713,6.224654735361923,10.923764384505535,0.6972666666666667,0.07796164607510353,0.023710889389381533,0.0186,0
623,30,Right-skewed,20.0,0.05,upper,0.8,QFactor,500,1.5,2.0,0.981168316831683,0.2922970297029703,4.126587058995247,4.978986370423799,0.7221333333333333,0.08267343261039693,0.04293567573481103,0.0244,0
624,30,Left-skewed,20.0,0.0,clean,0.8,MaxMin,500,0.0,0.0,0.7746138613861385,0.5382970297029703,11.807271723532821,14.677233073030429,0.9999333333333333,0.0014907119849998595,0.05768086075451769,0.0,0
624,30,Left-skewed,20.0,0.0,clean,0.8,MeanSD,500,0.0,0.0,0.8484158415841584,0.1515841584158416,2.2163252620173366,2.8695585786383506,0.9173333333333334,0.03009670452468995,0.052416789855614196,0.0,0
624,30,Left-skewed,20.0,0.0,clean,0.8,MedianMAD,500,0.0,0.0,0.796930693069307,0.20554455445544556,3.1327346388127406,4.02177881896516,0.8972,0.0600688390076614,0.05337341711381271,0.0,0
624,30,Left-skewed,20.0,0.0,clean,0.8,Percentile,500,0.0,0.0,0.8226336633663366,0.18443564356435643,2.7317322886648636,3.5066312570211564,0.9333333333333335,1.111334915764742e-16,6.980572439647287e-16,0.0,0
624,30,Left-skewed,20.0,0.0,clean,0.8,QFactor,500,0.0,0.0,0.9334059405940595,0.21635643564356435,3.147147937327586,4.061164685746966,0.9999333333333333,0.0014907119849998595,0.04865535397385967,0.0,0
625,30,Left-skewed,20.0,0.05,lower,0.8,MaxMin,500,1.5,2.0,0.7647524752475247,0.5380396039603961,12.016133269711222,15.008638751413804,0.9332,0.0021060716374689077,0.056049662884341184,0.0,0
625,30,Left-skewed,20.0,0.05,lower,0.8,MeanSD,500,1.5,2.0,0.8407722772277229,0.15922772277227723,2.3414985386278384,3.0022067090367153,0.8584000000000002,0.02875150175664011,0.051517348225852425,0.0,0
625,30,Left-skewed,20.0,0.05,lower,0.8,MedianMAD,500,1.5,2.0,0.7917029702970296,0.21166336633663366,3.2535237519655578,4.206233753929027,0.8414,0.058591004528197384,0.05237571397309414,0.0,0
625,30,Left-skewed,20.0,0.05,lower,0.8,Percentile,500,1.5,2.0,0.8178811881188118,0.19178217821782176,2.8544714792930064,3.6764230962061126,0.8666000000000004,0.0014907119849998593,0.0003726779962502636,0.0,0
625,30,Left-skewed,20.0,0.05,lower,0.8,QFactor,500,1.5,2.0,0.9357623762376238,0.2242376237623762,3.261820808887487,4.168315642744042,0.9332,0.0021060716374689077,0.04635390964828161,0.0,0
626,30,Left-skewed,20.0,0.05,upper,0.8,MaxMin,500,1.5,2.0,0.7975643564356436,0.6266336633663366,14.168216150908998,16.514991658615536,1.0,0.0,0.05509457040753997,0.0,0
626,30,Left-skewed,20.0,0.05,upper,0.8,MeanSD,500,1.5,2.0,0.8568118811881188,0.19835643564356434,2.8879542725167506,3.5314752519939634,0.9256666666666667,0.029640088519987975,0.05008128110208401,0.0,0
626,30,Left-skewed,20.0,0.05,upper,0.8,MedianMAD,500,1.5,2.0,0.7937623762376239,0.22075247524752467,3.36246680955019,4.241279683112628,0.9084000000000001,0.05643313109743076,0.05185139962037554,0.0,0
626,30,Left-skewed,20.0,0.05,upper,0.8,Percentile,500,1.5,2.0,0.8183168316831684,0.21411881188118814,3.2613075561181097,4.105182516247996,0.9333333333333335,1.111334915764742e-16,6.980572439647287e-16,0.0,0
626,30,Left-skewed,20.0,0.05,upper,0.8,QFactor,500,1.5,2.0,0.9813069306930693,0.027168316831683165,0.4428319109541183,0.643170991200276,1.0,0.0,0.045889735258690244,0.0,0
627,30,Bimodal,20.0,0.0,clean,0.8,MaxMin,500,0.0,0.0,0.831128712871287,0.29348514851485147,4.362769980851355,5.7443290785701135,0.9150666666666668,0.05033506082053267,0.06269812112552439,0.0086,0
627,30,Bimodal,20.0,0.0,clean,0.8,MeanSD,500,0.0,0.0,0.7885742574257426,0.21180198019801982,3.0594706004368524,3.878533471887328,0.8857333333333335,0.055078495028118346,0.05715452489404929,0.005,0
627,30,Bimodal,20.0,0.0,clean,0.8,MedianMAD,500,0.0,0.0,0.6635247524752477,0.34368316831683166,5.340221781755274,7.200987223361063,0.8934666666666669,0.0707624915897365,0.061133569901617196,0.022466666666666666,0
627,30,Bimodal,20.0,0.0,clean,0.8,Percentile,500,0.0,0.0,0.7458613861386137,0.26190099009900986,3.9510016405675725,5.081844937606651,0.8716666666666667,0.04420932576419374,0.013248517785763816,0.0008,0
627,30,Bimodal,20.0,0.0,clean,0.8,QFactor,500,0.0,0.0,0.8902772277227723,0.3334059405940594,5.043039848064475,6.524122323840246,0.9150666666666668,0.05033506082053267,0.061285518474626585,0.006666666666666667,0
628,30,Bimodal,20.0,0.05,lower,0.8,MaxMin,500,1.5,2.0,0.8221782178217821,0.30687128712871287,4.5783274575920325,5.9348606284368906,0.8583333333333335,0.04816263363393985,0.058022049588699665,0.007666666666666666,0
628,30,Bimodal,20.0,0.05,lower,0.8,MeanSD,500,1.5,2.0,0.778019801980198,0.22207920792079208,3.224641895783455,4.08644593886661,0.8295333333333336,0.05276800411091016,0.05289858626180473,0.004266666666666667,0
628,30,Bimodal,20.0,0.05,lower,0.8,MedianMAD,500,1.5,2.0,0.6605544554455445,0.34859405940594057,5.407112570098456,7.243883946198565,0.8358666666666668,0.06631691824163662,0.05835551614610171,0.021866666666666666,0
628,30,Bimodal,20.0,0.05,lower,0.8,Percentile,500,1.5,2.0,0.7424554455445544,0.2661584158415841,4.0626763202394125,5.212068448748898,0.8103333333333335,0.042546162075683125,0.01398375904487759,0.001,0
628,30,Bimodal,20.0,0.05,lower,0.8,QFactor,500,1.5,2.0,0.8867722772277227,0.3418019801980198,5.155527380415465,6.657477110991442,0.8583333333333335,0.04816263363393985,0.05768070996628681,0.006666666666666667,0
629,30,Bimodal,20.0,0.05,upper,0.8,MaxMin,500,1.5,2.0,0.8883960396039603,0.2577227722772277,3.737221275862013,4.807270980783508,0.9244000000000001,0.04844700198961066,0.05840633005091035,0.006266666666666667,0
629,30,Bimodal,20.0,0.05,upper,0.8,MeanSD,500,1.5,2.0,0.783207920792079,0.31653465346534654,4.608025663019033,5.663874674903805,0.9023333333333334,0.05074703572012724,0.05210881314464777,0.006866666666666667,0
629,30,Bimodal,20.0,0.05,upper,0.8,MedianMAD,500,1.5,2.0,0.628039603960396,0.3928316831683168,6.136597463838151,7.918096219032868,0.9018,0.06524096779531133,0.05945579047020198,0.020733333333333333,0
629,30,Bimodal,20.0,0.05,upper,0.8,Percentile,500,1.5,2.0,0.7298415841584158,0.32669306930693065,4.965339928619983,6.165241371913837,0.8753333333333335,0.04361222620747266,0.012924701380632186,0.0003333333333333333,0
629,30,Bimodal,20.0,0.05,upper,0.8,QFactor,500,1.5,2.0,0.9825940594059405,0.02057425742574258,0.3320979888727728,0.4975506568689909,0.9244000000000001,0.04844700198961066,0.0568335772891216,0.005933333333333333,0
630,40,Normal,20.0,0.0,clean,0.8,MaxMin,500,0.0,0.0,0.7786534653465347,0.5038019801980198,9.08226654971916,10.870719230435776,0.99975,0.0024899597987917813,0.05500951080797377,0.0,0
630,40,Normal,20.0,0.0,clean,0.8,MeanSD,500,0.0,0.0,0.8777029702970297,0.12304950495049506,1.7834830414628366,2.2450814721913006,0.93655,0.024780549858762296,0.04463967872320469,0.0,0
630,40,Normal,20.0,0.0,clean,0.8,MedianMAD,500,0.0,0.0,0.8331485148514851,0.16724752475247523,2.496597351263401,3.1898052652609308,0.93065,0.046055071808418196,0.04672630721773408,0.0,0
630,40,Normal,20.0,0.0,clean,0.8,Percentile,500,0.0,0.0,0.8523366336633663,0.1512079207920792,2.2268330169564146,2.7907855339839047,0.9250000000000003,2.222669831529484e-16,6.32071733341197e-16,0.0,0
630,40,Normal,20.0,0.0,clean,0.8,QFactor,500,0.0,0.0,0.8855445544554456,0.38382178217821783,6.130821208765876,7.765488780326278,0.99975,0.0024899597987917813,0.04802019921966874,0.0,0
631,40,Normal,20.0,0.05,lower,0.8,MaxMin,500,2.0,2.0,0.7566732673267328,0.4990891089108911,9.051859361520318,10.906972963105972,0.94955,0.0033271067428859327,0.05312210992039962,0.0,0
631,40,Normal,20.0,0.05,lower,0.8,MeanSD,500,2.0,2.0,0.8677029702970298,0.13255445544554456,1.9228554243659215,2.4325169803323705,0.8886000000000001,0.025570445740948324,0.04358403542376135,0.0,0
631,40,Normal,20.0,0.05,lower,0.8,MedianMAD,500,2.0,2.0,0.8214257425742574,0.1786534653465347,2.639204841700898,3.309790313599215,0.8813000000000001,0.04698110736134043,0.04461641935340887,0.0,0
631,40,Normal,20.0,0.05,lower,0.8,Percentile,500,2.0,2.0,0.8458415841584159,0.15625742574257426,2.313793829482733,2.9164404046673296,0.875,0.0,4.1501413260589586e-16,0.0,0
631,40,Normal,20.0,0.05,lower,0.8,QFactor,500,2.0,2.0,0.8764158415841584,0.37374257425742574,5.961669472603171,7.643833235099792,0.94955,0.0033271067428859327,0.04674099627595084,0.0,0
632,40,Normal,20.0,0.05,upper,0.8,MaxMin,500,2.0,2.0,0.824891089108911,0.5465148514851486,10.45022040587013,12.22818147004663,0.9995499999999999,0.0033271067428859474,0.04916718238096603,0.0,0
632,40,Normal,20.0,0.05,upper,0.8,MeanSD,500,2.0,2.0,0.8830891089108912,0.21445544554455442,2.9959349192286124,3.6270469054063184,0.9542999999999999,0.025204772586203662,0.04173608668153087,0.0,0
632,40,Normal,20.0,0.05,upper,0.8,MedianMAD,500,2.0,2.0,0.8252871287128712,0.18207920792079207,2.6746647424410814,3.401390668898548,0.93445,0.04487175558074138,0.043996383165632605,0.0,0
632,40,Normal,20.0,0.05,upper,0.8,Percentile,500,2.0,2.0,0.8416831683168318,0.18778217821782178,2.7222761045442185,3.4981241791988147,0.9249,0.001579553728101683,0.0007897768640512634,0.0,0
632,40,Normal,20.0,0.05,upper,0.8,QFactor,500,2.0,2.0,0.9805346534653464,0.025366336633663365,0.5070014057089111,0.7349857829992722,0.9995499999999999,0.0033271067428859474,0.039499548777801534,0.0,0
633,40,Compressed Normal,20.0,0.0,clean,0.8,MaxMin,500,0.0,0.0,0.9163168316831684,0.26817821782178214,5.1488453188557886,6.087831559941653,1.0,0.0,0.05735583251672197,0.0,0
633,40,Compressed Normal,20.0,0.0,clean,0.8,MeanSD,500,0.0,0.0,0.9535445544554455,0.046495049504950495,0.6018507376537523,0.7647037420951676,0.93515,0.025089569006778306,0.045789574394616964,0.0,0
633,40,Compressed Normal,20.0,0.0,clean,0.8,MedianMAD,500,0.0,0.0,0.940930693069307,0.059247524752475245,0.8406197185853772,1.076460952569201,0.928,0.04863878558235034,0.04710234704378942,0.0,0
633,40,Compressed Normal,20.0,0.0,clean,0.8,Percentile,500,0.0,0.0,0.9487326732673268,0.05126732673267328,0.745381489181422,0.9333604044495494,0.9250000000000003,2.222669831529484e-16,6.32071733341197e-16,0.0,0
633,40,Compressed Normal,20.0,0.0,clean,0.8,QFactor,500,0.0,0.0,0.9538217821782178,0.293029702970297,4.211612252922521,5.153080614967318,1.0,0.0,0.04234589587372525,0.0,0
634,40,Compressed Normal,20.0,0.05,lower,0.8,MaxMin,500,2.0,2.0,0.9236831683168317,0.27073267326732675,5.23669406829185,6.169084594470934,0.9499999999999997,2.222669831529484e-16,0.053241628112903366,0.0,0
634,40,Compressed Normal,20.0,0.05,lower,0.8,MeanSD,500,2.0,2.0,0.9548712871287129,0.045306930693069306,0.6041615862257828,0.7664276725150534,0.8850500000000001,0.024879418621460682,0.04412630038849029,0.0,0
634,40,Compressed Normal,20.0,0.05,lower,0.8,MedianMAD,500,2.0,2.0,0.943069306930693,0.05722772277227723,0.8271482693673294,1.050223552965902,0.87865,0.0451886216103799,0.04524555684695522,0.0,0
634,40,Compressed Normal,20.0,0.05,lower,0.8,Percentile,500,2.0,2.0,0.9496039603960396,0.05067326732673268,0.7573859568024217,0.9540053162104446,0.875,0.0,4.1501413260589586e-16,0.0,0
634,40,Compressed Normal,20.0,0.05,lower,0.8,QFactor,500,2.0,2.0,0.957089108910891,0.29936633663366335,4.2966004897998396,5.253560109566083,0.9499999999999997,2.222669831529484e-16,0.040049264991879996,0.0,0
635,40,Compressed Normal,20.0,0.05,upper,0.8,MaxMin,500,2.0,2.0,0.9315247524752476,0.4945346534653466,14.308740184498431,14.62066648175626,1.0,0.0,0.04094970906263365,0.0,0
635,40,Compressed Normal,20.0,0.05,upper,0.8,MeanSD,500,2.0,2.0,0.964891089108911,0.24194059405940593,4.734007839745872,5.562314882592768,0.9989000000000001,0.005132512578722193,0.03107676694904942,0.0,0
635,40,Compressed Normal,20.0,0.05,upper,0.8,MedianMAD,500,2.0,2.0,0.9438019801980196,0.06186138613861386,0.8842778168110468,1.1374915791300222,0.9347000000000001,0.0449995546626817,0.044410861657247926,0.0,0
635,40,Compressed Normal,20.0,0.05,upper,0.8,Percentile,500,2.0,2.0,0.947920792079208,0.06603960396039603,0.9212888716904384,1.2232727858122847,0.9250000000000003,2.222669831529484e-16,6.32071733341197e-16,0.0,0
635,40,Compressed Normal,20.0,0.05,upper,0.8,QFactor,500,2.0,2.0,0.9813861386138615,0.4963762376237624,8.446500507397046,10.16077525319007,1.0,0.0,0.01958803116680383,0.0,0
636,40,Uniform,20.0,0.0,clean,0.8,MaxMin,500,0.0,0.0,0.8532277227722771,0.2207722772277228,3.1831533639694807,4.330599093779628,0.88695,0.05166028523092261,0.05368850075608321,0.0151,0
636,40,Uniform,20.0,0.0,clean,0.8,MeanSD,500,0.0,0.0,0.7946534653465346,0.20542574257425741,2.9511141356929365,3.773086493844097,0.8652000000000001,0.05078501980380579,0.0474867886928678,0.0056,0
636,40,Uniform,20.0,0.0,clean,0.8,MedianMAD,500,0.0,0.0,0.6751683168316832,0.3260198019801981,5.011099073498819,6.769932431318563,0.8743500000000001,0.0591847376131099,0.05303203900031782,0.0264,0
636,40,Uniform,20.0,0.0,clean,0.8,Percentile,500,0.0,0.0,0.752138613861386,0.25203960396039604,3.7219520852338177,4.793431855946385,0.8421,0.04279313619039881,0.014097723742218835,0.002,0
636,40,Uniform,20.0,0.0,clean,0.8,QFactor,500,0.0,0.0,0.900930693069307,0.24023762376237626,3.429710518113968,4.645163144890237,0.88695,0.05166028523092261,0.05193747874943806,0.00735,0
637,40,Uniform,20.0,0.05,lower,0.8,MaxMin,500,2.0,2.0,0.8385148514851485,0.23776237623762372,3.440303345820176,4.69212573525793,0.83875,0.046492047933405604,0.05250344908454306,0.01575,0
637,40,Uniform,20.0,0.05,lower,0.8,MeanSD,500,2.0,2.0,0.7881386138613863,0.21201980198019799,3.0526138096302,3.852731613573394,0.8162,0.04711155906989272,0.0461002976378337,0.00665,0
637,40,Uniform,20.0,0.05,lower,0.8,MedianMAD,500,2.0,2.0,0.6669504950495049,0.3338019801980197,5.068757163821292,6.67571584025472,0.82295,0.05851406062290637,0.051018143189734015,0.02955,0
637,40,Uniform,20.0,0.05,lower,0.8,Percentile,500,2.0,2.0,0.7451287128712871,0.2606930693069307,3.8411426398370474,4.872177973821068,0.79295,0.03996550993003761,0.013329629266315915,0.00175,0
637,40,Uniform,20.0,0.05,lower,0.8,QFactor,500,2.0,2.0,0.8893663366336635,0.25633663366336634,3.7130087499379365,5.066765995985777,0.83875,0.046492047933405604,0.050308922384807636,0.00845,0
638,40,Uniform,20.0,0.05,upper,0.8,MaxMin,500,2.0,2.0,0.9028316831683167,0.16293069306930696,2.370070249058726,3.4043989375226302,0.8926000000000001,0.048217110858689134,0.051825458690443,0.0155,0
638,40,Uniform,20.0,0.05,upper,0.8,MeanSD,500,2.0,2.0,0.8197425742574257,0.237980198019802,3.4517618600190634,4.2778661233321,0.8735,0.04834692182238078,0.04595199074190155,0.0083,0
638,40,Uniform,20.0,0.05,upper,0.8,MedianMAD,500,2.0,2.0,0.6896039603960396,0.3166732673267327,4.787105712918197,6.351774902659278,0.88005,0.05549239869230065,0.0508633834794887,0.03035,0
638,40,Uniform,20.0,0.05,upper,0.8,Percentile,500,2.0,2.0,0.7564356435643563,0.2758217821782178,4.067953662823979,5.091360151074972,0.8459,0.041159180705070235,0.013961237596203671,0.00195,0
638,40,Uniform,20.0,0.05,upper,0.8,QFactor,500,2.0,2.0,0.9800000000000001,0.05176237623762376,0.7077823343507674,0.9632058292598639,0.8926000000000001,0.048217110858689134,0.04998206390706286,0.00875,0
639,40,Right-skewed,20.0,0.0,clean,0.8,MaxMin,500,0.0,0.0,0.8421188118811881,0.47221782178217825,10.821261597340003,14.258655871151904,0.6952999999999999,0.06978646215851038,0.051822586113093705,0.0688,0
639,40,Right-skewed,20.0,0.0,clean,0.8,MeanSD,500,0.0,0.0,0.8890495049504952,0.11209900990099009,1.628664387223826,2.2598304009328163,0.6953499999999999,0.06902286441189794,0.04636400616930132,0.0683,0
639,40,Right-skewed,20.0,0.0,clean,0.8,MedianMAD,500,0.0,0.0,0.8574059405940595,0.1447920792079208,2.1964488635609682,3.088458277005987,0.70575,0.06937444144822,0.047683385995672525,0.0978,0
639,40,Right-skewed,20.0,0.0,clean,0.8,Percentile,500,0.0,0.0,0.8567524752475248,0.148019801980198,2.1770986669600365,2.9597651173155404,0.6804000000000001,0.06037906311400543,0.020748950182844873,0.02595,0
639,40,Right-skewed,20.0,0.0,clean,0.8,QFactor,500,0.0,0.0,0.8642772277227723,0.5045148514851485,12.720245254939046,15.617053320774827,0.6949,0.07009862791289528,0.048776660602358204,0.0243,0
640,40,Right-skewed,20.0,0.05,lower,0.8,MaxMin,500,2.0,2.0,0.8391287128712872,0.47342574257425746,10.961060515538437,14.450791231383281,0.6643,0.07222147799489799,0.05216538906299537,0.0631,0
640,40,Right-skewed,20.0,0.05,lower,0.8,MeanSD,500,2.0,2.0,0.8912079207920792,0.108990099009901,1.5936732475541786,2.2411056974511503,0.66395,0.07151486735291487,0.045260884785461676,0.06195,0
640,40,Right-skewed,20.0,0.05,lower,0.8,MedianMAD,500,2.0,2.0,0.85809900990099,0.14467326732673266,2.212801030796276,3.074061315521078,0.67005,0.07098821136149726,0.04576903992783859,0.0835,0
640,40,Right-skewed,20.0,0.05,lower,0.8,Percentile,500,2.0,2.0,0.8586336633663367,0.14976237623762376,2.180426425670951,2.951700765506416,0.64795,0.06350285604168447,0.020819755839907198,0.02145,0
640,40,Right-skewed,20.0,0.05,lower,0.8,QFactor,500,2.0,2.0,0.8609900990099011,0.5057227722772277,12.911005076676682,15.865124599531873,0.6636500000000001,0.07247712305778609,0.04899839565012251,0.02345,0
641,40,Right-skewed,20.0,0.05,upper,0.8,MaxMin,500,2.0,2.0,0.944,0.4474059405940594,6.321115526676099,6.981826049843259,0.7133999999999998,0.0705542046343318,0.040172166996203164,0.0648,0
641,40,Right-skewed,20.0,0.05,upper,0.8,MeanSD,500,2.0,2.0,0.898118811881188,0.3666138613861386,6.86701157682254,9.095707027413034,0.7436,0.06400964356202803,0.040405484084422856,0.2023,0
641,40,Right-skewed,20.0,0.05,upper,0.8,MedianMAD,500,2.0,2.0,0.8448712871287128,0.16374257425742572,2.55144525078287,3.724507815416621,0.7233499999999999,0.06715688792067706,0.0450334636791253,0.10205,0
641,40,Right-skewed,20.0,0.05,upper,0.8,Percentile,500,2.0,2.0,0.8184158415841584,0.2243960396039604,3.33854129236346,5.332611660400812,0.6941,0.05974805151064457,0.020327520279227112,0.0227,0
641,40,Right-skewed,20.0,0.05,upper,0.8,QFactor,500,2.0,2.0,0.9816237623762377,0.293029702970297,4.1307640180600504,4.9833944147781315,0.7133999999999998,0.0705542046343318,0.03690346146336474,0.02375,0
642,40,Left-skewed,20.0,0.0,clean,0.8,MaxMin,500,0.0,0.0,0.7818217821782179,0.524990099009901,11.050834772387383,13.76423501215139,1.0,0.0,0.050064975938018216,0.0,0
642,40,Left-skewed,20.0,0.0,clean,0.8,MeanSD,500,0.0,0.0,0.8707920792079208,0.1297029702970297,1.874880686956068,2.4317789529685436,0.9172000000000001,0.025405725768094224,0.044510830967998155,0.0,0
642,40,Left-skewed,20.0,0.0,clean,0.8,MedianMAD,500,0.0,0.0,0.8153663366336635,0.18518811881188119,2.7642615330825304,3.5727189676273583,0.9007999999999999,0.053643408080219154,0.04807412108266004,0.0,0
642,40,Left-skewed,20.0,0.0,clean,0.8,Percentile,500,0.0,0.0,0.8453069306930694,0.1585940594059406,2.297905148443765,2.980732534035093,0.9250000000000003,2.222669831529484e-16,6.32071733341197e-16,0.0,0
642,40,Left-skewed,20.0,0.0,clean,0.8,QFactor,500,0.0,0.0,0.9431287128712871,0.19354455445544555,2.8000883503909657,3.5923200177202093,1.0,0.0,0.04213603253820824,0.0,0
643,40,Left-skewed,20.0,0.05,lower,0.8,MaxMin,500,2.0,2.0,0.7914059405940594,0.5328514851485149,11.473957445326375,14.22946466672876,0.9498999999999999,0.001579553728101676,0.04959774876596336,0.0,0
643,40,Left-skewed,20.0,0.05,lower,0.8,MeanSD,500,2.0,2.0,0.8645742574257426,0.13592079207920793,1.9800296363075,2.568541247165912,0.8711499999999999,0.0241369568374048,0.04339031413515938,0.0,0
643,40,Left-skewed,20.0,0.05,lower,0.8,MedianMAD,500,2.0,2.0,0.8166534653465349,0.18562376237623762,2.7901841982889595,3.6683902900828067,0.85995,0.04969594423841341,0.04612660532066065,0.0,0
643,40,Left-skewed,20.0,0.05,lower,0.8,Percentile,500,2.0,2.0,0.840990099009901,0.16487128712871288,2.4150087065170265,3.136006726111842,0.87495,0.0011180339887498958,0.00027950849718768776,0.0,0
643,40,Left-skewed,20.0,0.05,lower,0.8,QFactor,500,2.0,2.0,0.940970297029703,0.1947920792079208,2.8263576767370844,3.6381240361925227,0.9498999999999999,0.001579553728101676,0.042021461201919186,0.0,0
644,40,Left-skewed,20.0,0.05,upper,0.8,MaxMin,500,2.0,2.0,0.7989900990099009,0.6085346534653465,13.008469108487065,15.181635958780372,1.0,0.0,0.04896270425769965,0.0,0
644,40,Left-skewed,20.0,0.05,upper,0.8,MeanSD,500,2.0,2.0,0.8718811881188119,0.16148514851485146,2.307739635428211,2.848022813447337,0.9235500000000001,0.025306686008117023,0.0429014385702087,0.0,0
644,40,Left-skewed,20.0,0.05,upper,0.8,MedianMAD,500,2.0,2.0,0.8127920792079206,0.19239603960396037,2.8614751072060183,3.6425975741068215,0.9055,0.05057039380367645,0.04521948458730547,0.0,0
644,40,Left-skewed,20.0,0.05,upper,0.8,Percentile,500,2.0,2.0,0.8406732673267326,0.17778217821782177,2.616434459042518,3.30021706324093,0.9250000000000003,2.222669831529484e-16,6.32071733341197e-16,0.0,0
644,40,Left-skewed,20.0,0.05,upper,0.8,QFactor,500,2.0,2.0,0.9838415841584158,0.024356435643564357,0.414381960308718,0.6044390983762146,1.0,0.0,0.04035368986063492,0.0,0
645,40,Bimodal,20.0,0.0,clean,0.8,MaxMin,500,0.0,0.0,0.8448316831683169,0.263960396039604,3.8709082706892155,5.096626135066507,0.91565,0.04492063252507589,0.05460019885902376,0.01095,0
645,40,Bimodal,20.0,0.0,clean,0.8,MeanSD,500,0.0,0.0,0.8046534653465346,0.19653465346534651,2.8396337955379094,3.5714185429168475,0.8849000000000001,0.048931365780184685,0.04842675924426143,0.0035,0
645,40,Bimodal,20.0,0.0,clean,0.8,MedianMAD,500,0.0,0.0,0.6845742574257428,0.31754455445544555,4.82344815877713,6.483489796785189,0.8944,0.06013211906699259,0.05450903876744545,0.023,0
645,40,Bimodal,20.0,0.0,clean,0.8,Percentile,500,0.0,0.0,0.7714653465346535,0.23180198019801979,3.4575222945650705,4.493002254380283,0.8603,0.04021373258698022,0.014224767420099454,0.0007,0
645,40,Bimodal,20.0,0.0,clean,0.8,QFactor,500,0.0,0.0,0.8975049504950494,0.29968316831683167,4.409072062427605,5.743474855976682,0.91565,0.04492063252507589,0.052875177228904606,0.00735,0
646,40,Bimodal,20.0,0.05,lower,0.8,MaxMin,500,2.0,2.0,0.8352079207920792,0.27629702970297026,4.0756881754937595,5.367561882371059,0.8675999999999999,0.041607720495235256,0.05239190634421688,0.00935,0
646,40,Bimodal,20.0,0.05,lower,0.8,MeanSD,500,2.0,2.0,0.8023960396039604,0.19778217821782176,2.8604052573388605,3.624657953642891,0.84005,0.045402315364758236,0.047114728546044635,0.0032,0
646,40,Bimodal,20.0,0.05,lower,0.8,MedianMAD,500,2.0,2.0,0.6822970297029703,0.3211683168316831,4.854876995520184,6.459679704183148,0.8486500000000001,0.05628733452612686,0.05283929501342703,0.023,0
646,40,Bimodal,20.0,0.05,lower,0.8,Percentile,500,2.0,2.0,0.7657821782178217,0.2374851485148515,3.5328950008801856,4.5383962287143875,0.81255,0.03579539244428646,0.011761464875012857,0.0005,0
646,40,Bimodal,20.0,0.05,lower,0.8,QFactor,500,2.0,2.0,0.8948910891089109,0.31081188118811875,4.613032935849628,6.014108575739652,0.8675999999999999,0.041607720495235256,0.05061870554643823,0.0057,0
647,40,Bimodal,20.0,0.05,upper,0.8,MaxMin,500,2.0,2.0,0.9067128712871287,0.21849504950495047,3.1188112948420628,4.0373063090917025,0.9189,0.043116215233158665,0.05121368205741532,0.0109,0
647,40,Bimodal,20.0,0.05,upper,0.8,MeanSD,500,2.0,2.0,0.8173663366336635,0.25586138613861387,3.68081238432578,4.54766780250326,0.8956500000000001,0.04829069768564057,0.04613235942040997,0.00585,0
647,40,Bimodal,20.0,0.05,upper,0.8,MedianMAD,500,2.0,2.0,0.6856237623762377,0.32485148514851486,4.87759162999444,6.3938120981242665,0.901,0.05784195175446218,0.052038454839007695,0.02395,0
647,40,Bimodal,20.0,0.05,upper,0.8,Percentile,500,2.0,2.0,0.7657029702970297,0.26627722772277224,3.960253569275195,4.9669526168907945,0.86365,0.03701577819891598,0.013646469210154723,0.00095,0
647,40,Bimodal,20.0,0.05,upper,0.8,QFactor,500,2.0,2.0,0.980118811881188,0.021267326732673265,0.33940727602578286,0.5054671261302092,0.9189,0.043116215233158665,0.04948228829620122,0.00695,0
648,50,Normal,20.0,0.0,clean,0.8,MaxMin,500,0.0,0.0,0.7727326732673266,0.48726732673267326,8.596787619369145,10.349743912906343,0.99968,0.002512015215097587,0.05181123000227805,0.0,0
648,50,Normal,20.0,0.0,clean,0.8,MeanSD,500,0.0,0.0,0.8855643564356435,0.11443564356435644,1.6338575545348877,2.053821481868465,0.935,0.02354801516128421,0.04026698531698354,0.0,0
648,50,Normal,20.0,0.0,clean,0.8,MedianMAD,500,0.0,0.0,0.851861386138614,0.1482970297029703,2.1641521962701242,2.7770466157926292,0.9323599999999999,0.04157267099848042,0.041822359844763304,0.0,0
648,50,Normal,20.0,0.0,clean,0.8,Percentile,500,0.0,0.0,0.8651287128712871,0.13657425742574258,2.0069032705937175,2.5621592763363252,0.91996,0.0008944271909999168,0.00044721359550055914,0.0,0
648,50,Normal,20.0,0.0,clean,0.8,QFactor,500,0.0,0.0,0.8858811881188119,0.35932673267326737,5.634351423079402,7.203570136095921,0.99968,0.002512015215097587,0.04444035833505494,0.0,0
649,50,Normal,20.0,0.05,lower,0.8,MaxMin,500,2.5,2.0,0.7775247524752475,0.4895841584158415,8.591919154210613,10.330049134424938,0.9597600000000002,0.0021798861914364338,0.04893169509987633,0.0,0
649,50,Normal,20.0,0.05,lower,0.8,MeanSD,500,2.5,2.0,0.8871485148514852,0.11316831683168317,1.6325904215234182,2.086062162011554,0.898,0.022383074051792264,0.03957145133241405,0.0,0
649,50,Normal,20.0,0.05,lower,0.8,MedianMAD,500,2.5,2.0,0.8494059405940595,0.1505940594059406,2.210994000964805,2.82172371880414,0.8940400000000001,0.03909392625639283,0.04070553682556005,0.0,0
649,50,Normal,20.0,0.05,lower,0.8,Percentile,500,2.5,2.0,0.8612871287128714,0.1400990099009901,2.0584501887428703,2.6115450795670685,0.8798800000000003,0.0015460856255469974,0.00038652140638746716,0.0,0
649,50,Normal,20.0,0.05,lower,0.8,QFactor,500,2.5,2.0,0.8935247524752477,0.36594059405940593,5.716213182369834,7.2297475993900955,0.9597600000000002,0.0021798861914364338,0.0427787110757024,0.0,0
650,50,Normal,20.0,0.05,upper,0.8,MaxMin,500,2.5,2.0,0.8140990099009902,0.5228910891089109,9.704262985334374,11.480196408238003,0.9994400000000001,0.003302758912313424,0.046552024976067335,0.0,0
650,50,Normal,20.0,0.05,upper,0.8,MeanSD,500,2.5,2.0,0.8936435643564355,0.1848910891089109,2.5452404874254406,3.1109121668641233,0.9522,0.022489365110784518,0.038476020232491887,0.0,0
650,50,Normal,20.0,0.05,upper,0.8,MedianMAD,500,2.5,2.0,0.8453861386138614,0.162019801980198,2.3247832356994116,2.937198137691067,0.9328399999999999,0.042231521436074386,0.04049693175832865,0.0,0
650,50,Normal,20.0,0.05,upper,0.8,Percentile,500,2.5,2.0,0.8555643564356437,0.16443564356435642,2.3651084926392576,3.0677656773605824,0.9198400000000001,0.0017834689576906291,0.0008917344788459142,0.0,0
650,50,Normal,20.0,0.05,upper,0.8,QFactor,500,2.5,2.0,0.9814455445544555,0.025445544554455447,0.5181519800381915,0.7388670043513933,0.9994400000000001,0.003302758912313424,0.03595027488982955,0.0,0
651,50,Compressed Normal,20.0,0.0,clean,0.8,MaxMin,500,0.0,0.0,0.9232475247524752,0.2663762376237624,5.0449848766050955,5.95070793107126,1.0,0.0,0.05098679256233023,0.0,0
651,50,Compressed Normal,20.0,0.0,clean,0.8,MeanSD,500,0.0,0.0,0.9575445544554456,0.04245544554455446,0.523166178904946,0.6734487584141623,0.9360799999999999,0.022980204080014544,0.0395546609681169,0.0,0
651,50,Compressed Normal,20.0,0.0,clean,0.8,MedianMAD,500,0.0,0.0,0.9454653465346534,0.05467326732673267,0.7589317190689298,0.9696642090070365,0.9323199999999999,0.04112907489359815,0.0409731171021842,0.0,0
651,50,Compressed Normal,20.0,0.0,clean,0.8,Percentile,500,0.0,0.0,0.9536435643564356,0.04635643564356436,0.6626871724198325,0.8428110958706567,0.9200000000000002,1.111334915764742e-16,1.4516812337176945e-15,0.0,0
651,50,Compressed Normal,20.0,0.0,clean,0.8,QFactor,500,0.0,0.0,0.9555841584158414,0.28706930693069305,4.086207751968602,4.995245098158935,1.0,0.0,0.03860571088681773,0.0,0
652,50,Compressed Normal,20.0,0.05,lower,0.8,MaxMin,500,2.5,2.0,0.9209504950495049,0.26609900990099017,5.050485136295752,5.95932950828333,0.9600000000000002,2.222669831529484e-16,0.05068564697936416,0.0,0
652,50,Compressed Normal,20.0,0.05,lower,0.8,MeanSD,500,2.5,2.0,0.959188118811881,0.04081188118811881,0.5335526600599978,0.6714333839923586,0.8977600000000001,0.021370442007201597,0.03914440665763471,0.0,0
652,50,Compressed Normal,20.0,0.05,lower,0.8,MedianMAD,500,2.5,2.0,0.9465544554455446,0.053445544554455444,0.7569836999651064,0.9676473078436864,0.89256,0.04084093981202513,0.04126349032641907,0.0,0
652,50,Compressed Normal,20.0,0.05,lower,0.8,Percentile,500,2.5,2.0,0.9538811881188121,0.046118811881188125,0.6724170806760313,0.8492380905661787,0.8800000000000002,2.222669831529484e-16,1.0713963172294468e-15,0.0,0
652,50,Compressed Normal,20.0,0.05,lower,0.8,QFactor,500,2.5,2.0,0.9575643564356435,0.2916039603960396,4.145465620755068,5.0710198990647894,0.9600000000000002,2.222669831529484e-16,0.038182788289462664,0.0,0
653,50,Compressed Normal,20.0,0.05,upper,0.8,MaxMin,500,2.5,2.0,0.9339603960396039,0.49366336633663366,14.09146469437472,14.42328114476204,1.0,0.0,0.038653331642312355,0.0,0
653,50,Compressed Normal,20.0,0.05,upper,0.8,MeanSD,500,2.5,2.0,0.9676039603960396,0.2191683168316832,4.023182232029201,4.7145659335932395,0.9982000000000001,0.005729367443497168,0.029245482979269453,0.0,0
653,50,Compressed Normal,20.0,0.05,upper,0.8,MedianMAD,500,2.5,2.0,0.9476633663366336,0.057801980198019805,0.7821109024892546,1.0038595564836865,0.9379200000000001,0.0407011888468518,0.04128654748873801,0.0,0
653,50,Compressed Normal,20.0,0.05,upper,0.8,Percentile,500,2.5,2.0,0.9530495049504951,0.05841584158415841,0.764084461031999,0.9967232826165059,0.9200000000000002,1.111334915764742e-16,1.4516812337176945e-15,0.0,0
653,50,Compressed Normal,20.0,0.05,upper,0.8,QFactor,500,2.5,2.0,0.9798415841584158,0.49592079207920786,8.442334398306457,10.156267235938893,1.0,0.0,0.01800042417744571,0.0,0
654,50,Uniform,20.0,0.0,clean,0.8,MaxMin,500,0.0,0.0,0.8600594059405939,0.20522772277227722,2.951338796497087,4.056322043845207,0.88432,0.04588625826317493,0.04722488786792911,0.01796,0
654,50,Uniform,20.0,0.0,clean,0.8,MeanSD,500,0.0,0.0,0.8162970297029702,0.18413861386138614,2.6389096644573007,3.3362512712094934,0.8634,0.04569262119054372,0.04213075270268475,0.00544,0
654,50,Uniform,20.0,0.0,clean,0.8,MedianMAD,500,0.0,0.0,0.7213069306930692,0.27908910891089106,4.141179996766004,5.605596588270607,0.87648,0.050365493802124725,0.04746460114976542,0.02976,0
654,50,Uniform,20.0,0.0,clean,0.8,Percentile,500,0.0,0.0,0.7766534653465346,0.22544554455445545,3.3033354630096032,4.20342440981472,0.8436800000000001,0.032418505811312094,0.011219547876722094,0.00192,0
654,50,Uniform,20.0,0.0,clean,0.8,QFactor,500,0.0,0.0,0.9052079207920792,0.22394059405940592,3.188077092249401,4.361156534480302,0.88432,0.04588625826317493,0.04546804641716108,0.00776,0
655,50,Uniform,20.0,0.05,lower,0.8,MaxMin,500,2.5,2.0,0.870059405940594,0.20314851485148516,2.9170737343220385,3.996181213201068,0.8482000000000001,0.042060649024863915,0.04688349770381484,0.01808,0
655,50,Uniform,20.0,0.05,lower,0.8,MeanSD,500,2.5,2.0,0.8133267326732674,0.18693069306930693,2.673619095550197,3.340963785293541,0.8266800000000001,0.04276254049678852,0.041688215187290246,0.00592,0
655,50,Uniform,20.0,0.05,lower,0.8,MedianMAD,500,2.5,2.0,0.7075049504950495,0.2932079207920792,4.370405890798893,5.819628573379137,0.83796,0.04728965026349939,0.04540416412732837,0.02844,0
655,50,Uniform,20.0,0.05,lower,0.8,Percentile,500,2.5,2.0,0.7714059405940594,0.23205940594059407,3.398898647649403,4.32695144846573,0.8138800000000002,0.03238275599407101,0.01108990983676734,0.00212,0
655,50,Uniform,20.0,0.05,lower,0.8,QFactor,500,2.5,2.0,0.9119009900990099,0.22744554455445545,3.232090051096922,4.342056462796901,0.8482000000000001,0.042060649024863915,0.04539586438926027,0.008,0
656,50,Uniform,20.0,0.05,upper,0.8,MaxMin,500,2.5,2.0,0.9168316831683168,0.1466138613861386,2.123596794887636,3.0436458855194455,0.8936000000000002,0.04475540293846508,0.046038411061000636,0.01664,0
656,50,Uniform,20.0,0.05,upper,0.8,MeanSD,500,2.5,2.0,0.8271089108910892,0.22556435643564354,3.282654728542332,4.0951552549367225,0.87368,0.045229957972525166,0.041130980684465156,0.00656,0
656,50,Uniform,20.0,0.05,upper,0.8,MedianMAD,500,2.5,2.0,0.7175643564356434,0.2961584158415841,4.465157364215232,6.0004142140848895,0.8828,0.05097997563584807,0.04677155856889961,0.02808,0
656,50,Uniform,20.0,0.05,upper,0.8,Percentile,500,2.5,2.0,0.7734851485148515,0.25443564356435644,3.7459415360794552,4.71706857964593,0.8483600000000001,0.03264723700664938,0.011029047143629431,0.0016,0
656,50,Uniform,20.0,0.05,upper,0.8,QFactor,500,2.5,2.0,0.9803960396039604,0.05176237623762376,0.7055371506206406,0.9557963256566032,0.8936000000000002,0.04475540293846508,0.04459689123333941,0.0082,0
657,50,Right-skewed,20.0,0.0,clean,0.8,MaxMin,500,0.0,0.0,0.8482970297029703,0.46661386138613864,10.423880649065433,13.74068003411445,0.6953199999999999,0.06161241579064335,0.04694899064765205,0.07504,0
657,50,Right-skewed,20.0,0.0,clean,0.8,MeanSD,500,0.0,0.0,0.8965148514851485,0.104,1.5066467971353583,2.065737181324943,0.69496,0.06093623593314079,0.040543142964988135,0.06928,0
657,50,Right-skewed,20.0,0.0,clean,0.8,MedianMAD,500,0.0,0.0,0.8665148514851485,0.1352871287128713,2.028274032637274,2.8411580930218276,0.7041199999999999,0.06183423441015649,0.04247738666962504,0.09424,0
657,50,Right-skewed,20.0,0.0,clean,0.8,Percentile,500,0.0,0.0,0.8696435643564356,0.13477227722772275,1.9470786084744869,2.6443203844465133,0.683,0.05900816831469785,0.018078043237785425,0.02736,0
657,50,Right-skewed,20.0,0.0,clean,0.8,QFactor,500,0.0,0.0,0.8634455445544554,0.4991485148514851,12.224658198275481,15.024424003597028,0.69492,0.061801557140009504,0.043118174596447394,0.02608,0
658,50,Right-skewed,20.0,0.05,lower,0.8,MaxMin,500,2.5,2.0,0.8422178217821783,0.4661782178217822,10.429535537493326,13.764887026952975,0.6703600000000001,0.06512413304920704,0.047796582914824276,0.0686,0
658,50,Right-skewed,20.0,0.05,lower,0.8,MeanSD,500,2.5,2.0,0.8917227722772278,0.10841584158415841,1.5693057008324254,2.1608669760378607,0.67028,0.06429455014506838,0.04146812034493493,0.06352,0
658,50,Right-skewed,20.0,0.05,lower,0.8,MedianMAD,500,2.5,2.0,0.8608514851485148,0.14083168316831685,2.1355574848410406,3.0238833884622913,0.6779200000000001,0.06501174242632336,0.04224673322303099,0.09048,0
658,50,Right-skewed,20.0,0.05,lower,0.8,Percentile,500,2.5,2.0,0.8623168316831683,0.1423168316831683,2.05169092524456,2.771578304934512,0.65544,0.060020090156920704,0.018395540816629308,0.02408,0
658,50,Right-skewed,20.0,0.05,lower,0.8,QFactor,500,2.5,2.0,0.8606732673267327,0.4996633663366336,12.253449476834552,15.07995888212169,0.67,0.06527266688349855,0.04391709904334641,0.02316,0
659,50,Right-skewed,20.0,0.05,upper,0.8,MaxMin,500,2.5,2.0,0.9481386138613861,0.4378217821782178,6.183132799749195,6.8392498533538895,0.70984,0.06672990454302061,0.03668258740117682,0.06808,0
659,50,Right-skewed,20.0,0.05,upper,0.8,MeanSD,500,2.5,2.0,0.9125742574257426,0.3264950495049505,5.732794892185461,7.594527389864905,0.7378800000000001,0.06163687052094088,0.03873053578009755,0.196,0
659,50,Right-skewed,20.0,0.05,upper,0.8,MedianMAD,500,2.5,2.0,0.858970297029703,0.14984158415841584,2.251281963471753,3.1892985110284147,0.7208,0.06483028560683445,0.041652088365134454,0.10444,0
659,50,Right-skewed,20.0,0.05,upper,0.8,Percentile,500,2.5,2.0,0.8551881188118812,0.17378217821782177,2.5238379134978826,3.7538717028595974,0.6953199999999999,0.06263180570742267,0.018641252408522713,0.02128,0
659,50,Right-skewed,20.0,0.05,upper,0.8,QFactor,500,2.5,2.0,0.9822376237623764,0.2925346534653465,4.119581688926745,4.969912092403116,0.70984,0.06672990454302061,0.03291376169789251,0.0222,0
660,50,Left-skewed,20.0,0.0,clean,0.8,MaxMin,500,0.0,0.0,0.7833663366336634,0.5103564356435644,10.38205990176808,12.965337013414269,0.99992,0.0012636429824813464,0.0465168942468234,0.0,0
660,50,Left-skewed,20.0,0.0,clean,0.8,MeanSD,500,0.0,0.0,0.8871881188118811,0.11297029702970297,1.6397160160162254,2.093689439633724,0.91596,0.02190520659916961,0.04002245479765164,0.0,0
660,50,Left-skewed,20.0,0.0,clean,0.8,MedianMAD,500,0.0,0.0,0.8408712871287127,0.15972277227722767,2.329501300579205,2.981021930493232,0.90216,0.04715699273626187,0.04381085284632967,0.0,0
660,50,Left-skewed,20.0,0.0,clean,0.8,Percentile,500,0.0,0.0,0.8597029702970297,0.14332673267326732,2.0532211438436545,2.6561703653142357,0.9200000000000002,1.111334915764742e-16,1.4516812337176945e-15,0.0,0
660,50,Left-skewed,20.0,0.0,clean,0.8,QFactor,500,0.0,0.0,0.9427326732673268,0.18491089108910894,2.687073473555759,3.4582789153953977,0.99992,0.0012636429824813464,0.03795308643758218,0.0,0
661,50,Left-skewed,20.0,0.05,lower,0.8,MaxMin,500,2.5,2.0,0.7931683168316833,0.5238613861386139,10.860160508913271,13.470534057161672,0.9599600000000003,0.0008944271909999168,0.04367459611345974,0.0,0
661,50,Left-skewed,20.0,0.05,lower,0.8,MeanSD,500,2.5,2.0,0.8761782178217822,0.12382178217821782,1.7943815956304725,2.2823001287410785,0.8802000000000001,0.022524980566007127,0.038637829783835176,0.0,0
661,50,Left-skewed,20.0,0.05,lower,0.8,MedianMAD,500,2.5,2.0,0.8320792079207922,0.16920792079207916,2.4861793785989166,3.159470974828314,0.8679600000000001,0.043695044499664444,0.040570187314875716,0.0,0
661,50,Left-skewed,20.0,0.05,lower,0.8,Percentile,500,2.5,2.0,0.8526534653465346,0.15213861386138616,2.1838062817410306,2.8236558839467736,0.8800000000000002,2.222669831529484e-16,1.0713963172294468e-15,0.0,0
661,50,Left-skewed,20.0,0.05,lower,0.8,QFactor,500,2.5,2.0,0.9457425742574258,0.18265346534653465,2.655669760049116,3.40932602452902,0.9599600000000003,0.0008944271909999168,0.03751550646793493,0.0,0
662,50,Left-skewed,20.0,0.05,upper,0.8,MaxMin,500,2.5,2.0,0.8033267326732673,0.5943366336633664,12.193278611799624,14.25422850861284,1.0,0.0,0.04265208261045021,0.0,0
662,50,Left-skewed,20.0,0.05,upper,0.8,MeanSD,500,2.5,2.0,0.8854455445544553,0.1397029702970297,1.9952985038807118,2.4640589717084636,0.92232,0.023092946289650272,0.038293654034660694,0.0,0
662,50,Left-skewed,20.0,0.05,upper,0.8,MedianMAD,500,2.5,2.0,0.8363960396039604,0.16972277227722776,2.4893409566034705,3.199047989617895,0.90912,0.04552989724440603,0.04084580738953482,0.0,0
662,50,Left-skewed,20.0,0.05,upper,0.8,Percentile,500,2.5,2.0,0.8584752475247525,0.15308910891089111,2.2564095521207617,2.872490217115359,0.9200000000000002,1.111334915764742e-16,1.4516812337176945e-15,0.0,0
662,50,Left-skewed,20.0,0.05,upper,0.8,QFactor,500,2.5,2.0,0.9822376237623762,0.024732673267326734,0.42125997209742866,0.6210988689359336,1.0,0.0,0.035804651515007405,0.0,0
663,50,Bimodal,20.0,0.0,clean,0.8,MaxMin,500,0.0,0.0,0.8647524752475247,0.2434653465346535,3.5536811983942487,4.696001957006438,0.9173199999999999,0.04220402776892081,0.04853433639094237,0.01152,0
663,50,Bimodal,20.0,0.0,clean,0.8,MeanSD,500,0.0,0.0,0.824970297029703,0.17548514851485147,2.5239288261355304,3.1624091328038273,0.8862800000000001,0.0450134871794678,0.04241443566650473,0.00284,0
663,50,Bimodal,20.0,0.0,clean,0.8,MedianMAD,500,0.0,0.0,0.7247920792079208,0.27629702970297026,4.083330706662403,5.468320734831165,0.9025599999999999,0.05331351669252599,0.04933881489372022,0.02428,0
663,50,Bimodal,20.0,0.0,clean,0.8,Percentile,500,0.0,0.0,0.7921980198019802,0.20999999999999996,3.0879278259276064,3.9506082693232782,0.861,0.030411341624446597,0.009951849456087226,0.00096,0
663,50,Bimodal,20.0,0.0,clean,0.8,QFactor,500,0.0,0.0,0.9095643564356436,0.28532673267326736,4.163784487027816,5.380065676504037,0.9173199999999999,0.04220402776892081,0.04690023999935862,0.00676,0
664,50,Bimodal,20.0,0.05,lower,0.8,MaxMin,500,2.5,2.0,0.8673663366336635,0.24144554455445544,3.5326370635175945,4.675973717851082,0.87916,0.03636949105719682,0.047482519680497534,0.01284,0
664,50,Bimodal,20.0,0.05,lower,0.8,MeanSD,500,2.5,2.0,0.8280594059405939,0.17194059405940593,2.4714722352760137,3.084945139788878,0.85048,0.04152129134878323,0.042363676028706866,0.00288,0
664,50,Bimodal,20.0,0.05,lower,0.8,MedianMAD,500,2.5,2.0,0.721960396039604,0.280079207920792,4.143794007518768,5.558033587222074,0.8646000000000001,0.04985389474898914,0.04795256956555515,0.02236,0
664,50,Bimodal,20.0,0.05,lower,0.8,Percentile,500,2.5,2.0,0.7918019801980198,0.2102178217821782,3.0960588467022294,3.964137564542792,0.8311600000000001,0.025122034815407222,0.0092758759871497,0.00108,0
664,50,Bimodal,20.0,0.05,lower,0.8,QFactor,500,2.5,2.0,0.9112475247524753,0.28481188118811884,4.154704369949935,5.359803862759574,0.87916,0.03636949105719682,0.045508298058807295,0.00676,0
665,50,Bimodal,20.0,0.05,upper,0.8,MaxMin,500,2.5,2.0,0.913009900990099,0.2042970297029703,2.9107307750413174,3.7999267948481315,0.91696,0.03694168073533067,0.0461008244778558,0.01164,0
665,50,Bimodal,20.0,0.05,upper,0.8,MeanSD,500,2.5,2.0,0.834891089108911,0.2200792079207921,3.1512701044836224,3.9061262645679764,0.89204,0.04129951209637709,0.04082893029405017,0.00416,0
665,50,Bimodal,20.0,0.05,upper,0.8,MedianMAD,500,2.5,2.0,0.7194851485148516,0.2878415841584158,4.2616070672254835,5.650533804894633,0.90152,0.04955199694060374,0.046769615192113666,0.02308,0
665,50,Bimodal,20.0,0.05,upper,0.8,Percentile,500,2.5,2.0,0.7905742574257426,0.23146534653465348,3.4262388460220925,4.324500634352357,0.86004,0.026934166008941045,0.009089128864731937,0.00072,0
665,50,Bimodal,20.0,0.05,upper,0.8,QFactor,500,2.5,2.0,0.9803168316831683,0.022732673267326736,0.35302259461971414,0.5246769819072704,0.91696,0.03694168073533067,0.0448244689074703,0.00724,0
666,75,Normal,20.0,0.0,clean,0.8,MaxMin,500,0.0,0.0,0.790039603960396,0.4624752475247524,7.775574888591943,9.378928514240277,0.9997066666666667,0.0019577364814827632,0.04419695665396456,0.0,0
666,75,Normal,20.0,0.0,clean,0.8,MeanSD,500,0.0,0.0,0.908851485148515,0.0917029702970297,1.333491918257572,1.6991810396995388,0.9338666666666667,0.019968356173564374,0.03277151414906687,0.0,0
666,75,Normal,20.0,0.0,clean,0.8,MedianMAD,500,0.0,0.0,0.8750891089108911,0.12516831683168317,1.8206681296227325,2.3279987846444,0.9328533333333332,0.034759610260406484,0.03433783468184355,0.0,0
666,75,Normal,20.0,0.0,clean,0.8,Percentile,500,0.0,0.0,0.8870495049504952,0.11437623762376237,1.6771981057656957,2.1342065240679107,0.9332266666666668,0.0011889793051270826,0.0002972448262820291,0.0,0
666,75,Normal,20.0,0.0,clean,0.8,QFactor,500,0.0,0.0,0.8970693069306931,0.3294653465346535,5.047171318252825,6.455906177335553,0.9997066666666667,0.0019577364814827632,0.03833304037306011,2.6666666666666667e-05,0
667,75,Normal,20.0,0.05,lower,0.8,MaxMin,500,3.75,4.0,0.7803564356435644,0.4689306930693069,7.930359707013153,9.538384788379352,0.9462933333333334,0.002358099314249257,0.04314155307990395,0.0,0
667,75,Normal,20.0,0.05,lower,0.8,MeanSD,500,3.75,4.0,0.9076039603960396,0.09239603960396041,1.3406894328250192,1.7014865169491347,0.8844533333333334,0.018848829644839544,0.03172898649961818,0.0,0
667,75,Normal,20.0,0.05,lower,0.8,MedianMAD,500,3.75,4.0,0.8728118811881188,0.1271881188118812,1.84724869636919,2.35301111295727,0.8821599999999999,0.0332644739659933,0.0342621558285251,0.0,0
667,75,Normal,20.0,0.05,lower,0.8,Percentile,500,3.75,4.0,0.8846138613861386,0.11611881188118814,1.6988679532007456,2.1537538123267628,0.8799733333333336,0.0005962847939999429,0.00044721359550009435,0.0,0
667,75,Normal,20.0,0.05,lower,0.8,QFactor,500,3.75,4.0,0.895821782178218,0.3386534653465347,5.221881000362929,6.66011597101907,0.9462933333333334,0.002358099314249257,0.036395494888147834,2.6666666666666667e-05,0
668,75,Normal,20.0,0.05,upper,0.8,MaxMin,500,3.75,4.0,0.8405346534653466,0.5102574257425743,8.929330417722664,10.43397376863326,0.9995999999999999,0.0022767741949527892,0.03867236431456879,0.0,0
668,75,Normal,20.0,0.05,upper,0.8,MeanSD,500,3.75,4.0,0.918059405940594,0.21158415841584155,2.924069474233292,3.538772815073012,0.95328,0.017896428814952372,0.031180807825842774,0.0,0
668,75,Normal,20.0,0.05,upper,0.8,MedianMAD,500,3.75,4.0,0.87390099009901,0.14813861386138613,2.0628628218641127,2.6251833034310224,0.9369333333333333,0.032945235693307054,0.03269313394753756,0.0,0
668,75,Normal,20.0,0.05,upper,0.8,Percentile,500,3.75,4.0,0.8785148514851485,0.18057425742574257,2.547614487470029,3.472466014363129,0.9332533333333335,0.0010307237503646622,0.0002576809375914237,0.0,0
668,75,Normal,20.0,0.05,upper,0.8,QFactor,500,3.75,4.0,0.9844950495049505,0.01617821782178218,0.3366366137091342,0.5087291717704778,0.9995999999999999,0.0022767741949527892,0.028000463128343714,0.0,0
669,75,Compressed Normal,20.0,0.0,clean,0.8,MaxMin,500,0.0,0.0,0.9262970297029702,0.2584356435643564,4.702699113852673,5.545893203411466,1.0,0.0,0.04641754070190655,0.0,0
669,75,Compressed Normal,20.0,0.0,clean,0.8,MeanSD,500,0.0,0.0,0.9653465346534653,0.034653465346534656,0.4284918892659746,0.5418468221367886,0.93312,0.019005531897519665,0.03276187637942807,0.0,0
669,75,Compressed Normal,20.0,0.0,clean,0.8,MedianMAD,500,0.0,0.0,0.9566930693069308,0.04330693069306931,0.5937494766890132,0.7585286661443504,0.9297866666666667,0.03603912864015776,0.03428438269260556,0.0,0
669,75,Compressed Normal,20.0,0.0,clean,0.8,Percentile,500,0.0,0.0,0.9611287128712871,0.03887128712871287,0.5474342947138333,0.6927309239181121,0.9333333333333335,1.111334915764742e-16,4.827361040353099e-16,0.0,0
669,75,Compressed Normal,20.0,0.0,clean,0.8,QFactor,500,0.0,0.0,0.9567128712871286,0.27059405940594056,3.8290387951599065,4.687004344489223,1.0,0.0,0.0352976590349458,0.0,0
670,75,Compressed Normal,20.0,0.05,lower,0.8,MaxMin,500,3.75,4.0,0.9250693069306931,0.26093069306930694,4.797442571976771,5.669296493506672,0.9466666666666668,1.111334915764742e-16,0.04345952019682645,0.0,0
670,75,Compressed Normal,20.0,0.05,lower,0.8,MeanSD,500,3.75,4.0,0.9641584158415841,0.035841584158415846,0.4542820323451993,0.5765524636698905,0.8842933333333333,0.01852410490963554,0.032037652198717376,0.0,0
670,75,Compressed Normal,20.0,0.05,lower,0.8,MedianMAD,500,3.75,4.0,0.9553465346534654,0.04465346534653465,0.6233826092629119,0.7939659212291904,0.8810133333333333,0.032894165084977,0.03385821346389485,0.0,0
670,75,Compressed Normal,20.0,0.05,lower,0.8,Percentile,500,3.75,4.0,0.95990099009901,0.0400990099009901,0.5709731710278552,0.7254955891700682,0.8800000000000002,2.222669831529484e-16,4.566891919470738e-16,0.0,0
670,75,Compressed Normal,20.0,0.05,lower,0.8,QFactor,500,3.75,4.0,0.9556039603960396,0.2742178217821782,3.8706563495184287,4.732000941586868,0.9466666666666668,1.111334915764742e-16,0.03242856655548187,0.0,0
671,75,Compressed Normal,20.0,0.05,upper,0.8,MaxMin,500,3.75,4.0,0.9390099009900991,0.4967128712871287,13.911206091613574,14.305852879248512,1.0,0.0,0.034046061315581314,0.0,0
671,75,Compressed Normal,20.0,0.05,upper,0.8,MeanSD,500,3.75,4.0,0.971980198019802,0.2478217821782178,4.89977855942607,5.756058000404718,0.99912,0.003313743370205432,0.021653831870675024,0.0,0
671,75,Compressed Normal,20.0,0.05,upper,0.8,MedianMAD,500,3.75,4.0,0.9557623762376238,0.054217821782178224,0.6859316983100358,0.8900694236498848,0.9395466666666666,0.03332089012906982,0.03297943697366744,0.0,0
671,75,Compressed Normal,20.0,0.05,upper,0.8,Percentile,500,3.75,4.0,0.9594059405940595,0.06596039603960396,0.8477737604506033,1.181186024029278,0.9333333333333335,1.111334915764742e-16,4.827361040353099e-16,0.0,0
671,75,Compressed Normal,20.0,0.05,upper,0.8,QFactor,500,3.75,4.0,0.9855247524752476,0.5032475247524753,8.64000562289395,10.389760090593292,1.0,0.0,0.013215970831738694,0.0,0
672,75,Uniform,20.0,0.0,clean,0.8,MaxMin,500,0.0,0.0,0.8913465346534655,0.16382178217821783,2.348627236046205,3.2880093122803262,0.8869866666666667,0.036290777477877026,0.03902673203379707,0.02112,0
672,75,Uniform,20.0,0.0,clean,0.8,MeanSD,500,0.0,0.0,0.8466138613861386,0.15356435643564356,2.2021587115964323,2.7678911697047606,0.8650666666666668,0.03786697526382669,0.03507217980976641,0.004746666666666666,0
672,75,Uniform,20.0,0.0,clean,0.8,MedianMAD,500,0.0,0.0,0.7657227722772275,0.2358019801980198,3.4347523501043344,4.62577081896413,0.8797333333333334,0.03965471098517484,0.03954571223377876,0.029493333333333333,0
672,75,Uniform,20.0,0.0,clean,0.8,Percentile,500,0.0,0.0,0.8150099009900988,0.1874059405940594,2.715441940168749,3.469739915210043,0.8508,0.03198168034950913,0.009519978332845415,0.002213333333333333,0
672,75,Uniform,20.0,0.0,clean,0.8,QFactor,500,0.0,0.0,0.9185742574257425,0.18403960396039604,2.5924332389932596,3.572933298424604,0.8869866666666667,0.036290777477877026,0.03814189959922255,0.008613333333333334,0
673,75,Uniform,20.0,0.05,lower,0.8,MaxMin,500,3.75,4.0,0.890970297029703,0.16403960396039605,2.3646358256319266,3.276324023047737,0.8430666666666666,0.03591498906509312,0.03875463528302413,0.020053333333333333,0
673,75,Uniform,20.0,0.05,lower,0.8,MeanSD,500,3.75,4.0,0.8446138613861386,0.15546534653465344,2.230851989929046,2.8081807941107266,0.8208533333333334,0.03587728410268432,0.034630976483299804,0.004586666666666667,0
673,75,Uniform,20.0,0.05,lower,0.8,MedianMAD,500,3.75,4.0,0.7564554455445545,0.24354455445544557,3.5633014984223172,4.806315132778305,0.8347733333333334,0.0402759043936599,0.03847484200715745,0.02704,0
673,75,Uniform,20.0,0.05,lower,0.8,Percentile,500,3.75,4.0,0.8087128712871287,0.19372277227722776,2.800258859167782,3.562340042863397,0.80576,0.02929400411952435,0.009243214302452143,0.002426666666666667,0
673,75,Uniform,20.0,0.05,lower,0.8,QFactor,500,3.75,4.0,0.9236633663366336,0.18510891089108908,2.5987033734802414,3.55478200151564,0.8430666666666666,0.03591498906509312,0.03799251487403595,0.00784,0
674,75,Uniform,20.0,0.05,upper,0.8,MaxMin,500,3.75,4.0,0.9303168316831684,0.12118811881188121,1.7659888343533785,2.564588939854982,0.8921866666666667,0.035358907320164376,0.03709944066841629,0.018293333333333335,0
674,75,Uniform,20.0,0.05,upper,0.8,MeanSD,500,3.75,4.0,0.860871287128713,0.22920792079207922,3.3489214338950033,4.112140542839331,0.8740266666666666,0.03547130521497587,0.033107121496197885,0.00464,0
674,75,Uniform,20.0,0.05,upper,0.8,MedianMAD,500,3.75,4.0,0.7738217821782177,0.2612079207920791,3.851203015499369,5.102316603050144,0.8858666666666667,0.039965248765451655,0.0386544854881329,0.02664,0
674,75,Uniform,20.0,0.05,upper,0.8,Percentile,500,3.75,4.0,0.8151683168316831,0.2612079207920792,3.832471536800109,4.8086149604726725,0.8545600000000001,0.0298307733551583,0.009073425561198237,0.0017333333333333333,0
674,75,Uniform,20.0,0.05,upper,0.8,QFactor,500,3.75,4.0,0.9858613861386138,0.039683168316831684,0.5287014711058489,0.7222812735631644,0.8921866666666667,0.035358907320164376,0.03584288512482655,0.00752,0
675,75,Right-skewed,20.0,0.0,clean,0.8,MaxMin,500,0.0,0.0,0.8627128712871287,0.4596237623762376,9.752972704593525,12.788676500066293,0.6967466666666666,0.05263142661441232,0.039115033462790966,0.08797333333333333,0
675,75,Right-skewed,20.0,0.0,clean,0.8,MeanSD,500,0.0,0.0,0.9160198019801981,0.08427722772277228,1.2105235864675663,1.6570538716644108,0.6966666666666667,0.05215037435448424,0.03395161799862759,0.07141333333333333,0
675,75,Right-skewed,20.0,0.0,clean,0.8,MedianMAD,500,0.0,0.0,0.8883564356435644,0.11227722772277228,1.6436885663497236,2.3115694280699848,0.7034133333333333,0.050358702636145475,0.03470144683453509,0.10229333333333333,0
675,75,Right-skewed,20.0,0.0,clean,0.8,Percentile,500,0.0,0.0,0.8897821782178217,0.11215841584158417,1.586377321204665,2.153038615437124,0.6870666666666666,0.04816120040729431,0.014741289964358265,0.027546666666666667,0
675,75,Right-skewed,20.0,0.0,clean,0.8,QFactor,500,0.0,0.0,0.8740198019801981,0.489960396039604,11.331815365554965,13.905518535041633,0.69648,0.05272921714459036,0.036519836904006044,0.026586666666666668,0
676,75,Right-skewed,20.0,0.05,lower,0.8,MaxMin,500,3.75,4.0,0.8457623762376237,0.45401980198019803,9.671427278915104,12.78688332008819,0.6617866666666666,0.05139435251125568,0.038764093358480405,0.07893333333333333,0
676,75,Right-skewed,20.0,0.05,lower,0.8,MeanSD,500,3.75,4.0,0.9088910891089109,0.09114851485148515,1.313894282051851,1.8556688973670623,0.6618666666666667,0.050672432256420874,0.03321687801130063,0.066,0
676,75,Right-skewed,20.0,0.05,lower,0.8,MedianMAD,500,3.75,4.0,0.8826930693069307,0.11831683168316831,1.742331181169888,2.4856530132243013,0.6678399999999999,0.050851149565743825,0.03475448313104267,0.09098666666666666,0
676,75,Right-skewed,20.0,0.05,lower,0.8,Percentile,500,3.75,4.0,0.8843366336633663,0.11926732673267328,1.6928590060687576,2.334713456394904,0.65224,0.04819480251115559,0.014491867842325444,0.025093333333333332,0
676,75,Right-skewed,20.0,0.05,lower,0.8,QFactor,500,3.75,4.0,0.8598613861386138,0.48685148514851484,11.266747710192195,13.913761956000528,0.66144,0.05145374663474148,0.03569649523700286,0.02288,0
677,75,Right-skewed,20.0,0.05,upper,0.8,MaxMin,500,3.75,4.0,0.9535247524752476,0.4299207920792079,6.072068333971363,6.7612970119613705,0.7143466666666668,0.05110966200883028,0.030158782643419525,0.07986666666666667,0
677,75,Right-skewed,20.0,0.05,upper,0.8,MeanSD,500,3.75,4.0,0.9318019801980197,0.37398019801980203,7.074309341675883,9.367414579142373,0.7423733333333334,0.048133851819041354,0.030460694244386535,0.20472,0
677,75,Right-skewed,20.0,0.05,upper,0.8,MedianMAD,500,3.75,4.0,0.8843564356435643,0.1387920792079208,2.05546338717728,2.9343439034994443,0.72104,0.050703210812817506,0.03339361455082805,0.10210666666666667,0
677,75,Right-skewed,20.0,0.05,upper,0.8,Percentile,500,3.75,4.0,0.8426732673267326,0.29572277227722765,4.289898184130407,8.104789285484124,0.70336,0.04665329706377147,0.014474263333117248,0.0232,0
677,75,Right-skewed,20.0,0.05,upper,0.8,QFactor,500,3.75,4.0,0.986,0.3068316831683168,4.338624997525998,5.225804520797724,0.7143466666666668,0.05110966200883028,0.026438622316144682,0.024186666666666665,0
678,75,Left-skewed,20.0,0.0,clean,0.8,MaxMin,500,0.0,0.0,0.8093861386138614,0.5011089108910891,9.732752389261757,12.081136522757538,0.9999466666666668,0.0008424286549875618,0.038191965651761015,0.0,0
678,75,Left-skewed,20.0,0.0,clean,0.8,MeanSD,500,0.0,0.0,0.9031287128712873,0.09687128712871287,1.400273490417964,1.8079962386102117,0.9162133333333332,0.01827737984824749,0.03298642873151598,0.0,0
678,75,Left-skewed,20.0,0.0,clean,0.8,MedianMAD,500,0.0,0.0,0.8645742574257425,0.136019801980198,1.9789317719362953,2.5829717588429824,0.9044000000000001,0.03862960931272188,0.034870248502454966,0.0,0
678,75,Left-skewed,20.0,0.0,clean,0.8,Percentile,500,0.0,0.0,0.8790495049504949,0.12382178217821782,1.7596363072661108,2.285683456373964,0.9333333333333335,1.111334915764742e-16,4.827361040353099e-16,0.0,0
678,75,Left-skewed,20.0,0.0,clean,0.8,QFactor,500,0.0,0.0,0.9529108910891089,0.1634851485148515,2.367189424077284,3.0180550730463764,0.9999466666666668,0.0008424286549875618,0.031965363192984646,0.0,0
679,75,Left-skewed,20.0,0.05,lower,0.8,MaxMin,500,3.75,4.0,0.8083564356435644,0.5025148514851485,9.734063315514025,12.057063217831551,0.9466133333333334,0.0008424286549875618,0.03652727738597698,0.0,0
679,75,Left-skewed,20.0,0.05,lower,0.8,MeanSD,500,3.75,4.0,0.9007524752475248,0.09926732673267327,1.440825463137572,1.844539180499968,0.8665333333333335,0.018328747832444023,0.032178284438535765,0.0,0
679,75,Left-skewed,20.0,0.05,lower,0.8,MedianMAD,500,3.75,4.0,0.8603168316831685,0.14053465346534652,2.0428794600145443,2.6213719447509347,0.8540800000000001,0.03683507569094804,0.03368269360257427,0.0,0
679,75,Left-skewed,20.0,0.05,lower,0.8,Percentile,500,3.75,4.0,0.8778811881188119,0.12443564356435645,1.7823738182423368,2.2859287465845384,0.879946666666667,0.0008424286549875617,0.0006318214912408081,0.0,0
679,75,Left-skewed,20.0,0.05,lower,0.8,QFactor,500,3.75,4.0,0.9493267326732674,0.1614059405940594,2.3454211962197666,3.035116424446952,0.9466133333333334,0.0008424286549875618,0.03075910455065195,2.6666666666666667e-05,0
680,75,Left-skewed,20.0,0.05,upper,0.8,MaxMin,500,3.75,4.0,0.8157227722772278,0.5806732673267326,11.308693552533152,13.168599143835921,0.9999733333333334,0.0005962847939999427,0.037117380084149304,0.0,0
680,75,Left-skewed,20.0,0.05,upper,0.8,MeanSD,500,3.75,4.0,0.9100792079207921,0.14314851485148514,2.0271720969690703,2.418977112960343,0.9223733333333334,0.018408347171930347,0.030947285007136057,0.0,0
680,75,Left-skewed,20.0,0.05,upper,0.8,MedianMAD,500,3.75,4.0,0.8595049504950494,0.1526732673267327,2.208748941569477,2.822490339742295,0.9104533333333333,0.03790868800342701,0.03347655145830536,0.0,0
680,75,Left-skewed,20.0,0.05,upper,0.8,Percentile,500,3.75,4.0,0.8812871287128712,0.1528910891089109,2.243852417078545,2.7872332062879415,0.9333066666666668,0.0005962847939999428,0.00014907119850024293,0.0,0
680,75,Left-skewed,20.0,0.05,upper,0.8,QFactor,500,3.75,4.0,0.9864554455445546,0.015287128712871287,0.2717832068195675,0.41074615971469575,0.9999733333333334,0.0005962847939999427,0.028750320226415445,0.0,0
681,75,Bimodal,20.0,0.0,clean,0.8,MaxMin,500,0.0,0.0,0.8911089108910889,0.205980198019802,3.0157025360132796,4.028941132451748,0.9157866666666666,0.031550573681336846,0.039983730198947964,0.014533333333333334,0
681,75,Bimodal,20.0,0.0,clean,0.8,MeanSD,500,0.0,0.0,0.8559801980198021,0.14401980198019804,2.0731136424597016,2.6035717912666994,0.8871199999999999,0.03432160626229429,0.03546062526219303,0.0026133333333333334,0
681,75,Bimodal,20.0,0.0,clean,0.8,MedianMAD,500,0.0,0.0,0.7630099009900989,0.23843564356435637,3.463355622622979,4.61601557935869,0.9052533333333334,0.038697944182995075,0.04107854818756465,0.02272,0
681,75,Bimodal,20.0,0.0,clean,0.8,Percentile,500,0.0,0.0,0.8272277227722773,0.1739009900990099,2.540752669458321,3.250164990811456,0.8701333333333334,0.02772900639386817,0.008486807600708584,0.0006666666666666666,0
681,75,Bimodal,20.0,0.0,clean,0.8,QFactor,500,0.0,0.0,0.9190099009900989,0.25322772277227723,3.6359727585983843,4.6891103239085785,0.9157866666666666,0.031550573681336846,0.03920313820535905,0.0061066666666666665,0
682,75,Bimodal,20.0,0.05,lower,0.8,MaxMin,500,3.75,4.0,0.88,0.21407920792079208,3.110016404531413,4.1499382271074,0.8662133333333334,0.03241031748658727,0.03984571474483577,0.0136,0
682,75,Bimodal,20.0,0.05,lower,0.8,MeanSD,500,3.75,4.0,0.8547524752475247,0.14524752475247524,2.090073995939811,2.6327608390341637,0.8365066666666666,0.034426577275271285,0.034785504696693004,0.002213333333333333,0
682,75,Bimodal,20.0,0.05,lower,0.8,MedianMAD,500,3.75,4.0,0.7556633663366336,0.24697029702970297,3.5961425301613166,4.854982027776344,0.8562133333333334,0.03972146173516389,0.04021089488156422,0.021893333333333334,0
682,75,Bimodal,20.0,0.05,lower,0.8,Percentile,500,3.75,4.0,0.8223762376237624,0.1798019801980198,2.6185024893544506,3.3405112463323743,0.8195999999999999,0.028240466298600914,0.0085193476406998,0.0005066666666666667,0
682,75,Bimodal,20.0,0.05,lower,0.8,QFactor,500,3.75,4.0,0.9172673267326733,0.2543960396039604,3.671945097465796,4.740599070466836,0.8662133333333334,0.03241031748658727,0.038051372519781135,0.00656,0
683,75,Bimodal,20.0,0.05,upper,0.8,MaxMin,500,3.75,4.0,0.9350297029702969,0.1755445544554455,2.5087184230401536,3.2207629825355992,0.9218399999999999,0.031126568034177553,0.03674832214993866,0.013333333333333334,0
683,75,Bimodal,20.0,0.05,upper,0.8,MeanSD,500,3.75,4.0,0.8666336633663366,0.23813861386138613,3.4010932679181987,4.140487689314939,0.8989066666666667,0.033048282863450976,0.033390547518631755,0.0032266666666666667,0
683,75,Bimodal,20.0,0.05,upper,0.8,MedianMAD,500,3.75,4.0,0.76590099009901,0.2582376237623762,3.7772482706245625,4.970774074948806,0.91216,0.038999411353886834,0.03968233241539713,0.021626666666666666,0
683,75,Bimodal,20.0,0.05,upper,0.8,Percentile,500,3.75,4.0,0.8250891089108912,0.24186138613861383,3.5484568786053017,4.4901208896324425,0.8752000000000001,0.026311597364418786,0.008353076909660535,0.00056,0
683,75,Bimodal,20.0,0.05,upper,0.8,QFactor,500,3.75,4.0,0.986039603960396,0.013960396039603962,0.23198166962810815,0.33633958120705065,0.9218399999999999,0.031126568034177553,0.03520948824946439,0.005946666666666667,0
684,100,Normal,20.0,0.0,clean,0.8,MaxMin,500,0.0,0.0,0.7994653465346535,0.44324752475247525,7.1933436974702385,8.676222848391559,0.99972,0.0017685744856869474,0.03948515882292208,0.0,0
684,100,Normal,20.0,0.0,clean,0.8,MeanSD,500,0.0,0.0,0.922970297029703,0.07742574257425743,1.1164126081267878,1.4131153009284,0.9326999999999999,0.01596934688959318,0.028752907457397083,0.0,0
684,100,Normal,20.0,0.0,clean,0.8,MedianMAD,500,0.0,0.0,0.8949306930693068,0.10611881188118812,1.535595839960752,1.96502401775118,0.93114,0.02772070119151204,0.02995185988455802,0.0,0
684,100,Normal,20.0,0.0,clean,0.8,Percentile,500,0.0,0.0,0.9045544554455446,0.09627722772277228,1.4091565348527115,1.7757061823050713,0.9298799999999999,0.0010899430957182169,0.00027248577392997863,0.0,0
684,100,Normal,20.0,0.0,clean,0.8,QFactor,500,0.0,0.0,0.8973465346534653,0.3040990099009901,4.6340640501819665,5.982668143670692,0.99972,0.0017685744856869474,0.0335277737843034,2e-05,0
685,100,Normal,20.0,0.05,lower,0.8,MaxMin,500,5.0,5.0,0.7966732673267327,0.44146534653465347,7.114650687518883,8.56625867883447,0.9496399999999998,0.0018647666635316182,0.03938195542360901,0.0,0
685,100,Normal,20.0,0.05,lower,0.8,MeanSD,500,5.0,5.0,0.9211485148514852,0.07885148514851485,1.144237607126441,1.4550342411976276,0.8865200000000001,0.016075024504667225,0.027053494562939956,0.0,0
685,100,Normal,20.0,0.05,lower,0.8,MedianMAD,500,5.0,5.0,0.8869900990099011,0.11332673267326734,1.6444164928972587,2.087310394767617,0.88112,0.029781192704083505,0.02926191256652488,0.0,0
685,100,Normal,20.0,0.05,lower,0.8,Percentile,500,5.0,5.0,0.9009108910891089,0.09986138613861385,1.4598636560090312,1.8467094183114054,0.8799000000000003,0.0009959839195167125,0.0004979919597588598,0.0,0
685,100,Normal,20.0,0.05,lower,0.8,QFactor,500,5.0,5.0,0.901128712871287,0.3141980198019802,4.785495745386885,6.137038461675001,0.9496399999999998,0.0018647666635316182,0.03313898988206018,4e-05,0
686,100,Normal,20.0,0.05,upper,0.8,MaxMin,500,5.0,5.0,0.8591485148514851,0.4948910891089109,8.236485496561004,9.555585534615677,0.99972,0.001651379456156712,0.03478387234481371,0.0,0
686,100,Normal,20.0,0.05,upper,0.8,MeanSD,500,5.0,5.0,0.925108910891089,0.19835643564356434,2.714397450712018,3.299847232162638,0.9521999999999999,0.014778254077771636,0.027366612577230512,0.0,0
686,100,Normal,20.0,0.05,upper,0.8,MedianMAD,500,5.0,5.0,0.8886930693069308,0.12843564356435644,1.7827868439913155,2.2954633060709027,0.9383199999999999,0.02698581234901539,0.028972272883542018,0.0,0
686,100,Normal,20.0,0.05,upper,0.8,Percentile,500,5.0,5.0,0.8928712871287129,0.16500990099009902,2.3263098328163747,3.2274831127279855,0.9299599999999998,0.000631821491240673,0.00015795537281059423,0.0,0
686,100,Normal,20.0,0.05,upper,0.8,QFactor,500,5.0,5.0,0.9865940594059407,0.013405940594059407,0.28443152698327423,0.4302602428770754,0.99972,0.001651379456156712,0.025684250449307527,0.0,0
687,100,Compressed Normal,20.0,0.0,clean,0.8,MaxMin,500,0.0,0.0,0.923069306930693,0.254019801980198,4.50405207476755,5.31830119174954,1.0,0.0,0.042562012507705214,0.0,0
687,100,Compressed Normal,20.0,0.0,clean,0.8,MeanSD,500,0.0,0.0,0.9665742574257425,0.03342574257425743,0.37605735927845463,0.4758321909753765,0.9342599999999999,0.016474076313431372,0.028826385699886048,0.0,0
687,100,Compressed Normal,20.0,0.0,clean,0.8,MedianMAD,500,0.0,0.0,0.9598613861386138,0.04013861386138614,0.531372071059679,0.678249699903401,0.9294000000000001,0.03043505520235407,0.03081530493071641,0.0,0
687,100,Compressed Normal,20.0,0.0,clean,0.8,Percentile,500,0.0,0.0,0.9645940594059407,0.03540594059405941,0.4714968007070777,0.5948894543027953,0.9299999999999998,2.222669831529484e-16,6.181800468941379e-16,0.0,0
687,100,Compressed Normal,20.0,0.0,clean,0.8,QFactor,500,0.0,0.0,0.9577029702970298,0.2632475247524752,3.7078020446027455,4.546749178552547,1.0,0.0,0.03284659341309295,0.0,0
688,100,Compressed Normal,20.0,0.05,lower,0.8,MaxMin,500,5.0,5.0,0.9227722772277228,0.2543168316831683,4.549174938856224,5.385456051283609,0.9499999999999997,2.222669831529484e-16,0.04183081613652105,0.0,0
688,100,Compressed Normal,20.0,0.05,lower,0.8,MeanSD,500,5.0,5.0,0.9643168316831682,0.03568316831683169,0.4061394405523079,0.5053731615411688,0.8876400000000001,0.015208319630121675,0.027574637864538308,0.0,0
688,100,Compressed Normal,20.0,0.05,lower,0.8,MedianMAD,500,5.0,5.0,0.9569702970297029,0.04302970297029703,0.561422359118266,0.7106605337936656,0.88426,0.030296669393725547,0.029497426065458614,0.0,0
688,100,Compressed Normal,20.0,0.05,lower,0.8,Percentile,500,5.0,5.0,0.962891089108911,0.03710891089108911,0.4994617773354717,0.6257596611952911,0.8800000000000002,2.222669831529484e-16,8.091907355412029e-16,0.0,0
688,100,Compressed Normal,20.0,0.05,lower,0.8,QFactor,500,5.0,5.0,0.9578217821782178,0.25904950495049506,3.644237713365819,4.471997538862036,0.9499999999999997,2.222669831529484e-16,0.03246682691383916,0.0,0
689,100,Compressed Normal,20.0,0.05,upper,0.8,MaxMin,500,5.0,5.0,0.9366336633663367,0.49708910891089114,13.715547827315088,14.15526113167818,1.0,0.0,0.03252287408379863,0.0,0
689,100,Compressed Normal,20.0,0.05,upper,0.8,MeanSD,500,5.0,5.0,0.977980198019802,0.2410891089108911,4.67696458737964,5.484366016173141,0.9986200000000001,0.0035666569899793226,0.019488380883562945,0.0,0
689,100,Compressed Normal,20.0,0.05,upper,0.8,MedianMAD,500,5.0,5.0,0.9615643564356435,0.052039603960396044,0.6166103136457977,0.7989768424368056,0.94032,0.027753163353972887,0.029183371494650036,0.0,0
689,100,Compressed Normal,20.0,0.05,upper,0.8,Percentile,500,5.0,5.0,0.9651287128712872,0.061405940594059405,0.7604886992566325,1.062155906156437,0.9299999999999998,2.222669831529484e-16,6.181800468941379e-16,0.0,0
689,100,Compressed Normal,20.0,0.05,upper,0.8,QFactor,500,5.0,5.0,0.9865148514851486,0.5041980198019803,8.694052600779603,10.453719410047965,1.0,0.0,0.011973086104254082,0.0,0
690,100,Uniform,20.0,0.0,clean,0.8,MaxMin,500,0.0,0.0,0.9038811881188119,0.14419801980198022,2.0676987745386675,2.8733390960890146,0.88686,0.03091685792910427,0.0346170554355847,0.02318,0
690,100,Uniform,20.0,0.0,clean,0.8,MeanSD,500,0.0,0.0,0.8675049504950495,0.13257425742574258,1.8959723619613957,2.359667304323202,0.86378,0.03059712352388493,0.02982500509762913,0.00376,0
690,100,Uniform,20.0,0.0,clean,0.8,MedianMAD,500,0.0,0.0,0.7962178217821781,0.20386138613861385,2.9447629824483617,4.000695514775535,0.88078,0.03520326888629182,0.03529253319961158,0.02782,0
690,100,Uniform,20.0,0.0,clean,0.8,Percentile,500,0.0,0.0,0.8372871287128714,0.16471287128712875,2.3674271594716068,2.9970782673040923,0.8503999999999999,0.023828041277079503,0.007673738313643704,0.00194,0
690,100,Uniform,20.0,0.0,clean,0.8,QFactor,500,0.0,0.0,0.9303564356435644,0.1641980198019802,2.292168290771195,3.1272689298036362,0.88686,0.03091685792910427,0.03342699902246915,0.00864,0
691,100,Uniform,20.0,0.05,lower,0.8,MaxMin,500,5.0,5.0,0.9092871287128712,0.1416039603960396,2.028454852448635,2.807772742722243,0.84404,0.03053429360853702,0.03328043673177863,0.0213,0
691,100,Uniform,20.0,0.05,lower,0.8,MeanSD,500,5.0,5.0,0.8720198019801981,0.12873267326732674,1.8540677661433702,2.314525720057447,0.822,0.03118244200473652,0.02949442795365304,0.0037,0
691,100,Uniform,20.0,0.05,lower,0.8,MedianMAD,500,5.0,5.0,0.8005544554455444,0.19956435643564352,2.88909828296334,3.8627249809383413,0.8385999999999999,0.03327242263822147,0.03279429790104848,0.02668,0
691,100,Uniform,20.0,0.05,lower,0.8,Percentile,500,5.0,5.0,0.8406534653465347,0.16148514851485146,2.3314994858379787,2.939897205639088,0.8116400000000001,0.025842718359034282,0.007727876566283183,0.00208,0
691,100,Uniform,20.0,0.05,lower,0.8,QFactor,500,5.0,5.0,0.9332475247524753,0.1623960396039604,2.256889097605507,3.0657696681952817,0.84404,0.03053429360853702,0.03212326931830245,0.00772,0
692,100,Uniform,20.0,0.05,upper,0.8,MaxMin,500,5.0,5.0,0.9413465346534653,0.09976237623762377,1.469885897525027,2.149517287323727,0.8945,0.0317421664393047,0.03277676147616171,0.02148,0
692,100,Uniform,20.0,0.05,upper,0.8,MeanSD,500,5.0,5.0,0.8741782178217822,0.217029702970297,3.171695848244162,3.856466624161333,0.87432,0.03257391163859322,0.028915294480363014,0.00426,0
692,100,Uniform,20.0,0.05,upper,0.8,MedianMAD,500,5.0,5.0,0.7924752475247524,0.23978217821782183,3.504343848182582,4.669994249407079,0.8883000000000001,0.03464260700987849,0.03384342916836858,0.02554,0
692,100,Uniform,20.0,0.05,upper,0.8,Percentile,500,5.0,5.0,0.8329504950495051,0.24118811881188118,3.5295730590696084,4.455405942257772,0.85586,0.024228794211389806,0.00774503176248984,0.0014,0
692,100,Uniform,20.0,0.05,upper,0.8,QFactor,500,5.0,5.0,0.9865544554455445,0.03601980198019802,0.47084152684853015,0.6439410619190914,0.8945,0.0317421664393047,0.031457283030732454,0.007,0
693,100,Right-skewed,20.0,0.0,clean,0.8,MaxMin,500,0.0,0.0,0.8648316831683167,0.45504950495049507,9.360290170151723,12.265967653019295,0.69466,0.04564044808064447,0.034834304531620765,0.09666,0
693,100,Right-skewed,20.0,0.0,clean,0.8,MeanSD,500,0.0,0.0,0.9294455445544555,0.07055445544554455,1.0264298248910895,1.4410175870556672,0.6944600000000001,0.04564729730775969,0.029560689834538207,0.07128,0
693,100,Right-skewed,20.0,0.0,clean,0.8,MedianMAD,500,0.0,0.0,0.9053267326732672,0.09493069306930695,1.3862274260530285,1.9994271917951403,0.6999399999999999,0.04409631924255677,0.030376508167882805,0.10178,0
693,100,Right-skewed,20.0,0.0,clean,0.8,Percentile,500,0.0,0.0,0.9058019801980198,0.0955049504950495,1.3603919914919307,1.9009555355826717,0.68752,0.04197348146499864,0.01255082524801517,0.02962,0
693,100,Right-skewed,20.0,0.0,clean,0.8,QFactor,500,0.0,0.0,0.8761980198019803,0.482990099009901,10.80244189646501,13.273902983331613,0.6945,0.04567408723213828,0.03177371343977547,0.02608,0
694,100,Right-skewed,20.0,0.05,lower,0.8,MaxMin,500,5.0,5.0,0.8594257425742575,0.4566732673267327,9.517878529766772,12.492030112344155,0.6608399999999999,0.04658362876524193,0.03479489227207853,0.0907,0
694,100,Right-skewed,20.0,0.05,lower,0.8,MeanSD,500,5.0,5.0,0.9258415841584158,0.07415841584158415,1.0682856287144558,1.501863030290855,0.6607000000000001,0.04684120191020706,0.029591799559729084,0.06796,0
694,100,Right-skewed,20.0,0.05,lower,0.8,MedianMAD,500,5.0,5.0,0.8977029702970297,0.10257425742574257,1.5040549748830139,2.139985393825645,0.6665399999999999,0.04607030873234286,0.03061701339266089,0.09772,0
694,100,Right-skewed,20.0,0.05,lower,0.8,Percentile,500,5.0,5.0,0.9012871287128713,0.09970297029702971,1.4243066777493691,1.9548729909039038,0.65378,0.043281151974415656,0.01281475312743982,0.0286,0
694,100,Right-skewed,20.0,0.05,lower,0.8,QFactor,500,5.0,5.0,0.8712673267326735,0.48459405940594064,10.98877206789027,13.515239438244507,0.66054,0.04670622381102298,0.031875378012471395,0.02418,0
695,100,Right-skewed,20.0,0.05,upper,0.8,MaxMin,500,5.0,5.0,0.9599207920792079,0.42257425742574256,5.962361104067793,6.657081294004641,0.7126600000000001,0.04422483546769042,0.026135661015726334,0.0875,0
695,100,Right-skewed,20.0,0.05,upper,0.8,MeanSD,500,5.0,5.0,0.9406534653465346,0.360079207920792,6.675538739811338,8.84032343690293,0.7393999999999998,0.041817908543468556,0.02678403117697,0.20344,0
695,100,Right-skewed,20.0,0.05,upper,0.8,MedianMAD,500,5.0,5.0,0.8981188118811883,0.12009900990099011,1.755855111314479,2.5774656529901323,0.71948,0.04291168168284366,0.029407437057250234,0.1079,0
695,100,Right-skewed,20.0,0.05,upper,0.8,Percentile,500,5.0,5.0,0.8676039603960397,0.23853465346534652,3.440242815655767,6.3114475637975325,0.70294,0.040089534064178964,0.011925363393180073,0.02384,0
695,100,Right-skewed,20.0,0.05,upper,0.8,QFactor,500,5.0,5.0,0.9861782178217822,0.30966336633663366,4.392700221345881,5.289096335894841,0.7126600000000001,0.04422483546769042,0.023012157947921413,0.02354,0
696,100,Left-skewed,20.0,0.0,clean,0.8,MaxMin,500,0.0,0.0,0.8153663366336634,0.4873267326732673,9.086038612326998,11.284339486789422,0.9999600000000001,0.0006318214912406729,0.0345067078584836,0.0,0
696,100,Left-skewed,20.0,0.0,clean,0.8,MeanSD,500,0.0,0.0,0.9168316831683168,0.08354455445544555,1.2097887287793867,1.5409251829511972,0.9164800000000001,0.01575137491215438,0.027983651034757556,0.0,0
696,100,Left-skewed,20.0,0.0,clean,0.8,MedianMAD,500,0.0,0.0,0.8742178217821783,0.12588118811881188,1.821743421292797,2.3371662106236335,0.9051999999999999,0.0331293693000703,0.030324366869948445,0.0,0
696,100,Left-skewed,20.0,0.0,clean,0.8,Percentile,500,0.0,0.0,0.8964158415841584,0.10641584158415843,1.5008943635933787,1.94083662004818,0.9299999999999998,2.222669831529484e-16,6.181800468941379e-16,0.0,0
696,100,Left-skewed,20.0,0.0,clean,0.8,QFactor,500,0.0,0.0,0.9569900990099011,0.14483168316831682,2.091868526273574,2.6844652079765625,0.9999600000000001,0.0006318214912406729,0.027959780163752973,0.0,0
697,100,Left-skewed,20.0,0.05,lower,0.8,MaxMin,500,5.0,5.0,0.8187326732673267,0.48558415841584157,9.006842037641356,11.1837879898829,0.9499999999999997,2.222669831529484e-16,0.03321967977206518,0.0,0
697,100,Left-skewed,20.0,0.05,lower,0.8,MeanSD,500,5.0,5.0,0.9142376237623762,0.08576237623762377,1.235893272848161,1.5961264116264378,0.8699,0.015603748072428498,0.028084056415438943,0.0,0
697,100,Left-skewed,20.0,0.05,lower,0.8,MedianMAD,500,5.0,5.0,0.8756435643564356,0.1251881188118812,1.8114039532616106,2.334297014421361,0.8574200000000001,0.03488233298259475,0.030229162822912325,0.0,0
697,100,Left-skewed,20.0,0.05,lower,0.8,Percentile,500,5.0,5.0,0.8925940594059405,0.10962376237623764,1.55779065670245,2.0233073601553477,0.8800000000000002,2.222669831529484e-16,8.091907355412029e-16,0.0,0
697,100,Left-skewed,20.0,0.05,lower,0.8,QFactor,500,5.0,5.0,0.9572871287128714,0.14449504950495048,2.0991747038944126,2.7011107219161126,0.9499999999999997,2.222669831529484e-16,0.027372525841648697,0.0,0
698,100,Left-skewed,20.0,0.05,upper,0.8,MaxMin,500,5.0,5.0,0.8264554455445545,0.5658415841584159,10.526507489088555,12.231547878528803,0.9999600000000001,0.0006318214912406729,0.032363565794753885,0.0,0
698,100,Left-skewed,20.0,0.05,upper,0.8,MeanSD,500,5.0,5.0,0.9194455445544555,0.12871287128712874,1.8156164308812706,2.1686872261467096,0.92146,0.015676731797146973,0.026891273635091015,0.0,0
698,100,Left-skewed,20.0,0.05,upper,0.8,MedianMAD,500,5.0,5.0,0.8791683168316833,0.13152475247524753,1.9005051724643085,2.4219877987528893,0.91,0.03338006076857601,0.029206610618000603,0.0,0
698,100,Left-skewed,20.0,0.05,upper,0.8,Percentile,500,5.0,5.0,0.8963960396039604,0.13423762376237625,1.9764701357509056,2.4674727910129595,0.9299799999999998,0.00044721359549995844,0.00011180339887541542,0.0,0
698,100,Left-skewed,20.0,0.05,upper,0.8,QFactor,500,5.0,5.0,0.9872871287128714,0.01302970297029703,0.22943419280359453,0.3552220658778715,0.9999600000000001,0.0006318214912406729,0.02523968923863989,0.0,0
699,100,Bimodal,20.0,0.0,clean,0.8,MaxMin,500,0.0,0.0,0.9034653465346535,0.17643564356435643,2.5831645749137597,3.478470825546326,0.9161999999999999,0.027456651934839784,0.03465279227061316,0.01708,0
699,100,Bimodal,20.0,0.0,clean,0.8,MeanSD,500,0.0,0.0,0.873029702970297,0.126970297029703,1.8305589933884292,2.3103148698269536,0.8861,0.030758448665832577,0.030283738732951017,0.0017,0
699,100,Bimodal,20.0,0.0,clean,0.8,MedianMAD,500,0.0,0.0,0.7992673267326733,0.20271287128712867,2.9167606385929177,3.9334916840212135,0.90906,0.03296497807612069,0.03495642071271349,0.0242,0
699,100,Bimodal,20.0,0.0,clean,0.8,Percentile,500,0.0,0.0,0.8486138613861386,0.15138613861386138,2.2160884174137676,2.8492062759035512,0.8686,0.022446551971088618,0.007211291446417002,0.00062,0
699,100,Bimodal,20.0,0.0,clean,0.8,QFactor,500,0.0,0.0,0.9286138613861386,0.21635643564356435,3.0925839253430847,4.026303191582129,0.9161999999999999,0.027456651934839784,0.03300079031415122,0.00638,0
700,100,Bimodal,20.0,0.05,lower,0.8,MaxMin,500,5.0,5.0,0.9072673267326733,0.18526732673267327,2.713925950677604,3.6424460105756626,0.86924,0.026751704757170723,0.03373000141210261,0.01592,0
700,100,Bimodal,20.0,0.05,lower,0.8,MeanSD,500,5.0,5.0,0.8712277227722772,0.129009900990099,1.848284315311153,2.2981377482345384,0.8402000000000001,0.03011600816668423,0.029552389193103337,0.00214,0
700,100,Bimodal,20.0,0.05,lower,0.8,MedianMAD,500,5.0,5.0,0.7920198019801981,0.2096435643564356,3.020795379829456,4.008731284719608,0.862,0.03300573825132579,0.03476994276473032,0.02216,0
700,100,Bimodal,20.0,0.05,lower,0.8,Percentile,500,5.0,5.0,0.8466534653465346,0.15463366336633663,2.252169019580976,2.866351286990142,0.82674,0.02068884861256969,0.0069090403181543015,0.00052,0
700,100,Bimodal,20.0,0.05,lower,0.8,QFactor,500,5.0,5.0,0.9315247524752476,0.23364356435643563,3.3445556738564544,4.287293545790554,0.86924,0.026751704757170723,0.03246584190553027,0.00646,0
701,100,Bimodal,20.0,0.05,upper,0.8,MaxMin,500,5.0,5.0,0.9412673267326732,0.1653861386138614,2.3566191535891363,2.9987804667263966,0.9186400000000001,0.0269593028102737,0.03228816802502689,0.01586,0
701,100,Bimodal,20.0,0.05,upper,0.8,MeanSD,500,5.0,5.0,0.8877029702970298,0.22625742574257426,3.231714067994806,3.8835230420626807,0.89454,0.029565802430285802,0.029206813248070247,0.00294,0
701,100,Bimodal,20.0,0.05,upper,0.8,MedianMAD,500,5.0,5.0,0.8029108910891088,0.22934653465346536,3.3300396146540328,4.3966406632753054,0.9114000000000001,0.03342865462293987,0.03460382312394882,0.02264,0
701,100,Bimodal,20.0,0.05,upper,0.8,Percentile,500,5.0,5.0,0.8506138613861387,0.2244950495049505,3.284747783753552,4.13178127356716,0.86978,0.022152495708887186,0.007142311891925344,0.00064,0
701,100,Bimodal,20.0,0.05,upper,0.8,QFactor,500,5.0,5.0,0.9862772277227723,0.014435643564356435,0.22726613233717172,0.32979300890460306,0.9186400000000001,0.0269593028102737,0.03126471624003109,0.00636,0
702,200,Normal,20.0,0.0,clean,0.8,MaxMin,500,0.0,0.0,0.8253069306930694,0.3807722772277228,5.681827753098405,6.912865811683284,0.9995499999999999,0.001466902725886905,0.031609309378423975,0.0,0
702,200,Normal,20.0,0.0,clean,0.8,MeanSD,500,0.0,0.0,0.943069306930693,0.05752475247524753,0.8245787603998537,1.0304904647449762,0.9327000000000001,0.011759531161840246,0.020169587854522934,0.0,0
702,200,Normal,20.0,0.0,clean,0.8,MedianMAD,500,0.0,0.0,0.9218019801980198,0.07899009900990099,1.1163872972252247,1.418795480328509,0.93179,0.021502805428189227,0.021246500073510644,0.0,0
702,200,Normal,20.0,0.0,clean,0.8,Percentile,500,0.0,0.0,0.928,0.0727920792079208,1.037008890738572,1.31334685630123,0.9298599999999999,0.000825689728078356,0.00020642243202001402,0.0,0
702,200,Normal,20.0,0.0,clean,0.8,QFactor,500,0.0,0.0,0.9215049504950495,0.24461386138613864,3.6796893199216596,4.737153369024373,0.9995499999999999,0.001466902725886905,0.025132601644168834,3e-05,0
703,200,Normal,20.0,0.05,lower,0.8,MaxMin,500,10.0,10.0,0.8247524752475248,0.3907920792079208,5.929175308046558,7.210704759656368,0.9497299999999997,0.0011746743035577478,0.030001059675119915,0.0,0
703,200,Normal,20.0,0.05,lower,0.8,MeanSD,500,10.0,10.0,0.9427920792079209,0.057326732673267336,0.8144086461147978,1.026503275280334,0.88576,0.011111675781688148,0.01919336859562436,0.0,0
703,200,Normal,20.0,0.05,lower,0.8,MedianMAD,500,10.0,10.0,0.9218811881188119,0.07811881188118812,1.117875076078018,1.4357788455779577,0.88481,0.019980298412418655,0.020381599944681715,0.0,0
703,200,Normal,20.0,0.05,lower,0.8,Percentile,500,10.0,10.0,0.9288712871287129,0.07112871287128714,1.0390797695598988,1.311370633705347,0.8849299999999999,0.0005880404604840838,0.00014701011512167556,0.0,0
703,200,Normal,20.0,0.05,lower,0.8,QFactor,500,10.0,10.0,0.9205544554455446,0.24667326732673264,3.704659289889212,4.766081691902446,0.9497299999999997,0.0011746743035577478,0.02415026239456595,2e-05,0
704,200,Normal,20.0,0.05,upper,0.8,MaxMin,500,10.0,10.0,0.8514059405940593,0.44265346534653466,6.940045937364336,8.167780948817821,0.9995999999999999,0.0015312378583216648,0.028315046206247328,0.0,0
704,200,Normal,20.0,0.05,upper,0.8,MeanSD,500,10.0,10.0,0.9460792079207919,0.19285148514851486,2.626448139079409,3.1874442116217447,0.95164,0.010627147902663723,0.018926286991383864,0.0,0
704,200,Normal,20.0,0.05,upper,0.8,MedianMAD,500,10.0,10.0,0.919940594059406,0.11130693069306932,1.466868047289485,1.8623081637036265,0.9393599999999999,0.019785685398625588,0.020165429554185772,0.0,0
704,200,Normal,20.0,0.05,upper,0.8,Percentile,500,10.0,10.0,0.9218217821782179,0.15435643564356433,2.1273031703898813,3.071019991092077,0.9298899999999999,0.0007994863080212368,0.00023901515651271604,0.0,0
704,200,Normal,20.0,0.05,upper,0.8,QFactor,500,10.0,10.0,0.9892871287128714,0.010712871287128712,0.17296991932230468,0.27231404202404824,0.9995999999999999,0.0015312378583216648,0.017840691751352465,1e-05,0
705,200,Compressed Normal,20.0,0.0,clean,0.8,MaxMin,500,0.0,0.0,0.9334059405940595,0.23968316831683167,4.049246718458469,4.795363149484609,1.0,0.0,0.03475587539967689,0.0,0
705,200,Compressed Normal,20.0,0.0,clean,0.8,MeanSD,500,0.0,0.0,0.9698415841584159,0.03015841584158416,0.26742420081541596,0.3407072675584212,0.9330900000000001,0.011995402425876201,0.019758768205969203,0.0,0
705,200,Compressed Normal,20.0,0.0,clean,0.8,MedianMAD,500,0.0,0.0,0.9664752475247526,0.033603960396039606,0.3679220269088323,0.46510106263544315,0.9327099999999999,0.02081038308364782,0.021101935238326257,0.0,0
705,200,Compressed Normal,20.0,0.0,clean,0.8,Percentile,500,0.0,0.0,0.9686336633663366,0.031445544554455446,0.335776380824646,0.42745873725430356,0.9299999999999998,2.222669831529484e-16,6.181800468941379e-16,0.0,0
705,200,Compressed Normal,20.0,0.0,clean,0.8,QFactor,500,0.0,0.0,0.9658019801980198,0.23027722772277226,3.2357067504376853,3.9706028872153416,1.0,0.0,0.027148153148547204,0.0,0
706,200,Compressed Normal,20.0,0.05,lower,0.8,MaxMin,500,10.0,10.0,0.9338613861386138,0.2423168316831683,4.069918258429833,4.801759076797983,0.9499999999999997,2.222669831529484e-16,0.03351910834288261,0.0,0
706,200,Compressed Normal,20.0,0.05,lower,0.8,MeanSD,500,10.0,10.0,0.969861386138614,0.030455445544554455,0.2738001461743552,0.3500266125415243,0.8868400000000001,0.011268022749060587,0.01967520324496737,0.0,0
706,200,Compressed Normal,20.0,0.05,lower,0.8,MedianMAD,500,10.0,10.0,0.9657623762376237,0.03431683168316832,0.3792981186251627,0.48404236846529863,0.88554,0.01990731026542784,0.020926281393341815,0.0,0
706,200,Compressed Normal,20.0,0.05,lower,0.8,Percentile,500,10.0,10.0,0.9693861386138614,0.0306930693069307,0.3471769908296631,0.44377094290212604,0.8849999999999999,1.111334915764742e-16,9.41161756788266e-16,0.0,0
706,200,Compressed Normal,20.0,0.05,lower,0.8,QFactor,500,10.0,10.0,0.9644158415841585,0.23643564356435642,3.322849608524006,4.0764348766728755,0.9499999999999997,2.222669831529484e-16,0.026690675642571358,0.0,0
707,200,Compressed Normal,20.0,0.05,upper,0.8,MaxMin,500,10.0,10.0,0.9442970297029702,0.49928712871287134,13.383487748238037,13.91232963710056,1.0,0.0,0.02667496295001941,0.0,0
707,200,Compressed Normal,20.0,0.05,upper,0.8,MeanSD,500,10.0,10.0,0.984970297029703,0.24005940594059408,4.653746849378217,5.455055043171542,0.99865,0.002497995188129843,0.01353562500884274,0.0,0
707,200,Compressed Normal,20.0,0.05,upper,0.8,MedianMAD,500,10.0,10.0,0.9737227722772278,0.04362376237623763,0.4665952314386839,0.6001725251809001,0.93921,0.019819473329180347,0.020488478097552908,0.0,0
707,200,Compressed Normal,20.0,0.05,upper,0.8,Percentile,500,10.0,10.0,0.9755841584158417,0.05752475247524753,0.6798545936245937,0.9940489510060515,0.9299999999999998,2.222669831529484e-16,6.181800468941379e-16,0.0,0
707,200,Compressed Normal,20.0,0.05,upper,0.8,QFactor,500,10.0,10.0,0.9892475247524752,0.508019801980198,8.863205900352737,10.654885265650131,1.0,0.0,0.00805243493763062,0.0,0
708,200,Uniform,20.0,0.0,clean,0.8,MaxMin,500,0.0,0.0,0.9324752475247525,0.10043564356435644,1.438930673387073,2.010193212087254,0.88505,0.02170460041923643,0.024822089169449224,0.02878,0
708,200,Uniform,20.0,0.0,clean,0.8,MeanSD,500,0.0,0.0,0.9079801980198019,0.09281188118811881,1.3323395061175651,1.669958220464942,0.86453,0.02289054508106387,0.021383167200838864,0.00367,0
708,200,Uniform,20.0,0.0,clean,0.8,MedianMAD,500,0.0,0.0,0.855148514851485,0.1452871287128713,2.0843835791292937,2.8511654447980757,0.88324,0.022800045705400184,0.025011348304414514,0.02901,0
708,200,Uniform,20.0,0.0,clean,0.8,Percentile,500,0.0,0.0,0.8852079207920792,0.11530693069306931,1.6585477606942534,2.1089282976456163,0.8522900000000001,0.017689877431091898,0.005078539139556228,0.00203,0
708,200,Uniform,20.0,0.0,clean,0.8,QFactor,500,0.0,0.0,0.9499603960396039,0.11407920792079207,1.569226189720231,2.1600374996431393,0.88505,0.02170460041923643,0.023572845914593812,0.0079,0
709,200,Uniform,20.0,0.05,lower,0.8,MaxMin,500,10.0,10.0,0.9319999999999999,0.10419801980198021,1.4922436597700621,2.0836178746095215,0.8422999999999999,0.021588007878642637,0.023922029986690962,0.02742,0
709,200,Uniform,20.0,0.05,lower,0.8,MeanSD,500,10.0,10.0,0.9038613861386138,0.09645544554455446,1.377558831324633,1.7272215860418447,0.82224,0.02365166384009397,0.021470640227018868,0.00374,0
709,200,Uniform,20.0,0.05,lower,0.8,MedianMAD,500,10.0,10.0,0.8527524752475247,0.14788118811881187,2.1249322821754717,2.914852832922526,0.8405199999999999,0.022769860189867923,0.02470234419145434,0.02813,0
709,200,Uniform,20.0,0.05,lower,0.8,Percentile,500,10.0,10.0,0.881108910891089,0.1194851485148515,1.7189752532096614,2.182545378845721,0.8118299999999999,0.018189635115947254,0.005046820737654396,0.0021,0
709,200,Uniform,20.0,0.05,lower,0.8,QFactor,500,10.0,10.0,0.9503366336633663,0.12087128712871287,1.665663106509699,2.274863324782346,0.8422999999999999,0.021588007878642637,0.02306942066287187,0.00788,0
710,200,Uniform,20.0,0.05,upper,0.8,MaxMin,500,10.0,10.0,0.959069306930693,0.06849504950495049,1.0104470696739944,1.4634493093730396,0.8923499999999999,0.020880601020995457,0.022801662060107523,0.02716,0
710,200,Uniform,20.0,0.05,upper,0.8,MeanSD,500,10.0,10.0,0.9119009900990099,0.19613861386138617,2.888130816595422,3.448075627538449,0.87427,0.02322274082408806,0.020843281494996056,0.00401,0
710,200,Uniform,20.0,0.05,upper,0.8,MedianMAD,500,10.0,10.0,0.8542376237623761,0.19431683168316832,2.821631918000429,3.706522215780998,0.89019,0.022468278685608942,0.02543533944695965,0.02562,0
710,200,Uniform,20.0,0.05,upper,0.8,Percentile,500,10.0,10.0,0.8823168316831683,0.21805940594059406,3.1968854154920696,4.110574564186285,0.85772,0.017291604876309114,0.004948322247797566,0.00149,0
710,200,Uniform,20.0,0.05,upper,0.8,QFactor,500,10.0,10.0,0.9896237623762376,0.025861386138613864,0.30485500436472895,0.4322930133529631,0.8923499999999999,0.020880601020995457,0.022239523028566494,0.00747,0
711,200,Right-skewed,20.0,0.0,clean,0.8,MaxMin,500,0.0,0.0,0.8754257425742575,0.4395049504950495,8.398166520366262,10.964318022749517,0.6964000000000001,0.03152662138116646,0.02589556862359238,0.11315,0
711,200,Right-skewed,20.0,0.0,clean,0.8,MeanSD,500,0.0,0.0,0.9504950495049505,0.04950495049504951,0.714724094525406,1.0041592843595657,0.69621,0.03154482607503499,0.02099256942113649,0.06841,0
711,200,Right-skewed,20.0,0.0,clean,0.8,MedianMAD,500,0.0,0.0,0.9318217821782179,0.06839603960396039,0.9849905109215275,1.395943275141058,0.69934,0.03144267296790673,0.02166940420956298,0.10186,0
711,200,Right-skewed,20.0,0.0,clean,0.8,Percentile,500,0.0,0.0,0.932039603960396,0.06796039603960397,0.9599170558894986,1.3379624497075573,0.6922999999999999,0.03021980266225924,0.008844864105419063,0.02892,0
711,200,Right-skewed,20.0,0.0,clean,0.8,QFactor,500,0.0,0.0,0.8836039603960396,0.4628316831683168,9.517326374796975,11.737294770861343,0.6961900000000001,0.03154558841259095,0.023213314874145307,0.02553,0
712,200,Right-skewed,20.0,0.05,lower,0.8,MaxMin,500,10.0,10.0,0.8727326732673266,0.43736633663366337,8.41083391289451,11.01392930678495,0.6617799999999999,0.03140228984668523,0.02599022263302763,0.10342,0
712,200,Right-skewed,20.0,0.05,lower,0.8,MeanSD,500,10.0,10.0,0.9459801980198019,0.05401980198019801,0.7858530482196778,1.105147197186132,0.66175,0.031407967473901954,0.02074539300059603,0.06521,0
712,200,Right-skewed,20.0,0.05,lower,0.8,MedianMAD,500,10.0,10.0,0.9241188118811883,0.0758811881188119,1.0941556465908138,1.57807968604241,0.66508,0.030475417998846354,0.02103919905259312,0.09449,0
712,200,Right-skewed,20.0,0.05,lower,0.8,Percentile,500,10.0,10.0,0.9278811881188119,0.07227722772277227,1.0309942835793668,1.4404539266629899,0.6576500000000001,0.029311188846294967,0.00859876956583959,0.02704,0
712,200,Right-skewed,20.0,0.05,lower,0.8,QFactor,500,10.0,10.0,0.8818415841584158,0.4631683168316832,9.582571572503454,11.821839823995209,0.66174,0.03142367411028153,0.023017672128001928,0.02402,0
713,200,Right-skewed,20.0,0.05,upper,0.8,MaxMin,500,10.0,10.0,0.9635247524752476,0.4103762376237623,5.776359730922935,6.518017856345162,0.71288,0.03137633740732331,0.01913385202927941,0.10467,0
713,200,Right-skewed,20.0,0.05,upper,0.8,MeanSD,500,10.0,10.0,0.956930693069307,0.35730693069306924,6.6061441713217075,8.75837510506427,0.73929,0.031149421711259624,0.0191318719222555,0.20511,0
713,200,Right-skewed,20.0,0.05,upper,0.8,MedianMAD,500,10.0,10.0,0.9246732673267326,0.09877227722772276,1.4238213336428702,2.109203581473003,0.71706,0.03165059114518526,0.020619469919742762,0.11016,0
713,200,Right-skewed,20.0,0.05,upper,0.8,Percentile,500,10.0,10.0,0.8894257425742575,0.24798019801980198,3.5665921871600696,6.994539847739537,0.70745,0.02933545018019237,0.008533455971709049,0.02507,0
713,200,Right-skewed,20.0,0.05,upper,0.8,QFactor,500,10.0,10.0,0.9895445544554454,0.3205148514851485,4.565764622758419,5.492694881850616,0.71288,0.03137633740732331,0.016460474845637084,0.02377,0
714,200,Left-skewed,20.0,0.0,clean,0.8,MaxMin,500,0.0,0.0,0.8454257425742575,0.4408514851485148,7.3793750359772154,9.148096348670002,0.99997,0.00038652140638674936,0.025645121429130387,0.0,0
714,200,Left-skewed,20.0,0.0,clean,0.8,MeanSD,500,0.0,0.0,0.9402574257425742,0.05974257425742575,0.8543818348760451,1.0937790189916206,0.91576,0.012272882599234348,0.019753054025246138,0.0,0
714,200,Left-skewed,20.0,0.0,clean,0.8,MedianMAD,500,0.0,0.0,0.9169702970297029,0.08386138613861387,1.2182275273066214,1.5844421820162478,0.90501,0.02453066258407276,0.021635431177856705,0.0,0
714,200,Left-skewed,20.0,0.0,clean,0.8,Percentile,500,0.0,0.0,0.9249504950495048,0.07576237623762377,1.0709806620739484,1.382672497357939,0.9299799999999998,0.00031591074562033655,7.897768640550934e-05,0.0,0
714,200,Left-skewed,20.0,0.0,clean,0.8,QFactor,500,0.0,0.0,0.964891089108911,0.11372277227722773,1.6435233393716964,2.1212622047481755,0.99997,0.00038652140638674936,0.02058648693973155,0.0,0
715,200,Left-skewed,20.0,0.05,lower,0.8,MaxMin,500,10.0,10.0,0.8332475247524752,0.44904950495049506,7.682690341818485,9.56938541003151,0.9499499999999999,0.0004979919597583563,0.02512535527458764,0.0,0
715,200,Left-skewed,20.0,0.05,lower,0.8,MeanSD,500,10.0,10.0,0.9416039603960397,0.05839603960396039,0.8422332922856794,1.0908622299163537,0.87034,0.011078350947656383,0.019292046525941194,0.0,0
715,200,Left-skewed,20.0,0.05,lower,0.8,MedianMAD,500,10.0,10.0,0.9148910891089108,0.08510891089108912,1.229905844650376,1.586473886457608,0.8614400000000001,0.023060571978160485,0.02049138616332876,0.0,0
715,200,Left-skewed,20.0,0.05,lower,0.8,Percentile,500,10.0,10.0,0.9261188118811883,0.07443564356435645,1.063352070031781,1.3887309168807511,0.8849799999999999,0.00031591074562033644,7.897768640573862e-05,0.0,0
715,200,Left-skewed,20.0,0.05,lower,0.8,QFactor,500,10.0,10.0,0.9666336633663366,0.11435643564356436,1.6428725905282482,2.11205063342794,0.9499499999999999,0.0004979919597583563,0.01960859292073099,0.0,0
716,200,Left-skewed,20.0,0.05,upper,0.8,MaxMin,500,10.0,10.0,0.84790099009901,0.5250495049504951,8.87345940292992,10.241404309814733,1.0,0.0,0.023743882426263997,0.0,0
716,200,Left-skewed,20.0,0.05,upper,0.8,MeanSD,500,10.0,10.0,0.94190099009901,0.11746534653465347,1.6600697929539332,1.9541268171701618,0.92088,0.010874839044716799,0.019374002059402134,0.0,0
716,200,Left-skewed,20.0,0.05,upper,0.8,MedianMAD,500,10.0,10.0,0.9116435643564356,0.11017821782178218,1.571604980964905,1.9484075611751641,0.9091,0.023498816752712363,0.02096007677889361,0.0,0
716,200,Left-skewed,20.0,0.05,upper,0.8,Percentile,500,10.0,10.0,0.922990099009901,0.1199009900990099,1.776623934201285,2.1954249667076855,0.9299999999999998,2.222669831529484e-16,6.181800468941379e-16,0.0,0
716,200,Left-skewed,20.0,0.05,upper,0.8,QFactor,500,10.0,10.0,0.9897425742574257,0.010257425742574258,0.16681772380415485,0.24085858111160297,1.0,0.0,0.018249920886988916,0.0,0
717,200,Bimodal,20.0,0.0,clean,0.8,MaxMin,500,0.0,0.0,0.9286534653465348,0.1317029702970297,1.9559499422009374,2.6459355967744056,0.91517,0.019098444994355028,0.024938903631509086,0.02202,0
717,200,Bimodal,20.0,0.0,clean,0.8,MeanSD,500,0.0,0.0,0.9121584158415842,0.08847524752475247,1.2650687135173386,1.5752876653377585,0.8831800000000001,0.022452077667404573,0.02167950364984679,0.00131,0
717,200,Bimodal,20.0,0.0,clean,0.8,MedianMAD,500,0.0,0.0,0.8557425742574255,0.14552475247524752,2.0922279652183344,2.779999858721443,0.91247,0.021145765220808327,0.025341979676401654,0.02224,0
717,200,Bimodal,20.0,0.0,clean,0.8,Percentile,500,0.0,0.0,0.893960396039604,0.10603960396039605,1.549567403016307,1.9619636232779734,0.87106,0.016811950611595725,0.004746343411922652,0.00045,0
717,200,Bimodal,20.0,0.0,clean,0.8,QFactor,500,0.0,0.0,0.9458019801980198,0.16427722772277226,2.3431507939685146,3.0559549233091325,0.91517,0.019098444994355028,0.02354989966603817,0.00653,0
718,200,Bimodal,20.0,0.05,lower,0.8,MaxMin,500,10.0,10.0,0.9238019801980198,0.13849504950495048,2.051658201222727,2.7820932745643234,0.8702000000000001,0.019416849076410746,0.024467314825725082,0.02111,0
718,200,Bimodal,20.0,0.05,lower,0.8,MeanSD,500,10.0,10.0,0.9108910891089109,0.0891089108910891,1.2817580340159418,1.6002141123841778,0.8416600000000001,0.0223639148938364,0.021171916037023494,0.00148,0
718,200,Bimodal,20.0,0.05,lower,0.8,MedianMAD,500,10.0,10.0,0.857049504950495,0.14421782178217823,2.0626238315639984,2.7823795316375834,0.8678400000000001,0.020110775384682388,0.024493033623798448,0.02308,0
718,200,Bimodal,20.0,0.05,lower,0.8,Percentile,500,10.0,10.0,0.893069306930693,0.10744554455445544,1.56796818501479,2.0022776128048863,0.8289399999999999,0.01605902189950362,0.004782278348035346,0.0005,0
718,200,Bimodal,20.0,0.05,lower,0.8,QFactor,500,10.0,10.0,0.9444554455445543,0.1741584158415842,2.4873723495678854,3.2282156174992886,0.8702000000000001,0.019416849076410746,0.023329795719764165,0.00671,0
719,200,Bimodal,20.0,0.05,upper,0.8,MaxMin,500,10.0,10.0,0.958039603960396,0.13225742574257426,1.8976765247684744,2.360365567050775,0.9187799999999999,0.018987697736446645,0.023366016537226284,0.02137,0
719,200,Bimodal,20.0,0.05,upper,0.8,MeanSD,500,10.0,10.0,0.9162376237623762,0.20534653465346536,2.934445546766518,3.5466387078808568,0.8967200000000001,0.021463059564090666,0.020250132679238378,0.00187,0
719,200,Bimodal,20.0,0.05,upper,0.8,MedianMAD,500,10.0,10.0,0.8573465346534654,0.18031683168316834,2.6150167542122427,3.4916745805957894,0.9167000000000001,0.020256620185081346,0.024583224992528616,0.02289,0
719,200,Bimodal,20.0,0.05,upper,0.8,Percentile,500,10.0,10.0,0.8906138613861386,0.19960396039603961,2.9255831849172007,3.812992928283329,0.8734599999999999,0.016289847090641258,0.004626909257832567,0.00029,0
719,200,Bimodal,20.0,0.05,upper,0.8,QFactor,500,10.0,10.0,0.9905148514851485,0.01495049504950495,0.23914371617230534,0.3361136920378827,0.9187799999999999,0.018987697736446645,0.02186511624371725,0.00641,0
720,10,Normal,20.0,0.0,clean,0.9,MaxMin,500,0.0,0.0,0.7423960396039604,0.5713465346534654,12.47162884868777,14.88263570384742,0.9994000000000001,0.007730428127734978,0.08931772002541963,0.0,0
720,10,Normal,20.0,0.0,clean,0.9,MeanSD,500,0.0,0.0,0.7695643564356436,0.23316831683168315,3.709588524558705,4.731974858886788,0.9404000000000001,0.054163709389494906,0.08986000692466484,0.0,0
720,10,Normal,20.0,0.0,clean,0.9,MedianMAD,500,0.0,0.0,0.7370891089108911,0.276970297029703,4.8472612202116645,6.226527997239732,0.9200000000000002,0.08517340557965304,0.08292090059882543,0.0,0
720,10,Normal,20.0,0.0,clean,0.9,Percentile,500,0.0,0.0,0.7782772277227722,0.25405940594059406,4.346238503135586,5.477393999495028,0.8998000000000002,0.004472135954999578,0.0011180339887506604,0.0,0
720,10,Normal,20.0,0.0,clean,0.9,QFactor,500,0.0,0.0,0.834871287128713,0.4837029702970297,8.70630578235945,11.04183786237551,0.9994000000000001,0.007730428127734978,0.08476786777843368,0.0,0
721,10,Normal,20.0,0.05,lower,0.9,MaxMin,500,0.5,0.0,0.743009900990099,0.5728316831683169,12.408969371078893,14.755116335595456,0.9992000000000001,0.008917344788453133,0.09126305286923025,0.0,0
721,10,Normal,20.0,0.05,lower,0.9,MeanSD,500,0.5,0.0,0.7646930693069308,0.2380990099009901,3.775893539830522,4.764722998933806,0.943,0.05456146907677276,0.09143179385450131,0.0,0
721,10,Normal,20.0,0.05,lower,0.9,MedianMAD,500,0.5,0.0,0.7303762376237624,0.2835247524752475,5.007569063366094,6.339690060057842,0.9236,0.0856604659738769,0.08525737585018553,0.0,0
721,10,Normal,20.0,0.05,lower,0.9,Percentile,500,0.5,0.0,0.7737623762376237,0.257009900990099,4.4050974115065165,5.522674657097456,0.8998000000000002,0.004472135954999578,0.0011180339887506602,0.0,0
721,10,Normal,20.0,0.05,lower,0.9,QFactor,500,0.5,0.0,0.8390693069306931,0.4905148514851485,8.948996329794289,11.327131566602803,0.9992000000000001,0.008917344788453133,0.08701752173173607,0.0,0
722,10,Normal,20.0,0.05,upper,0.9,MaxMin,500,0.5,0.0,0.7405346534653466,0.571069306930693,12.465923939518877,14.893864628107254,0.9996,0.0063182149124067265,0.09124973709724205,0.0,0
722,10,Normal,20.0,0.05,upper,0.9,MeanSD,500,0.5,0.0,0.7596237623762377,0.24388118811881182,3.9031628054935905,4.911391559756524,0.9454000000000001,0.05370855814892885,0.09261759909048735,0.0,0
722,10,Normal,20.0,0.05,upper,0.9,MedianMAD,500,0.5,0.0,0.7325544554455446,0.283069306930693,4.992369168521634,6.349712196126021,0.923,0.08755759627428485,0.08529760695684244,0.0,0
722,10,Normal,20.0,0.05,upper,0.9,Percentile,500,0.5,0.0,0.7720198019801979,0.25764356435643565,4.4509788840620725,5.59579083180498,0.8998000000000002,0.004472135954999578,0.0011180339887506593,0.0,0
722,10,Normal,20.0,0.05,upper,0.9,QFactor,500,0.5,0.0,0.8284356435643564,0.4822376237623763,8.7392573938972,11.146779995095653,0.9996,0.0063182149124067265,0.08767371075766871,0.0,0
723,10,Compressed Normal,20.0,0.0,clean,0.9,MaxMin,500,0.0,0.0,0.9136039603960396,0.28738613861386136,6.487739440791752,7.7343674934228845,1.0,0.0,0.08963587051999268,0.0,0
723,10,Compressed Normal,20.0,0.0,clean,0.9,MeanSD,500,0.0,0.0,0.9203168316831682,0.08291089108910892,1.3128591892982706,1.680532447907368,0.9398000000000001,0.05405371039266803,0.0908650335797561,0.0,0
723,10,Compressed Normal,20.0,0.0,clean,0.9,MedianMAD,500,0.0,0.0,0.9118811881188118,0.09782178217821783,1.6854854880758283,2.1583271218518463,0.915,0.08631280206087158,0.08371681272930816,0.0,0
723,10,Compressed Normal,20.0,0.0,clean,0.9,Percentile,500,0.0,0.0,0.924019801980198,0.0911089108910891,1.5082647154236168,1.9058866210654788,0.9000000000000002,2.222669831529484e-16,1.0939703077059182e-15,0.0,0
723,10,Compressed Normal,20.0,0.0,clean,0.9,QFactor,500,0.0,0.0,0.9422178217821783,0.31596039603960396,4.89228321278116,6.022383883347304,1.0,0.0,0.0603260026317208,0.0,0
724,10,Compressed Normal,20.0,0.05,lower,0.9,MaxMin,500,0.5,0.0,0.9120396039603961,0.28807920792079206,6.460610181274036,7.678089977932032,1.0,0.0,0.09073713187901897,0.0,0
724,10,Compressed Normal,20.0,0.05,lower,0.9,MeanSD,500,0.5,0.0,0.9188514851485149,0.08326732673267327,1.3284545040874576,1.6651025936000656,0.9398000000000002,0.05515472861121112,0.09126495244547192,0.0,0
724,10,Compressed Normal,20.0,0.05,lower,0.9,MedianMAD,500,0.5,0.0,0.9087524752475247,0.09946534653465346,1.7356213514980903,2.1858772340120556,0.9188000000000001,0.08591462416428637,0.08365777695813859,0.0,0
724,10,Compressed Normal,20.0,0.05,lower,0.9,Percentile,500,0.5,0.0,0.9224356435643564,0.0919009900990099,1.5141028378457189,1.8878320446377996,0.9000000000000002,2.222669831529484e-16,1.0939703077059182e-15,0.0,0
724,10,Compressed Normal,20.0,0.05,lower,0.9,QFactor,500,0.5,0.0,0.9397227722772277,0.3171683168316832,4.904330580968013,6.038195392285471,1.0,0.0,0.0578079152069109,0.0,0
725,10,Compressed Normal,20.0,0.05,upper,0.9,MaxMin,500,0.5,0.0,0.9137227722772278,0.2883564356435644,6.5066609330803455,7.7478535588691875,1.0,0.0,0.09123200539021806,0.0,0
725,10,Compressed Normal,20.0,0.05,upper,0.9,MeanSD,500,0.5,0.0,0.9196435643564358,0.08306930693069307,1.3049442497289172,1.6291777305553363,0.9408000000000002,0.0542332230737759,0.09024199147756537,0.0,0
725,10,Compressed Normal,20.0,0.05,upper,0.9,MedianMAD,500,0.5,0.0,0.9112475247524753,0.0973069306930693,1.6815177672569745,2.1396169077215275,0.9200000000000002,0.08398873862865702,0.08370598874959063,0.0,0
725,10,Compressed Normal,20.0,0.05,upper,0.9,Percentile,500,0.5,0.0,0.923920792079208,0.09138613861386138,1.4928084752082589,1.8723696368261546,0.9000000000000002,2.222669831529484e-16,1.0939703077059182e-15,0.0,0
725,10,Compressed Normal,20.0,0.05,upper,0.9,QFactor,500,0.5,0.0,0.9431089108910892,0.3175841584158416,4.911130705511037,6.036128175466957,1.0,0.0,0.060766159527985114,0.0,0
726,10,Uniform,20.0,0.0,clean,0.9,MaxMin,500,0.0,0.0,0.7007326732673267,0.4125742574257426,7.150884161543052,9.65360123398583,0.8676000000000001,0.10378720329180409,0.09621791607810182,0.0052,0
726,10,Uniform,20.0,0.0,clean,0.9,MeanSD,500,0.0,0.0,0.6143762376237624,0.38883168316831684,6.285275246880419,8.221343848181592,0.8458000000000002,0.10150352669668049,0.0937521396463917,0.015,0
726,10,Uniform,20.0,0.0,clean,0.9,MedianMAD,500,0.0,0.0,0.5192079207920792,0.5213861386138613,10.140660929066927,13.537265889419238,0.8324000000000001,0.12578506973220263,0.09114873335885501,0.0268,0
726,10,Uniform,20.0,0.0,clean,0.9,Percentile,500,0.0,0.0,0.6212277227722771,0.4384356435643565,7.985971102754969,10.42709926297527,0.8006000000000001,0.09119359925504741,0.029820909194175165,0.001,0
726,10,Uniform,20.0,0.0,clean,0.9,QFactor,500,0.0,0.0,0.8107722772277227,0.4025148514851485,7.072892415818602,9.677898444199808,0.8676000000000001,0.10378720329180409,0.09804183097859254,0.0056,0
727,10,Uniform,20.0,0.05,lower,0.9,MaxMin,500,0.5,0.0,0.7042574257425742,0.40370297029702973,6.807694322055769,9.045856069879484,0.8678000000000001,0.1019998428227796,0.09771015891596216,0.0062,0
727,10,Uniform,20.0,0.05,lower,0.9,MeanSD,500,0.5,0.0,0.6217029702970297,0.38118811881188125,6.058593184862286,7.829354560116416,0.8492000000000001,0.0981765617372553,0.09703033473801566,0.0136,0
727,10,Uniform,20.0,0.05,lower,0.9,MedianMAD,500,0.5,0.0,0.5159405940594058,0.5155841584158417,10.070852657119165,13.574442862417074,0.8412000000000001,0.12004741882077709,0.0939638561197399,0.0276,0
727,10,Uniform,20.0,0.05,lower,0.9,Percentile,500,0.5,0.0,0.6208712871287129,0.4381782178217822,7.836541387191178,10.07706864181002,0.8052,0.08710990915243279,0.028392858610043398,0.0018,0
727,10,Uniform,20.0,0.05,lower,0.9,QFactor,500,0.5,0.0,0.8225148514851485,0.3928118811881188,6.74107419748594,9.158692173288799,0.8678000000000001,0.1019998428227796,0.0988694518562509,0.0046,0
728,10,Uniform,20.0,0.05,upper,0.9,MaxMin,500,0.5,0.0,0.6993663366336633,0.39154455445544556,6.627531845966109,8.919115988751813,0.8646000000000001,0.10634593982769476,0.09773907611752378,0.0048,0
728,10,Uniform,20.0,0.05,upper,0.9,MeanSD,500,0.5,0.0,0.6264950495049505,0.37639603960396045,6.055848697002979,7.908994999851453,0.8444,0.10064242542581724,0.09491618025279103,0.017,0
728,10,Uniform,20.0,0.05,upper,0.9,MedianMAD,500,0.5,0.0,0.5206732673267326,0.5224950495049505,10.17868202126942,13.507368630548395,0.8356,0.12777046051870644,0.09342713163768424,0.026,0
728,10,Uniform,20.0,0.05,upper,0.9,Percentile,500,0.5,0.0,0.6172079207920792,0.4344554455445545,7.841308095381189,10.161270939296495,0.8024000000000001,0.09171184287892431,0.030417174147556573,0.002,0
728,10,Uniform,20.0,0.05,upper,0.9,QFactor,500,0.5,0.0,0.8183366336633662,0.3699207920792079,6.2836499707933156,8.683072249488173,0.8646000000000001,0.10634593982769476,0.09981418317357468,0.0036,0
729,10,Right-skewed,20.0,0.0,clean,0.9,MaxMin,500,0.0,0.0,0.8065148514851485,0.4958613861386138,12.791065990493454,16.920099330322795,0.6852,0.15001990515890812,0.09518390410137481,0.0202,0
729,10,Right-skewed,20.0,0.0,clean,0.9,MeanSD,500,0.0,0.0,0.7930099009900989,0.2135445544554455,3.750897679619189,5.14888015842814,0.6921999999999999,0.14226608618555978,0.09238199693070424,0.0666,0
729,10,Right-skewed,20.0,0.0,clean,0.9,MedianMAD,500,0.0,0.0,0.7788316831683169,0.23744554455445543,4.771793330498332,6.562005211093256,0.6904000000000001,0.1454308780161941,0.08720214545828003,0.0792,0
729,10,Right-skewed,20.0,0.0,clean,0.9,Percentile,500,0.0,0.0,0.7987128712871285,0.2453069306930693,4.671561780153093,6.188207241535149,0.6335999999999999,0.13692529742216483,0.04583359077692045,0.0098,0
729,10,Right-skewed,20.0,0.0,clean,0.9,QFactor,500,0.0,0.0,0.8429702970297029,0.5166930693069307,15.361580693321867,19.04160701659015,0.6841999999999999,0.15131474582673435,0.09390880063172143,0.0124,0
730,10,Right-skewed,20.0,0.05,lower,0.9,MaxMin,500,0.5,0.0,0.8072277227722773,0.4946930693069307,12.76374569592193,16.91025614743088,0.685,0.15006678539956908,0.09596020261619626,0.0206,0
730,10,Right-skewed,20.0,0.05,lower,0.9,MeanSD,500,0.5,0.0,0.7920396039603961,0.21663366336633663,3.78388101436322,5.162882934217666,0.6905999999999999,0.13903345137484865,0.09445044706715247,0.0756,0
730,10,Right-skewed,20.0,0.05,lower,0.9,MedianMAD,500,0.5,0.0,0.7778613861386138,0.2457029702970297,5.000699598816618,6.747286476839425,0.6842,0.14454115084839042,0.08810453611740948,0.0784,0
730,10,Right-skewed,20.0,0.05,lower,0.9,Percentile,500,0.5,0.0,0.7959405940594061,0.2468910891089109,4.649190529505045,6.155344928346794,0.6312,0.1358804142396832,0.04541844863148635,0.0104,0
730,10,Right-skewed,20.0,0.05,lower,0.9,QFactor,500,0.5,0.0,0.8410099009900991,0.5166138613861386,15.372977187378622,19.064279403604516,0.6845999999999999,0.15095832813616922,0.09731719009592293,0.0174,0
731,10,Right-skewed,20.0,0.05,upper,0.9,MaxMin,500,0.5,0.0,0.8081980198019802,0.49370297029702975,12.73316866560379,16.882134666756162,0.6978,0.1445577874340073,0.09519546269510856,0.0208,0
731,10,Right-skewed,20.0,0.05,upper,0.9,MeanSD,500,0.5,0.0,0.7994455445544555,0.20621782178217818,3.579098849821654,5.030055405235243,0.7022,0.13904613498875337,0.09257610500867952,0.0692,0
731,10,Right-skewed,20.0,0.05,upper,0.9,MedianMAD,500,0.5,0.0,0.7810297029702971,0.23718811881188118,4.679705732285897,6.4523150310651305,0.7032,0.14335571744247558,0.0878573821111423,0.077,0
731,10,Right-skewed,20.0,0.05,upper,0.9,Percentile,500,0.5,0.0,0.7999603960396039,0.24128712871287125,4.490724176191563,5.999662643277619,0.6437999999999999,0.13378099532227603,0.04451640975231931,0.0084,0
731,10,Right-skewed,20.0,0.05,upper,0.9,QFactor,500,0.5,0.0,0.8429108910891089,0.5166534653465347,15.330988479475923,19.007708440337225,0.6965999999999999,0.14550182666594347,0.09442008736694642,0.0164,0
732,10,Left-skewed,20.0,0.0,clean,0.9,MaxMin,500,0.0,0.0,0.7482376237623762,0.5836237623762376,15.601673968679734,19.33722121856053,1.0,0.0,0.08761712235476449,0.0,0
732,10,Left-skewed,20.0,0.0,clean,0.9,MeanSD,500,0.0,0.0,0.7557821782178218,0.24974257425742574,3.9639614218242523,5.026109186147214,0.9220000000000002,0.05330744194513056,0.08899370507862858,0.0,0
732,10,Left-skewed,20.0,0.0,clean,0.9,MedianMAD,500,0.0,0.0,0.7197623762376236,0.2994851485148515,5.348298383292359,6.898556858259768,0.8964000000000001,0.09383309276900764,0.08463386547470589,0.0,0
732,10,Left-skewed,20.0,0.0,clean,0.9,Percentile,500,0.0,0.0,0.7658811881188119,0.27528712871287125,4.689873877369134,5.988605276996222,0.9000000000000002,2.222669831529484e-16,1.0939703077059182e-15,0.0,0
732,10,Left-skewed,20.0,0.0,clean,0.9,QFactor,500,0.0,0.0,0.90209900990099,0.2914851485148515,4.413344395344632,5.707216160143592,1.0,0.0,0.07857051531435692,0.0,0
733,10,Left-skewed,20.0,0.05,lower,0.9,MaxMin,500,0.5,0.0,0.7403762376237623,0.5796435643564356,15.48794330441813,19.3630104408813,0.9997999999999999,0.004472135954999578,0.08712977910848252,0.0,0
733,10,Left-skewed,20.0,0.05,lower,0.9,MeanSD,500,0.5,0.0,0.7485940594059408,0.2556831683168317,4.138439124945885,5.311602676421444,0.9238000000000002,0.053472222294516876,0.08975966327521476,0.0,0
733,10,Left-skewed,20.0,0.05,lower,0.9,MedianMAD,500,0.5,0.0,0.7177623762376236,0.30324752475247524,5.392901884586261,6.944142409548135,0.8964000000000001,0.09719018398854617,0.08547109094197414,0.0,0
733,10,Left-skewed,20.0,0.05,lower,0.9,Percentile,500,0.5,0.0,0.7615049504950494,0.270019801980198,4.695669039212326,6.097583043744343,0.9000000000000002,2.222669831529484e-16,1.0939703077059182e-15,0.0,0
733,10,Left-skewed,20.0,0.05,lower,0.9,QFactor,500,0.5,0.0,0.9017425742574257,0.2884950495049505,4.363319429370912,5.6738557070510165,0.9997999999999999,0.004472135954999578,0.0783581661267774,0.0,0
734,10,Left-skewed,20.0,0.05,upper,0.9,MaxMin,500,0.5,0.0,0.7467920792079208,0.5822376237623762,15.397875912116582,19.095142367105517,1.0,0.0,0.08823615908416946,0.0,0
734,10,Left-skewed,20.0,0.05,upper,0.9,MeanSD,500,0.5,0.0,0.7511287128712871,0.25223762376237624,4.062181074877757,5.241407590806863,0.9256000000000001,0.05205823777501962,0.09010646598536895,0.0,0
734,10,Left-skewed,20.0,0.05,upper,0.9,MedianMAD,500,0.5,0.0,0.7125346534653467,0.3067920792079208,5.472362877460851,7.035899723936062,0.899,0.0937901550610337,0.0854655301277949,0.0,0
734,10,Left-skewed,20.0,0.05,upper,0.9,Percentile,500,0.5,0.0,0.7581782178217821,0.2742970297029703,4.738729356475241,6.115621770373271,0.9000000000000002,2.222669831529484e-16,1.0939703077059182e-15,0.0,0
734,10,Left-skewed,20.0,0.05,upper,0.9,QFactor,500,0.5,0.0,0.8985148514851485,0.28378217821782176,4.29175578709052,5.595377898649148,1.0,0.0,0.07905742283950093,0.0,0
735,10,Bimodal,20.0,0.0,clean,0.9,MaxMin,500,0.0,0.0,0.7128316831683169,0.4225742574257426,7.322725208293948,9.559717433557912,0.9012,0.09303693752207762,0.09746515975095107,0.005,0
735,10,Bimodal,20.0,0.0,clean,0.9,MeanSD,500,0.0,0.0,0.6387128712871287,0.3647326732673267,5.848218098817314,7.57088241325467,0.8782000000000001,0.09296259510241929,0.09709409469104645,0.0118,0
735,10,Bimodal,20.0,0.0,clean,0.9,MedianMAD,500,0.0,0.0,0.5393267326732674,0.5036831683168317,9.778189679044567,13.166756790796827,0.8602000000000001,0.12307011215161065,0.0940829570710357,0.02,0
735,10,Bimodal,20.0,0.0,clean,0.9,Percentile,500,0.0,0.0,0.6440594059405941,0.40732673267326736,7.449493140274725,9.670158277297789,0.8282000000000002,0.08048425579491758,0.02589559072633501,0.0008,0
735,10,Bimodal,20.0,0.0,clean,0.9,QFactor,500,0.0,0.0,0.8222574257425743,0.42760396039603965,7.5436203483919675,9.916251448866827,0.9012,0.09303693752207762,0.100644852979929,0.0032,0
736,10,Bimodal,20.0,0.05,lower,0.9,MaxMin,500,0.5,0.0,0.7381980198019803,0.4149702970297029,7.00978578807128,9.111810406731344,0.901,0.0933618383802047,0.09718954813826224,0.002,0
736,10,Bimodal,20.0,0.05,lower,0.9,MeanSD,500,0.5,0.0,0.6476237623762376,0.35568316831683167,5.551551272979946,7.094173266678442,0.8760000000000001,0.09295849915489308,0.09524295800517116,0.0128,0
736,10,Bimodal,20.0,0.05,lower,0.9,MedianMAD,500,0.5,0.0,0.5380396039603961,0.49999999999999994,9.563577931771707,12.828166550954498,0.8586,0.11140404715918939,0.09214079890146294,0.0236,0
736,10,Bimodal,20.0,0.05,lower,0.9,Percentile,500,0.5,0.0,0.6451683168316832,0.40013861386138616,7.150606051725263,9.245254989564838,0.8280000000000002,0.08142025864018163,0.02627781538228929,0.0002,0
736,10,Bimodal,20.0,0.05,lower,0.9,QFactor,500,0.5,0.0,0.8412673267326731,0.42803960396039603,7.413634019845194,9.6779097649176,0.901,0.0933618383802047,0.09858570129439301,0.0038,0
737,10,Bimodal,20.0,0.05,upper,0.9,MaxMin,500,0.5,0.0,0.7361980198019802,0.4131089108910891,6.971470440256471,9.04719963036704,0.9014000000000001,0.09074419550602711,0.09676829785167317,0.0036,0
737,10,Bimodal,20.0,0.05,upper,0.9,MeanSD,500,0.5,0.0,0.6402178217821782,0.3652277227722773,5.792607495484846,7.418168823948718,0.8768000000000001,0.09444362973963248,0.09428165108839581,0.012,0
737,10,Bimodal,20.0,0.05,upper,0.9,MedianMAD,500,0.5,0.0,0.5338613861386138,0.49843564356435655,9.773115563159545,13.183222173978765,0.86,0.128034314037848,0.09473941625788132,0.0232,0
737,10,Bimodal,20.0,0.05,upper,0.9,Percentile,500,0.5,0.0,0.6408910891089109,0.40205940594059403,7.307077916825889,9.568309612486326,0.8272,0.07970486642271554,0.026070960135338366,0.0014,0
737,10,Bimodal,20.0,0.05,upper,0.9,QFactor,500,0.5,0.0,0.839881188118812,0.42281188118811874,7.23405501095497,9.392574106270885,0.9014000000000001,0.09074419550602711,0.09962211830091267,0.0032,0
738,15,Normal,20.0,0.0,clean,0.9,MaxMin,500,0.0,0.0,0.737128712871287,0.5528514851485149,11.484822511313478,13.730498238566954,0.9994666666666667,0.005944896525635423,0.07858642098188542,0.0,0
738,15,Normal,20.0,0.0,clean,0.9,MeanSD,500,0.0,0.0,0.7947326732673268,0.2068910891089109,3.1789674729925763,4.045158999923026,0.9380000000000002,0.04141238373492611,0.07322261054897217,0.0,0
738,15,Normal,20.0,0.0,clean,0.9,MedianMAD,500,0.0,0.0,0.755049504950495,0.25049504950495055,4.162200200548885,5.395908278734572,0.922,0.07658660976547084,0.07621807453628843,0.0,0
738,15,Normal,20.0,0.0,clean,0.9,Percentile,500,0.0,0.0,0.7863366336633664,0.23699009900990098,3.8630348210236707,4.877335649706022,0.9332,0.0029814239699997185,0.0007453559925000078,0.0,0
738,15,Normal,20.0,0.0,clean,0.9,QFactor,500,0.0,0.0,0.8450693069306932,0.4588316831683168,7.887904819998052,10.045950503625686,0.9994666666666667,0.005944896525635423,0.0745002188728759,0.0,0
739,15,Normal,20.0,0.05,lower,0.9,MaxMin,500,0.75,1.0,0.7419207920792079,0.5517821782178218,11.452616317265335,13.72821486488329,0.9329333333333334,0.005153618751823319,0.07599077665177759,0.0,0
739,15,Normal,20.0,0.05,lower,0.9,MeanSD,500,0.75,1.0,0.7935841584158417,0.20738613861386138,3.1771935088840837,4.058847814041103,0.8746666666666668,0.042709397440186994,0.07223053835301325,0.0,0
739,15,Normal,20.0,0.05,lower,0.9,MedianMAD,500,0.75,1.0,0.7518217821782178,0.2595049504950495,4.355993129703957,5.566447771706232,0.8590666666666669,0.06976769035011217,0.06795525158051192,0.0,0
739,15,Normal,20.0,0.05,lower,0.9,Percentile,500,0.75,1.0,0.7831683168316832,0.2383762376237624,3.8983470115740273,4.9231833363044695,0.8665333333333337,0.0029814239699997185,0.0014907119849999068,0.0,0
739,15,Normal,20.0,0.05,lower,0.9,QFactor,500,0.75,1.0,0.8502970297029704,0.45958415841584166,7.851426154998183,9.986357939253937,0.9329333333333334,0.005153618751823319,0.07069260799168839,0.0,0
740,15,Normal,20.0,0.05,upper,0.9,MaxMin,500,0.75,1.0,0.7966930693069307,0.5741188118811881,12.606185790631391,14.864170632864074,0.9992000000000001,0.0072662873047881025,0.0710561272390009,0.0,0
740,15,Normal,20.0,0.05,upper,0.9,MeanSD,500,0.75,1.0,0.81390099009901,0.2676831683168317,4.180815401858051,5.124645944479221,0.9634666666666667,0.03701727075902099,0.06785392048310075,0.0,0
740,15,Normal,20.0,0.05,upper,0.9,MedianMAD,500,0.75,1.0,0.7356237623762376,0.2715445544554455,4.4281700914599185,5.671338198922202,0.9356000000000001,0.0682133214670143,0.07059250590329127,0.0,0
740,15,Normal,20.0,0.05,upper,0.9,Percentile,500,0.75,1.0,0.7683168316831682,0.24704950495049502,3.966657211434359,5.0921069212682335,0.9332,0.0029814239699997194,0.0007453559925000108,0.0,0
740,15,Normal,20.0,0.05,upper,0.9,QFactor,500,0.75,1.0,0.9711881188118813,0.06275247524752474,0.8619065683772041,1.1728904720371354,0.9992000000000001,0.0072662873047881025,0.06382207753636497,0.0,0
741,15,Compressed Normal,20.0,0.0,clean,0.9,MaxMin,500,0.0,0.0,0.9127524752475248,0.2827326732673267,6.095280160760505,7.259602976745511,1.0,0.0,0.07820838152687107,0.0,0
741,15,Compressed Normal,20.0,0.0,clean,0.9,MeanSD,500,0.0,0.0,0.9322772277227722,0.06930693069306931,1.0171063706451569,1.2979309907144103,0.9386666666666668,0.04078936121614662,0.07276490473555604,0.0,0
741,15,Compressed Normal,20.0,0.0,clean,0.9,MedianMAD,500,0.0,0.0,0.9208316831683168,0.08500990099009902,1.3417286042452625,1.7382318528835057,0.9213333333333334,0.0732123858388303,0.07385370960071644,0.0,0
741,15,Compressed Normal,20.0,0.0,clean,0.9,Percentile,500,0.0,0.0,0.93,0.08243564356435644,1.2479067685287542,1.583391663835166,0.9333333333333335,1.111334915764742e-16,3.0214418022353927e-16,0.0,0
741,15,Compressed Normal,20.0,0.0,clean,0.9,QFactor,500,0.0,0.0,0.9502574257425742,0.3038415841584159,4.560831803308078,5.5982563134436765,1.0,0.0,0.05242333540476521,0.0,0
742,15,Compressed Normal,20.0,0.05,lower,0.9,MaxMin,500,0.75,1.0,0.910950495049505,0.28396039603960394,6.1612288189356486,7.338101940801131,0.9333333333333335,1.111334915764742e-16,0.07692985169799305,0.0,0
742,15,Compressed Normal,20.0,0.05,lower,0.9,MeanSD,500,0.75,1.0,0.9298217821782179,0.07174257425742575,1.0680825725112684,1.3575902280820618,0.8756000000000002,0.04135556537877118,0.07192878819602705,0.0,0
742,15,Compressed Normal,20.0,0.05,lower,0.9,MedianMAD,500,0.75,1.0,0.9186534653465346,0.08631683168316831,1.4042829553887857,1.8031255095126881,0.8580000000000001,0.07434415987968682,0.06974508810101271,0.0,0
742,15,Compressed Normal,20.0,0.05,lower,0.9,Percentile,500,0.75,1.0,0.9266732673267326,0.08526732673267327,1.3225722805843247,1.6697592479396912,0.8666666666666669,2.222669831529484e-16,1.0418764835294457e-16,0.0,0
742,15,Compressed Normal,20.0,0.05,lower,0.9,QFactor,500,0.75,1.0,0.9481782178217822,0.3064158415841584,4.621981102435927,5.673006909274509,0.9333333333333335,1.111334915764742e-16,0.0495702107936847,0.0,0
743,15,Compressed Normal,20.0,0.05,upper,0.9,MaxMin,500,0.75,1.0,0.9190693069306931,0.5007722772277228,15.396244147817912,15.625930818714473,1.0,0.0,0.05202981908366402,0.0,0
743,15,Compressed Normal,20.0,0.05,upper,0.9,MeanSD,500,0.75,1.0,0.9401980198019803,0.26647524752475243,5.847289142450276,6.897924976443191,0.9997333333333334,0.004212143274937814,0.04480730598161471,0.0,0
743,15,Compressed Normal,20.0,0.05,upper,0.9,MedianMAD,500,0.75,1.0,0.9122376237623762,0.09033663366336635,1.492828808979283,1.9301716166134422,0.9266666666666666,0.07143906784219442,0.0702219042509501,0.0,0
743,15,Compressed Normal,20.0,0.05,upper,0.9,Percentile,500,0.75,1.0,0.9209306930693071,0.09540594059405942,1.51387522751182,1.9913419931083856,0.9333333333333335,1.111334915764742e-16,3.0214418022353927e-16,0.0,0
743,15,Compressed Normal,20.0,0.05,upper,0.9,QFactor,500,0.75,1.0,0.973108910891089,0.4939801980198019,8.451212925080187,10.169779130347209,1.0,0.0,0.03144653068725059,0.0,0
744,15,Uniform,20.0,0.0,clean,0.9,MaxMin,500,0.0,0.0,0.7649108910891089,0.336039603960396,5.203956966589097,7.006187615868173,0.8660000000000001,0.08403909556635927,0.08254988972452548,0.009066666666666667,0
744,15,Uniform,20.0,0.0,clean,0.9,MeanSD,500,0.0,0.0,0.6748316831683169,0.3270693069306932,4.962643630866338,6.423221156710121,0.8433333333333334,0.0819355042317274,0.07653211427221081,0.012933333333333333,0
744,15,Uniform,20.0,0.0,clean,0.9,MedianMAD,500,0.0,0.0,0.5488712871287129,0.46451485148514854,8.29435116778805,11.102804433591482,0.8428,0.09839133622133697,0.07800636064148345,0.031066666666666666,0
744,15,Uniform,20.0,0.0,clean,0.9,Percentile,500,0.0,0.0,0.6396039603960395,0.39235643564356437,6.467295055516854,8.378718488728419,0.8328000000000002,0.07255050682780123,0.02553130378490971,0.0036,0
744,15,Uniform,20.0,0.0,clean,0.9,QFactor,500,0.0,0.0,0.8560396039603961,0.3402178217821782,5.335575197401239,7.141961728001147,0.8660000000000001,0.08403909556635927,0.08217307634286639,0.005733333333333333,0
745,15,Uniform,20.0,0.05,lower,0.9,MaxMin,500,0.75,1.0,0.7591287128712871,0.3443366336633663,5.338401309895598,7.138011782887491,0.8137333333333333,0.08565734661267602,0.0797531120118134,0.0072,0
745,15,Uniform,20.0,0.05,lower,0.9,MeanSD,500,0.75,1.0,0.6699603960396039,0.3307326732673267,5.017173886832382,6.450426646857102,0.7916,0.08415093902539349,0.07528981153365873,0.015466666666666667,0
745,15,Uniform,20.0,0.05,lower,0.9,MedianMAD,500,0.75,1.0,0.5439009900990099,0.4740792079207921,8.354268067731827,11.060794662642767,0.7909333333333334,0.09374810025537518,0.07548109619256443,0.04293333333333333,0
745,15,Uniform,20.0,0.05,lower,0.9,Percentile,500,0.75,1.0,0.6384158415841583,0.39435643564356443,6.557140419411315,8.479698995186904,0.7745333333333333,0.07334839221105371,0.026855440482855642,0.002,0
745,15,Uniform,20.0,0.05,lower,0.9,QFactor,500,0.75,1.0,0.8486138613861386,0.3372277227722772,5.391046202467231,7.356787089018447,0.8137333333333333,0.08565734661267602,0.07965080258791989,0.0054666666666666665,0
746,15,Uniform,20.0,0.05,upper,0.9,MaxMin,500,0.75,1.0,0.8488910891089109,0.2514653465346534,3.7989713166822985,5.397330545195545,0.8818666666666668,0.08472823202545818,0.08172569294042809,0.007866666666666666,0
746,15,Uniform,20.0,0.05,upper,0.9,MeanSD,500,0.75,1.0,0.7087920792079209,0.35241584158415834,5.343518407833104,6.82849721586899,0.8601333333333334,0.08452773962683335,0.07550606602670044,0.014,0
746,15,Uniform,20.0,0.05,upper,0.9,MedianMAD,500,0.75,1.0,0.5454653465346535,0.4698415841584159,8.425116668901866,11.028382561127966,0.8609333333333334,0.09849918081734396,0.07763491489995604,0.031066666666666666,0
746,15,Uniform,20.0,0.05,upper,0.9,Percentile,500,0.75,1.0,0.6396237623762376,0.3914851485148515,6.353576396462652,8.12529771857892,0.8425333333333334,0.07523306028637572,0.025093315743205658,0.0014666666666666667,0
746,15,Uniform,20.0,0.05,upper,0.9,QFactor,500,0.75,1.0,0.9734257425742574,0.06142574257425743,0.9637425390981145,1.275311284144645,0.8818666666666668,0.08472823202545818,0.08167662139802265,0.0052,0
747,15,Right-skewed,20.0,0.0,clean,0.9,MaxMin,500,0.0,0.0,0.8046930693069307,0.4783960396039604,11.553183412985964,15.444997166277146,0.6892,0.1254829193045232,0.08232061438302123,0.026533333333333332,0
747,15,Right-skewed,20.0,0.0,clean,0.9,MeanSD,500,0.0,0.0,0.8180000000000001,0.18548514851485146,3.006173282414159,4.155732613092886,0.6921333333333334,0.11997320267853198,0.0758607133080647,0.0676,0
747,15,Right-skewed,20.0,0.0,clean,0.9,MedianMAD,500,0.0,0.0,0.7945940594059406,0.21794059405940594,3.950392909200678,5.377913450557166,0.6930666666666667,0.12382934795447186,0.07359403689269074,0.07906666666666666,0
747,15,Right-skewed,20.0,0.0,clean,0.9,Percentile,500,0.0,0.0,0.8003960396039604,0.22411881188118807,3.79394654799597,5.025168861899637,0.6606666666666666,0.11858852215237223,0.037390853534642825,0.0104,0
747,15,Right-skewed,20.0,0.0,clean,0.9,QFactor,500,0.0,0.0,0.8379603960396039,0.5065544554455446,13.944707121218215,17.343123307382573,0.6884000000000001,0.12576594987633416,0.07956902575769151,0.0164,0
748,15,Right-skewed,20.0,0.05,lower,0.9,MaxMin,500,0.75,1.0,0.8053069306930692,0.4821980198019802,11.798506964520518,15.7189379761844,0.6414666666666667,0.1126810574501448,0.07484352801089585,0.026533333333333332,0
748,15,Right-skewed,20.0,0.05,lower,0.9,MeanSD,500,0.75,1.0,0.8135643564356436,0.1891683168316832,3.140504539866302,4.363902642809382,0.6442666666666667,0.10865678551531648,0.0709423755166331,0.06453333333333333,0
748,15,Right-skewed,20.0,0.05,lower,0.9,MedianMAD,500,0.75,1.0,0.796019801980198,0.21403960396039606,3.9465417903258304,5.513697223413203,0.6486666666666666,0.11303587826484901,0.06992812998590843,0.0788,0
748,15,Right-skewed,20.0,0.05,lower,0.9,Percentile,500,0.75,1.0,0.8036435643564357,0.22312871287128708,3.901059036260253,5.2496160010825275,0.6099999999999999,0.1027673208976909,0.03374328464883484,0.010133333333333333,0
748,15,Right-skewed,20.0,0.05,lower,0.9,QFactor,500,0.75,1.0,0.8411881188118813,0.5104950495049505,14.263395462110738,17.68064877188518,0.6406666666666666,0.11313039317800548,0.0737247249369567,0.015733333333333332,0
749,15,Right-skewed,20.0,0.05,upper,0.9,MaxMin,500,0.75,1.0,0.9075445544554456,0.5499999999999999,8.132542627682039,8.820813788452453,0.7152,0.10797659262904265,0.06273308135038855,0.024533333333333334,0
749,15,Right-skewed,20.0,0.05,upper,0.9,MeanSD,500,0.75,1.0,0.825069306930693,0.4457029702970297,8.868840976470462,11.73596078415075,0.7525333333333333,0.10254077942512652,0.06366323925190831,0.21,0
749,15,Right-skewed,20.0,0.05,upper,0.9,MedianMAD,500,0.75,1.0,0.7658217821782177,0.24500990099009895,4.529217283834114,6.417914320986204,0.7246666666666667,0.11000091090896297,0.06884926142269562,0.08453333333333334,0
749,15,Right-skewed,20.0,0.05,upper,0.9,Percentile,500,0.75,1.0,0.7614059405940595,0.3172475247524752,5.282539813349103,7.50546658539789,0.6862666666666667,0.10084400010932448,0.033542443260345556,0.008133333333333333,0
749,15,Right-skewed,20.0,0.05,upper,0.9,QFactor,500,0.75,1.0,0.974,0.3130891089108911,4.620936892635577,5.577985282751286,0.7152,0.10797659262904265,0.06160616239579256,0.013333333333333334,0
750,15,Left-skewed,20.0,0.0,clean,0.9,MaxMin,500,0.0,0.0,0.7421980198019802,0.5562574257425743,13.542611721192737,16.985995063911105,1.0,0.0,0.07477316098936179,0.0,0
750,15,Left-skewed,20.0,0.0,clean,0.9,MeanSD,500,0.0,0.0,0.7832475247524752,0.2184356435643565,3.3245501259525008,4.245930727724999,0.9202666666666669,0.04034939808261128,0.0727539811891904,0.0,0
750,15,Left-skewed,20.0,0.0,clean,0.9,MedianMAD,500,0.0,0.0,0.7274851485148515,0.28308910891089106,4.752241252474249,6.110322010343786,0.8957333333333334,0.08221775671372988,0.07480103254377515,0.0,0
750,15,Left-skewed,20.0,0.0,clean,0.9,Percentile,500,0.0,0.0,0.7728118811881188,0.2483168316831683,3.9586534027237197,5.0788872227696285,0.9333333333333335,1.111334915764742e-16,3.0214418022353927e-16,0.0,0
750,15,Left-skewed,20.0,0.0,clean,0.9,QFactor,500,0.0,0.0,0.9202574257425742,0.2572079207920792,3.833936186519178,4.913107715894167,1.0,0.0,0.06632147640213294,0.0,0
751,15,Left-skewed,20.0,0.05,lower,0.9,MaxMin,500,0.75,1.0,0.7463168316831682,0.5672871287128712,14.19289532932354,17.63890681294625,0.9329333333333334,0.0051536187518233184,0.07353562687879205,0.0,0
751,15,Left-skewed,20.0,0.05,lower,0.9,MeanSD,500,0.75,1.0,0.774831683168317,0.22716831683168315,3.5319907318669825,4.551048655635846,0.8576000000000003,0.040784120276293814,0.07115501161814299,0.0,0
751,15,Left-skewed,20.0,0.05,lower,0.9,MedianMAD,500,0.75,1.0,0.7317227722772277,0.27881188118811884,4.771104827495294,6.229696651227718,0.8368000000000001,0.081493955307898,0.07099157206769914,0.0,0
751,15,Left-skewed,20.0,0.05,lower,0.9,Percentile,500,0.75,1.0,0.7697821782178217,0.25605940594059406,4.227269949129452,5.4555199437197945,0.8665333333333336,0.0029814239699997185,0.0014907119849998994,0.0,0
751,15,Left-skewed,20.0,0.05,lower,0.9,QFactor,500,0.75,1.0,0.9078613861386139,0.26653465346534655,4.003587472393404,5.1850165744430035,0.9329333333333334,0.0051536187518233184,0.06512850150493564,0.0,0
752,15,Left-skewed,20.0,0.05,upper,0.9,MaxMin,500,0.75,1.0,0.7581782178217821,0.631089108910891,15.870831804264046,18.718002278854932,1.0,0.0,0.07357585124065501,0.0,0
752,15,Left-skewed,20.0,0.05,upper,0.9,MeanSD,500,0.75,1.0,0.7947920792079209,0.24075247524752477,3.703656818375851,4.57530648512928,0.9241333333333335,0.0388521568422359,0.0696323348468243,0.0,0
752,15,Left-skewed,20.0,0.05,upper,0.9,MedianMAD,500,0.75,1.0,0.7284950495049508,0.28465346534653474,4.7691498863272885,6.120333835771867,0.9037333333333334,0.07824801704202275,0.0714662504117986,0.0,0
752,15,Left-skewed,20.0,0.05,upper,0.9,Percentile,500,0.75,1.0,0.7693267326732673,0.2515049504950495,4.075458918348895,5.271476835438397,0.9333333333333335,1.111334915764742e-16,3.0214418022353927e-16,0.0,0
752,15,Left-skewed,20.0,0.05,upper,0.9,QFactor,500,0.75,1.0,0.9735445544554455,0.04372277227722773,0.7362463722622301,1.0139888028740915,1.0,0.0,0.06487481225003155,0.0,0
753,15,Bimodal,20.0,0.0,clean,0.9,MaxMin,500,0.0,0.0,0.7816039603960396,0.36239603960396044,5.692566972374279,7.451949705443706,0.9006666666666667,0.0766098653979101,0.0832227481500846,0.006,0
753,15,Bimodal,20.0,0.0,clean,0.9,MeanSD,500,0.0,0.0,0.7072871287128714,0.29491089108910884,4.410506147073368,5.661129946710161,0.8741333333333334,0.0771184446745267,0.07774449101598035,0.011466666666666667,0
753,15,Bimodal,20.0,0.0,clean,0.9,MedianMAD,500,0.0,0.0,0.563009900990099,0.451960396039604,7.893051903890945,10.534320373549594,0.8593333333333334,0.10419608802940913,0.0820151162278156,0.025333333333333333,0
753,15,Bimodal,20.0,0.0,clean,0.9,Percentile,500,0.0,0.0,0.6777425742574257,0.3469108910891089,5.678949683593197,7.418772933935456,0.8588000000000002,0.06700236123151912,0.02199267538983504,0.0013333333333333333,0
753,15,Bimodal,20.0,0.0,clean,0.9,QFactor,500,0.0,0.0,0.8583762376237624,0.3915445544554456,6.371534543385966,8.268181368377332,0.9006666666666667,0.0766098653979101,0.08084734762234023,0.0034666666666666665,0
754,15,Bimodal,20.0,0.05,lower,0.9,MaxMin,500,0.75,1.0,0.7592277227722772,0.374079207920792,6.022576697093027,7.885799808125672,0.8484,0.07415895233573747,0.07912247056042226,0.0034666666666666665,0
754,15,Bimodal,20.0,0.05,lower,0.9,MeanSD,500,0.75,1.0,0.6774851485148515,0.3247722772277229,4.952946642433692,6.338980323206652,0.822,0.07647022551805091,0.0759895820226191,0.009066666666666667,0
754,15,Bimodal,20.0,0.05,lower,0.9,MedianMAD,500,0.75,1.0,0.5607920792079208,0.45764356435643566,8.170667756041517,10.949121551020893,0.8186666666666668,0.09289140531781936,0.07834780391569005,0.030933333333333334,0
754,15,Bimodal,20.0,0.05,lower,0.9,Percentile,500,0.75,1.0,0.6585742574257426,0.36679207920792073,6.184186856702281,8.06640510717804,0.8022666666666668,0.0659562684479956,0.024992803051051688,0.0005333333333333334,0
754,15,Bimodal,20.0,0.05,lower,0.9,QFactor,500,0.75,1.0,0.8483366336633663,0.39089108910891085,6.461757907522838,8.496217778940172,0.8484,0.07415895233573747,0.08001852551678669,0.0029333333333333334,0
755,15,Bimodal,20.0,0.05,upper,0.9,MaxMin,500,0.75,1.0,0.8598019801980198,0.2793069306930693,4.212676935143385,5.6486518417058,0.9120000000000001,0.06901669643318838,0.07929167007168186,0.0037333333333333333,0
755,15,Bimodal,20.0,0.05,upper,0.9,MeanSD,500,0.75,1.0,0.7192673267326735,0.3443366336633665,5.179144035210036,6.5370876819518156,0.8897333333333335,0.07449926362428774,0.07420368415664916,0.009066666666666667,0
755,15,Bimodal,20.0,0.05,upper,0.9,MedianMAD,500,0.75,1.0,0.554970297029703,0.45378217821782174,8.020497192582479,10.663514271219874,0.8788,0.09782484039750639,0.07728737451775144,0.021333333333333333,0
755,15,Bimodal,20.0,0.05,upper,0.9,Percentile,500,0.75,1.0,0.6573465346534653,0.36861386138613866,5.894673035610739,7.601308877398615,0.8665333333333334,0.06166963649892544,0.02058896343705122,0.0004,0
755,15,Bimodal,20.0,0.05,upper,0.9,QFactor,500,0.75,1.0,0.971029702970297,0.04643564356435643,0.7083573309252136,0.9880520287746414,0.9120000000000001,0.06901669643318838,0.07852303512399955,0.0030666666666666668,0
756,20,Normal,20.0,0.0,clean,0.9,MaxMin,500,0.0,0.0,0.7416633663366335,0.5288712871287128,10.369087135702117,12.431723115786859,0.9995,0.004979919597583563,0.06967512906221304,0.0,0
756,20,Normal,20.0,0.0,clean,0.9,MeanSD,500,0.0,0.0,0.8217821782178217,0.1786930693069307,2.646041358245957,3.340967433554572,0.9344,0.03477151299889701,0.06300217782745297,0.0,0
756,20,Normal,20.0,0.0,clean,0.9,MedianMAD,500,0.0,0.0,0.7789504950495049,0.22441584158415842,3.5379334290310402,4.52497733894527,0.9234,0.06237163169968989,0.06244556081548798,0.0,0
756,20,Normal,20.0,0.0,clean,0.9,Percentile,500,0.0,0.0,0.801029702970297,0.20902970297029702,3.248265868781305,4.088722591456434,0.8999000000000003,0.0022360679774997916,0.0016770509831251748,0.0,0
756,20,Normal,20.0,0.0,clean,0.9,QFactor,500,0.0,0.0,0.8493267326732674,0.4236633663366337,6.938563740418424,8.931308428451661,0.9995,0.004979919597583563,0.06445949018796429,0.0,0
757,20,Normal,20.0,0.05,lower,0.9,MaxMin,500,1.0,1.0,0.7475049504950495,0.5376039603960396,10.72889566571355,12.854985639778157,0.9493999999999999,0.005449715478591072,0.07032323807334298,0.0,0
757,20,Normal,20.0,0.05,lower,0.9,MeanSD,500,1.0,1.0,0.8232277227722772,0.17778217821782177,2.6467867371653737,3.3660543528618776,0.8886999999999999,0.038212961949080096,0.06272394525006714,0.0,0
757,20,Normal,20.0,0.05,lower,0.9,MedianMAD,500,1.0,1.0,0.7692277227722772,0.23845544554455442,3.791877817438905,4.817178440475485,0.871,0.06817841735612798,0.0649269014045592,0.0,0
757,20,Normal,20.0,0.05,lower,0.9,Percentile,500,1.0,1.0,0.7996831683168317,0.2153069306930693,3.3392800776742826,4.190991896636884,0.8497999999999999,0.003159107456203359,0.0007897768640510703,0.0,0
757,20,Normal,20.0,0.05,lower,0.9,QFactor,500,1.0,1.0,0.8597029702970297,0.4453267326732673,7.370917528069636,9.362122286036715,0.9493999999999999,0.005449715478591072,0.06405471618628594,0.0,0
758,20,Normal,20.0,0.05,upper,0.9,MaxMin,500,1.0,1.0,0.7921386138613862,0.5514455445544554,11.47475587906385,13.634344802218095,0.9992000000000001,0.006280038037743965,0.06436780048852664,0.0,0
758,20,Normal,20.0,0.05,upper,0.9,MeanSD,500,1.0,1.0,0.8329900990099011,0.22641584158415837,3.41676836378437,4.219888172103157,0.9565999999999999,0.03374488753677717,0.05950635143116408,0.0,0
758,20,Normal,20.0,0.05,upper,0.9,MedianMAD,500,1.0,1.0,0.7652871287128714,0.23778217821782177,3.7480216119996013,4.850690432921681,0.93,0.06541068042933398,0.06138929817815012,0.0,0
758,20,Normal,20.0,0.05,upper,0.9,Percentile,500,1.0,1.0,0.7860990099009901,0.22489108910891087,3.450031685927771,4.3831504091035125,0.8998000000000002,0.0031591074562033646,0.0023693305921528547,0.0,0
758,20,Normal,20.0,0.05,upper,0.9,QFactor,500,1.0,1.0,0.9721980198019802,0.06300990099009902,0.8624433437066977,1.1663611840963393,0.9992000000000001,0.006280038037743965,0.05699222924134478,0.0,0
759,20,Compressed Normal,20.0,0.0,clean,0.9,MaxMin,500,0.0,0.0,0.9145346534653465,0.27792079207920795,5.764160411954117,6.859779470088777,1.0,0.0,0.07032126933462413,0.0,0
759,20,Compressed Normal,20.0,0.0,clean,0.9,MeanSD,500,0.0,0.0,0.9372475247524753,0.06324752475247525,0.9047286328667217,1.1320568683543497,0.9372999999999999,0.03487323163357731,0.06357815850509627,0.0,0
759,20,Compressed Normal,20.0,0.0,clean,0.9,MedianMAD,500,0.0,0.0,0.9263366336633664,0.07764356435643564,1.1715767826844858,1.4923867746685568,0.9259,0.06397167146088177,0.06388325015394351,0.0,0
759,20,Compressed Normal,20.0,0.0,clean,0.9,Percentile,500,0.0,0.0,0.9328910891089109,0.07596039603960397,1.107396412197179,1.388047697624712,0.9000000000000002,2.222669831529484e-16,1.0939703077059182e-15,0.0,0
759,20,Compressed Normal,20.0,0.0,clean,0.9,QFactor,500,0.0,0.0,0.9504356435643564,0.29455445544554454,4.350089639460847,5.336038125765706,1.0,0.0,0.04961923868574817,0.0,0
760,20,Compressed Normal,20.0,0.05,lower,0.9,MaxMin,500,1.0,1.0,0.9116237623762377,0.27851485148514854,5.833799348433627,6.963738407523112,0.9499999999999997,2.222669831529484e-16,0.06871763815611485,0.0,0
760,20,Compressed Normal,20.0,0.05,lower,0.9,MeanSD,500,1.0,1.0,0.9361386138613861,0.06386138613861386,0.9323573767776044,1.192557110721952,0.8922,0.035801165440440444,0.06281955137332912,0.0,0
760,20,Compressed Normal,20.0,0.05,lower,0.9,MedianMAD,500,1.0,1.0,0.9213267326732674,0.08233663366336633,1.2857929998878592,1.629408582905567,0.8817999999999999,0.06250258511687803,0.06259530770264699,0.0,0
760,20,Compressed Normal,20.0,0.05,lower,0.9,Percentile,500,1.0,1.0,0.9318019801980199,0.0756039603960396,1.1216959103957498,1.422309332412313,0.8499999999999998,2.222669831529484e-16,4.5147980952942655e-16,0.0,0
760,20,Compressed Normal,20.0,0.05,lower,0.9,QFactor,500,1.0,1.0,0.9480396039603961,0.2896237623762376,4.257567847238741,5.242081429481217,0.9499999999999997,2.222669831529484e-16,0.04821202259988408,0.0,0
761,20,Compressed Normal,20.0,0.05,upper,0.9,MaxMin,500,1.0,1.0,0.9226138613861385,0.499920792079208,15.163387754319494,15.400312390808267,1.0,0.0,0.048945487880883744,0.0,0
761,20,Compressed Normal,20.0,0.05,upper,0.9,MeanSD,500,1.0,1.0,0.9458217821782178,0.2264752475247525,4.7350356657971355,5.585493922975584,0.9989,0.007341511805560383,0.04389016430101808,0.0,0
761,20,Compressed Normal,20.0,0.05,upper,0.9,MedianMAD,500,1.0,1.0,0.9211683168316833,0.08039603960396041,1.2827150648846628,1.6296376566662063,0.9329,0.060414317670227126,0.06076628717324445,0.0,0
761,20,Compressed Normal,20.0,0.05,upper,0.9,Percentile,500,1.0,1.0,0.9265742574257426,0.07952475247524753,1.2162600113279332,1.5450572376305287,0.9000000000000002,2.222669831529484e-16,1.0939703077059182e-15,0.0,0
761,20,Compressed Normal,20.0,0.05,upper,0.9,QFactor,500,1.0,1.0,0.9699405940594059,0.4931287128712871,8.445487636649181,10.165267978625979,1.0,0.0,0.02914058295816176,0.0,0
762,20,Uniform,20.0,0.0,clean,0.9,MaxMin,500,0.0,0.0,0.7991683168316831,0.2939207920792079,4.377660356559617,5.922233135411218,0.8641,0.07554869429990727,0.07329922411847684,0.0122,0
762,20,Uniform,20.0,0.0,clean,0.9,MeanSD,500,0.0,0.0,0.7061980198019802,0.2944356435643564,4.336848102671412,5.537005765663196,0.8422000000000001,0.0739601257462479,0.06807112346962006,0.0118,0
762,20,Uniform,20.0,0.0,clean,0.9,MedianMAD,500,0.0,0.0,0.5723564356435643,0.44277227722772283,7.471215803860354,9.910887287037323,0.8439000000000001,0.08816652807810167,0.07200738172602718,0.0286,0
762,20,Uniform,20.0,0.0,clean,0.9,Percentile,500,0.0,0.0,0.6634455445544556,0.3561386138613861,5.609300580477675,7.245149674738103,0.8042999999999999,0.061188217787348446,0.02530072726483395,0.0026,0
762,20,Uniform,20.0,0.0,clean,0.9,QFactor,500,0.0,0.0,0.869980198019802,0.3034851485148515,4.643778163085008,6.2521049746461905,0.8641,0.07554869429990727,0.07155782602968526,0.0054,0
763,20,Uniform,20.0,0.05,lower,0.9,MaxMin,500,1.0,1.0,0.7923762376237624,0.29142574257425746,4.3607643532566325,5.93194649714322,0.8190999999999999,0.07577383022319371,0.07134721426844598,0.0093,0
763,20,Uniform,20.0,0.05,lower,0.9,MeanSD,500,1.0,1.0,0.7078217821782179,0.29330693069306935,4.337405401120946,5.586445968676242,0.7980999999999999,0.07329484476098626,0.06549946773290416,0.01,0
763,20,Uniform,20.0,0.05,lower,0.9,MedianMAD,500,1.0,1.0,0.5753069306930694,0.435069306930693,7.37749396915106,9.73887946740599,0.7977000000000001,0.08936263963606632,0.06876450390832717,0.0359,0
763,20,Uniform,20.0,0.05,lower,0.9,Percentile,500,1.0,1.0,0.6644950495049505,0.3545346534653465,5.591082745408118,7.250119702945616,0.7627999999999999,0.05755680299619052,0.024768334931048977,0.0019,0
763,20,Uniform,20.0,0.05,lower,0.9,QFactor,500,1.0,1.0,0.8638415841584157,0.29588118811881187,4.563254699483881,6.234015690415504,0.8190999999999999,0.07577383022319371,0.06981431192666417,0.0047,0
764,20,Uniform,20.0,0.05,upper,0.9,MaxMin,500,1.0,1.0,0.8658811881188118,0.20768316831683167,3.08639174296377,4.514929415551317,0.8706999999999999,0.07647356675888506,0.07263798365798838,0.0099,0
764,20,Uniform,20.0,0.05,upper,0.9,MeanSD,500,1.0,1.0,0.7155841584158416,0.32168316831683164,4.763153382802978,6.084503050599709,0.8489,0.07479959866148907,0.06640263701228129,0.0123,0
764,20,Uniform,20.0,0.05,upper,0.9,MedianMAD,500,1.0,1.0,0.5739603960396039,0.43534653465346534,7.3796164671208535,9.665122382484924,0.8545,0.08688987109783738,0.06870767806320868,0.0308,0
764,20,Uniform,20.0,0.05,upper,0.9,Percentile,500,1.0,1.0,0.6543366336633664,0.3631881188118813,5.716519207044465,7.33641726070672,0.8089,0.06335469702611277,0.025558023242514636,0.0021,0
764,20,Uniform,20.0,0.05,upper,0.9,QFactor,500,1.0,1.0,0.9717029702970297,0.06398019801980198,0.9809543096476608,1.2962849832116259,0.8706999999999999,0.07647356675888506,0.071850150745913,0.0047,0
765,20,Right-skewed,20.0,0.0,clean,0.9,MaxMin,500,0.0,0.0,0.821069306930693,0.4676237623762376,10.778806246895362,14.391435436822764,0.6888,0.10572092426599056,0.07126655211737473,0.0333,0
765,20,Right-skewed,20.0,0.0,clean,0.9,MeanSD,500,0.0,0.0,0.8340990099009901,0.1675049504950495,2.6178032367193174,3.6328578247911785,0.6892999999999999,0.1035952409519655,0.06496463822594414,0.0676,0
765,20,Right-skewed,20.0,0.0,clean,0.9,MedianMAD,500,0.0,0.0,0.8032871287128712,0.20267326732673266,3.5472555981842087,4.919985759616448,0.6968,0.10631258029724854,0.06601065538399978,0.0878,0
765,20,Right-skewed,20.0,0.0,clean,0.9,Percentile,500,0.0,0.0,0.8111881188118812,0.20661386138613858,3.3577910294171,4.50839341904562,0.6594,0.08767561820743615,0.03214141248778801,0.0119,0
765,20,Right-skewed,20.0,0.0,clean,0.9,QFactor,500,0.0,0.0,0.8483960396039606,0.502,13.067343257115343,16.17298506240162,0.688,0.10629485967999007,0.07026041979581683,0.015,0
766,20,Right-skewed,20.0,0.05,lower,0.9,MaxMin,500,1.0,1.0,0.8167920792079209,0.46974257425742577,10.985690936419573,14.693369058342325,0.6526000000000001,0.095138544688106,0.06832635693904937,0.032,0
766,20,Right-skewed,20.0,0.05,lower,0.9,MeanSD,500,1.0,1.0,0.8317029702970297,0.17033663366336635,2.656065670306621,3.659734356721112,0.6537999999999999,0.09312843718018275,0.06263665278383122,0.0652,0
766,20,Right-skewed,20.0,0.05,lower,0.9,MedianMAD,500,1.0,1.0,0.8055643564356435,0.20259405940594055,3.562583078340939,4.931492351067077,0.6584,0.09999719434941919,0.06352567985876456,0.0808,0
766,20,Right-skewed,20.0,0.05,lower,0.9,Percentile,500,1.0,1.0,0.8077623762376238,0.2101782178217822,3.419935072639584,4.571870225931892,0.629,0.08284156837543458,0.030258250233426584,0.0105,0
766,20,Right-skewed,20.0,0.05,lower,0.9,QFactor,500,1.0,1.0,0.842039603960396,0.5021782178217822,13.281527657464762,16.488839567622673,0.6521000000000001,0.09538756509708328,0.06618734132042123,0.0161,0
767,20,Right-skewed,20.0,0.05,upper,0.9,MaxMin,500,1.0,1.0,0.9226732673267326,0.5288118811881187,7.706915744159393,8.407123217684784,0.7032999999999999,0.10136399419240184,0.05729436081591846,0.0322,0
767,20,Right-skewed,20.0,0.05,upper,0.9,MeanSD,500,1.0,1.0,0.8513663366336633,0.38366336633663367,7.1184703881523355,9.486851027017307,0.7336,0.09731382203941966,0.05873006745213871,0.2094,0
767,20,Right-skewed,20.0,0.05,upper,0.9,MedianMAD,500,1.0,1.0,0.7897029702970296,0.2184356435643564,3.778352221463912,5.354272254187984,0.7155,0.09861135024323309,0.062019842766317834,0.0964,0
767,20,Right-skewed,20.0,0.05,upper,0.9,Percentile,500,1.0,1.0,0.7756435643564357,0.24534653465346537,3.9486648014965176,5.555330233059591,0.671,0.08150021208032698,0.0315615701800901,0.0106,0
767,20,Right-skewed,20.0,0.05,upper,0.9,QFactor,500,1.0,1.0,0.9731683168316831,0.314,4.640679484321385,5.603310840339902,0.7032999999999999,0.10136399419240184,0.05400201182930218,0.015,0
768,20,Left-skewed,20.0,0.0,clean,0.9,MaxMin,500,0.0,0.0,0.7522178217821781,0.5501584158415841,12.801281223281793,15.914580902584875,0.9999,0.002236067977499791,0.0675941036712575,0.0,0
768,20,Left-skewed,20.0,0.0,clean,0.9,MeanSD,500,0.0,0.0,0.8146138613861386,0.18586138613861386,2.785560770523004,3.60217876499413,0.9182,0.034657788802075894,0.0639444074380538,0.0,0
768,20,Left-skewed,20.0,0.0,clean,0.9,MedianMAD,500,0.0,0.0,0.7462574257425743,0.25746534653465347,4.1014364390885865,5.223981481922451,0.9025,0.06876195469026204,0.06428590834856264,0.0,0
768,20,Left-skewed,20.0,0.0,clean,0.9,Percentile,500,0.0,0.0,0.7903564356435643,0.22126732673267327,3.4271109987927995,4.450415806144119,0.9000000000000002,2.222669831529484e-16,1.0939703077059182e-15,0.0,0
768,20,Left-skewed,20.0,0.0,clean,0.9,QFactor,500,0.0,0.0,0.9262772277227723,0.22229702970297033,3.3116233615502604,4.300947228829009,0.9999,0.002236067977499791,0.05862054088769456,0.0,0
769,20,Left-skewed,20.0,0.05,lower,0.9,MaxMin,500,1.0,1.0,0.7575841584158415,0.5530099009900991,13.01717661545624,16.187691700039615,0.9497999999999999,0.003159107456203359,0.06438657862015325,0.0,0
769,20,Left-skewed,20.0,0.05,lower,0.9,MeanSD,500,1.0,1.0,0.8027524752475248,0.19889108910891087,2.9939511125743263,3.8371870913203696,0.8702000000000001,0.03367830840338968,0.06186122385142269,0.0,0
769,20,Left-skewed,20.0,0.05,lower,0.9,MedianMAD,500,1.0,1.0,0.7488316831683168,0.2606336633663367,4.247025800455075,5.493548941634181,0.8513000000000001,0.07241407042274574,0.06478166080021326,0.0,0
769,20,Left-skewed,20.0,0.05,lower,0.9,Percentile,500,1.0,1.0,0.7830891089108912,0.23172277227722773,3.642445733202046,4.6922380061047955,0.8497999999999999,0.003159107456203359,0.0007897768640510694,0.0,0
769,20,Left-skewed,20.0,0.05,lower,0.9,QFactor,500,1.0,1.0,0.920910891089109,0.24158415841584158,3.5908890416336647,4.626436959928395,0.9497999999999999,0.003159107456203359,0.05832327274486328,0.0,0
770,20,Left-skewed,20.0,0.05,upper,0.9,MaxMin,500,1.0,1.0,0.7780792079207921,0.6235445544554455,14.958127679611428,17.56024129893591,1.0,0.0,0.06519249350442055,0.0,0
770,20,Left-skewed,20.0,0.05,upper,0.9,MeanSD,500,1.0,1.0,0.8265346534653466,0.19229702970297033,2.889739264842737,3.708790300731996,0.9235999999999999,0.0352920821449266,0.05999798068136709,0.0,0
770,20,Left-skewed,20.0,0.05,upper,0.9,MedianMAD,500,1.0,1.0,0.7573663366336634,0.24968316831683168,3.9881318797575127,5.210790838218493,0.9055,0.07207732154125264,0.06244894725414933,0.0,0
770,20,Left-skewed,20.0,0.05,upper,0.9,Percentile,500,1.0,1.0,0.7925544554455446,0.2208118811881188,3.431799670979857,4.465004160468325,0.9000000000000002,2.222669831529484e-16,1.0939703077059182e-15,0.0,0
770,20,Left-skewed,20.0,0.05,upper,0.9,QFactor,500,1.0,1.0,0.9725346534653465,0.04441584158415842,0.7398120731584885,1.021863975957393,1.0,0.0,0.05718718139016714,0.0,0
771,20,Bimodal,20.0,0.0,clean,0.9,MaxMin,500,0.0,0.0,0.8167920792079207,0.32213861386138615,4.90743199335331,6.445289718309904,0.8987999999999999,0.0683952910050343,0.07397727151960357,0.0053,0
771,20,Bimodal,20.0,0.0,clean,0.9,MeanSD,500,0.0,0.0,0.7229702970297031,0.2774851485148515,4.074357531594951,5.191305369252093,0.8727999999999999,0.06978466736754713,0.06899089505848555,0.0087,0
771,20,Bimodal,20.0,0.0,clean,0.9,MedianMAD,500,0.0,0.0,0.5793465346534654,0.42799999999999994,7.310531880427673,9.85879388029836,0.874,0.08572454371292727,0.07566714884434193,0.0295,0
771,20,Bimodal,20.0,0.0,clean,0.9,Percentile,500,0.0,0.0,0.686930693069307,0.3281782178217822,5.15111105018443,6.6655845167014665,0.8269000000000001,0.05619346412903945,0.02479888978878663,0.0011,0
771,20,Bimodal,20.0,0.0,clean,0.9,QFactor,500,0.0,0.0,0.8772871287128712,0.3587326732673267,5.59223556237248,7.230991890086549,0.8987999999999999,0.0683952910050343,0.07377722592132853,0.004,0
772,20,Bimodal,20.0,0.05,lower,0.9,MaxMin,500,1.0,1.0,0.7968712871287128,0.33897029702970294,5.190129959005607,6.784592029083015,0.8580999999999999,0.0644802714853283,0.0720941166895516,0.0054,0
772,20,Bimodal,20.0,0.05,lower,0.9,MeanSD,500,1.0,1.0,0.712138613861386,0.28908910891089107,4.300159946504452,5.504505566678916,0.8312999999999999,0.068809734479347,0.06727459570229832,0.0079,0
772,20,Bimodal,20.0,0.05,lower,0.9,MedianMAD,500,1.0,1.0,0.5768514851485149,0.4321782178217822,7.426862803013627,10.010542740194802,0.8294,0.0886078026212745,0.071670956035459,0.0299,0
772,20,Bimodal,20.0,0.05,lower,0.9,Percentile,500,1.0,1.0,0.6809504950495049,0.3366534653465347,5.406492266140261,7.042308890856654,0.7860999999999999,0.05183786578030885,0.021066462489704427,0.0008,0
772,20,Bimodal,20.0,0.05,lower,0.9,QFactor,500,1.0,1.0,0.8707722772277229,0.36996039603960396,5.832145248981705,7.55534939559499,0.8580999999999999,0.0644802714853283,0.07164567576763298,0.0038,0
773,20,Bimodal,20.0,0.05,upper,0.9,MaxMin,500,1.0,1.0,0.8867722772277227,0.22900990099009896,3.3919057301021747,4.637405276120669,0.9017,0.06633936858040852,0.0716563145521839,0.0061,0
773,20,Bimodal,20.0,0.05,upper,0.9,MeanSD,500,1.0,1.0,0.7476633663366334,0.29736633663366335,4.387622201496598,5.578842211007193,0.8817,0.06818657358773257,0.06495170590940487,0.0086,0
773,20,Bimodal,20.0,0.05,upper,0.9,MedianMAD,500,1.0,1.0,0.5900000000000001,0.4168316831683169,6.985205607214733,9.319803688393185,0.8822000000000001,0.08606959946406051,0.07023351898698763,0.0263,0
773,20,Bimodal,20.0,0.05,upper,0.9,Percentile,500,1.0,1.0,0.6854455445544555,0.33013861386138615,5.111816097189891,6.614687125916752,0.8325999999999999,0.054893228480989646,0.024751129295943523,0.0008,0
773,20,Bimodal,20.0,0.05,upper,0.9,QFactor,500,1.0,1.0,0.9716237623762375,0.04437623762376238,0.6852250312149785,0.9664685951015001,0.9017,0.06633936858040852,0.07090246590071729,0.0032,0
774,25,Normal,20.0,0.0,clean,0.9,MaxMin,500,0.0,0.0,0.7474653465346535,0.5122574257425743,9.713097905945551,11.689789375479227,0.9996000000000002,0.003983935678066851,0.06511103206770892,0.0,0
774,25,Normal,20.0,0.0,clean,0.9,MeanSD,500,0.0,0.0,0.8334455445544554,0.1665544554455446,2.446183665642276,3.059813671226423,0.936,0.03213199231077523,0.05652898613850588,0.0,0
774,25,Normal,20.0,0.0,clean,0.9,MedianMAD,500,0.0,0.0,0.7832277227722774,0.2181188118811881,3.3713976671962405,4.301225975053648,0.92664,0.05677285190499816,0.05839959840760846,0.0,0
774,25,Normal,20.0,0.0,clean,0.9,Percentile,500,0.0,0.0,0.8141980198019803,0.19407920792079209,2.9312824815828087,3.6748552139004804,0.91984,0.0025272859649626924,0.0006318214912417974,0.0,0
774,25,Normal,20.0,0.0,clean,0.9,QFactor,500,0.0,0.0,0.8683366336633663,0.4104158415841584,6.529881614371633,8.352240086993225,0.9996000000000002,0.003983935678066851,0.05757144134312603,0.0,0
775,25,Normal,20.0,0.05,lower,0.9,MaxMin,500,1.25,1.0,0.740851485148515,0.5179009900990098,9.898023936747819,11.87542714383784,0.9596800000000003,0.003566937915381248,0.06365451399954783,0.0,0
775,25,Normal,20.0,0.05,lower,0.9,MeanSD,500,1.25,1.0,0.835960396039604,0.1646930693069307,2.4131256877867386,3.0761914487636988,0.9001600000000001,0.030016268134220342,0.05620748969684613,0.0,0
775,25,Normal,20.0,0.05,lower,0.9,MedianMAD,500,1.25,1.0,0.7847524752475248,0.21807920792079208,3.3680946327634937,4.287070385888562,0.89192,0.054859207662257214,0.057441116732563205,0.0,0
775,25,Normal,20.0,0.05,lower,0.9,Percentile,500,1.25,1.0,0.8119801980198019,0.19813861386138615,2.9896278747905725,3.744285731927552,0.8798400000000002,0.0025272859649626916,0.0012636429824819711,0.0,0
775,25,Normal,20.0,0.05,lower,0.9,QFactor,500,1.25,1.0,0.8586930693069308,0.4125940594059406,6.591495352015818,8.455013186631101,0.9596800000000003,0.003566937915381248,0.05835122568283088,0.0,0
776,25,Normal,20.0,0.05,upper,0.9,MaxMin,500,1.25,1.0,0.8017821782178218,0.5412079207920792,10.884426999670533,12.914185101321905,0.9992000000000001,0.005605608414024549,0.06050941660371843,0.0,0
776,25,Normal,20.0,0.05,upper,0.9,MeanSD,500,1.25,1.0,0.8568514851485148,0.18855445544554458,2.8421194607093394,3.5768869709016666,0.952,0.03017650149511982,0.05321319383657753,0.0,0
776,25,Normal,20.0,0.05,upper,0.9,MedianMAD,500,1.25,1.0,0.7880792079207921,0.2131683168316832,3.27493717543612,4.259846505010584,0.93272,0.05929277245779171,0.057423332541303725,0.0,0
776,25,Normal,20.0,0.05,upper,0.9,Percentile,500,1.25,1.0,0.8115643564356436,0.19716831683168318,2.957730433233658,3.8033003541250707,0.91984,0.0025272859649626924,0.0006318214912417966,0.0,0
776,25,Normal,20.0,0.05,upper,0.9,QFactor,500,1.25,1.0,0.9717425742574257,0.061207920792079214,0.829310775902109,1.1343786853410283,0.9992000000000001,0.005605608414024549,0.05077556020020653,0.0,0
777,25,Compressed Normal,20.0,0.0,clean,0.9,MaxMin,500,0.0,0.0,0.9144554455445545,0.27388118811881185,5.557757662959551,6.6271714748829575,1.0,0.0,0.06420705429851135,0.0,0
777,25,Compressed Normal,20.0,0.0,clean,0.9,MeanSD,500,0.0,0.0,0.9420990099009902,0.05790099009900991,0.8123478759401545,1.028049741952491,0.9336800000000001,0.03284837334271704,0.056900304041978045,0.0,0
777,25,Compressed Normal,20.0,0.0,clean,0.9,MedianMAD,500,0.0,0.0,0.9280990099009901,0.07415841584158415,1.0994148389704879,1.395835416842025,0.92168,0.05763872000737157,0.058101545320981746,0.0,0
777,25,Compressed Normal,20.0,0.0,clean,0.9,Percentile,500,0.0,0.0,0.9372079207920793,0.06920792079207921,0.9751607262321917,1.2286952821175734,0.9200000000000002,1.111334915764742e-16,1.4690458417765185e-15,0.0,0
777,25,Compressed Normal,20.0,0.0,clean,0.9,QFactor,500,0.0,0.0,0.9514653465346534,0.2830891089108911,4.119822179969452,5.062709153069925,1.0,0.0,0.04711400879679417,0.0,0
778,25,Compressed Normal,20.0,0.05,lower,0.9,MaxMin,500,1.25,1.0,0.911108910891089,0.2752079207920792,5.6099486403126395,6.697214282534552,0.9600000000000002,2.222669831529484e-16,0.06428465063802047,0.0,0
778,25,Compressed Normal,20.0,0.05,lower,0.9,MeanSD,500,1.25,1.0,0.9399009900990098,0.060099009900990104,0.8559030616210511,1.0724290892721615,0.8978400000000002,0.033669000626784476,0.05611558351618878,0.0,0
778,25,Compressed Normal,20.0,0.05,lower,0.9,MedianMAD,500,1.25,1.0,0.9268316831683169,0.07631683168316832,1.136564264433279,1.436934622823185,0.8889600000000001,0.05591037775477252,0.05782094130363648,0.0,0
778,25,Compressed Normal,20.0,0.05,lower,0.9,Percentile,500,1.25,1.0,0.9347326732673268,0.07138613861386138,1.025841448834165,1.285692695936694,0.8800000000000002,2.222669831529484e-16,1.5020385970882843e-15,0.0,0
778,25,Compressed Normal,20.0,0.05,lower,0.9,QFactor,500,1.25,1.0,0.9501980198019802,0.28273267326732676,4.127132029155604,5.078794434145927,0.9600000000000002,2.222669831529484e-16,0.04699161960701096,0.0,0
779,25,Compressed Normal,20.0,0.05,upper,0.9,MaxMin,500,1.25,1.0,0.9213465346534652,0.49976237623762376,14.896385971117445,15.1587178766213,1.0,0.0,0.04551449837162386,0.0,0
779,25,Compressed Normal,20.0,0.05,upper,0.9,MeanSD,500,1.25,1.0,0.9521782178217822,0.1989306930693069,3.9895863368184754,4.692993661379694,0.9973600000000001,0.009941230110616322,0.04249637077464557,0.0,0
779,25,Compressed Normal,20.0,0.05,upper,0.9,MedianMAD,500,1.25,1.0,0.9265148514851486,0.0751089108910891,1.1338879305033034,1.4720308652747107,0.92552,0.05800913479305546,0.056666632416269874,0.0,0
779,25,Compressed Normal,20.0,0.05,upper,0.9,Percentile,500,1.25,1.0,0.9358019801980199,0.0692871287128713,1.0136747114489462,1.2858403270799303,0.9200000000000002,1.111334915764742e-16,1.4690458417765185e-15,0.0,0
779,25,Compressed Normal,20.0,0.05,upper,0.9,QFactor,500,1.25,1.0,0.972,0.4939009900990099,8.454044321387357,10.174977199650534,1.0,0.0,0.024769750293878415,0.0,0
780,25,Uniform,20.0,0.0,clean,0.9,MaxMin,500,0.0,0.0,0.8260000000000001,0.2632475247524752,3.8476916001806094,5.230544618433328,0.86792,0.06864034231548072,0.06632581243188027,0.01192,0
780,25,Uniform,20.0,0.0,clean,0.9,MeanSD,500,0.0,0.0,0.736118811881188,0.26439603960396035,3.8503395133426155,4.969340613141898,0.8456000000000001,0.06842517086581539,0.06070055476252538,0.0088,0
780,25,Uniform,20.0,0.0,clean,0.9,MedianMAD,500,0.0,0.0,0.6024752475247525,0.4051089108910891,6.59821907594579,8.756053118244061,0.8495199999999999,0.08100922533377514,0.06634427330532942,0.03472,0
780,25,Uniform,20.0,0.0,clean,0.9,Percentile,500,0.0,0.0,0.6927920792079207,0.3215247524752475,4.865996528646356,6.330155483772183,0.8253600000000001,0.05857416038262143,0.019742414877207425,0.00208,0
780,25,Uniform,20.0,0.0,clean,0.9,QFactor,500,0.0,0.0,0.8842772277227724,0.27653465346534656,4.15730998925405,5.610837417930893,0.86792,0.06864034231548072,0.06518203093391005,0.00632,0
781,25,Uniform,20.0,0.05,lower,0.9,MaxMin,500,1.25,1.0,0.8170693069306931,0.2781584158415842,4.101669444239117,5.546703462185477,0.8345600000000001,0.06890502307095484,0.06487592322850438,0.00888,0
781,25,Uniform,20.0,0.05,lower,0.9,MeanSD,500,1.25,1.0,0.72609900990099,0.2742970297029703,4.031185486054256,5.219282942132655,0.8136800000000001,0.06624223477008206,0.06076702237188421,0.00912,0
781,25,Uniform,20.0,0.05,lower,0.9,MedianMAD,500,1.25,1.0,0.6077425742574257,0.39673267326732675,6.499745076159655,8.779083137049597,0.8211200000000001,0.07723909214063446,0.06333771770252569,0.03472,0
781,25,Uniform,20.0,0.05,lower,0.9,Percentile,500,1.25,1.0,0.6855643564356435,0.3313663366336634,5.09885204557912,6.628406746018632,0.78872,0.05920618502056502,0.020018836768005123,0.00184,0
781,25,Uniform,20.0,0.05,lower,0.9,QFactor,500,1.25,1.0,0.8785346534653465,0.2902970297029703,4.4014032734836315,5.919208452546401,0.8345600000000001,0.06890502307095484,0.06451381374009035,0.00376,0
782,25,Uniform,20.0,0.05,upper,0.9,MaxMin,500,1.25,1.0,0.8793465346534655,0.19116831683168317,2.775436689254777,3.990955320240024,0.8757600000000001,0.06868666621865167,0.06514741452449939,0.01136,0
782,25,Uniform,20.0,0.05,upper,0.9,MeanSD,500,1.25,1.0,0.7582772277227723,0.28655445544554453,4.158919213208389,5.198282195833964,0.8573600000000001,0.06624959182390233,0.05922347652111386,0.0096,0
782,25,Uniform,20.0,0.05,upper,0.9,MedianMAD,500,1.25,1.0,0.6367920792079207,0.3782178217821782,6.170735543123879,8.187352407298707,0.86536,0.07780602776078356,0.06323202568015868,0.0348,0
782,25,Uniform,20.0,0.05,upper,0.9,Percentile,500,1.25,1.0,0.6983168316831684,0.32621782178217823,4.915182863727816,6.2043711775147505,0.8296,0.05977110648415906,0.019605696440426888,0.00104,0
782,25,Uniform,20.0,0.05,upper,0.9,QFactor,500,1.25,1.0,0.9723168316831684,0.06114851485148515,0.95231989443002,1.2643544787008498,0.8757600000000001,0.06868666621865167,0.0644510458845749,0.00312,0
783,25,Right-skewed,20.0,0.0,clean,0.9,MaxMin,500,0.0,0.0,0.8237227722772277,0.4594851485148515,10.21974177255132,13.683704137964996,0.69344,0.09457513050808464,0.06552804937358414,0.042,0
783,25,Right-skewed,20.0,0.0,clean,0.9,MeanSD,500,0.0,0.0,0.8511287128712871,0.1496039603960396,2.274029118188994,3.1337125912944264,0.69544,0.09131419914740459,0.05864351805750401,0.06904,0
783,25,Right-skewed,20.0,0.0,clean,0.9,MedianMAD,500,0.0,0.0,0.8179801980198019,0.1863960396039604,3.150392633685763,4.49264269908054,0.7037599999999999,0.09250175971894915,0.058899701935139666,0.09376,0
783,25,Right-skewed,20.0,0.0,clean,0.9,Percentile,500,0.0,0.0,0.8226732673267327,0.192,3.0063143146097286,4.05927676831096,0.66024,0.08370157888963167,0.028069691187749508,0.01304,0
783,25,Right-skewed,20.0,0.0,clean,0.9,QFactor,500,0.0,0.0,0.8480792079207922,0.4957623762376238,12.369197672173554,15.327646670639126,0.6931199999999998,0.09448449735528554,0.06332247638921942,0.01448,0
784,25,Right-skewed,20.0,0.05,lower,0.9,MaxMin,500,1.25,1.0,0.8245544554455446,0.46184158415841586,10.399641492430515,13.930440675173967,0.6621599999999999,0.08876876809090432,0.06298617716551062,0.03584,0
784,25,Right-skewed,20.0,0.05,lower,0.9,MeanSD,500,1.25,1.0,0.8462772277227721,0.15437623762376237,2.3810905191385494,3.3024847451665105,0.664,0.08501326078335095,0.055891206650673514,0.06216,0
784,25,Right-skewed,20.0,0.05,lower,0.9,MedianMAD,500,1.25,1.0,0.8114455445544555,0.19510891089108906,3.2979295636747703,4.546664988178924,0.67168,0.08820395385100319,0.057266198810214476,0.0832,0
784,25,Right-skewed,20.0,0.05,lower,0.9,Percentile,500,1.25,1.0,0.818990099009901,0.1955247524752475,3.0975416580026702,4.146343449392735,0.62808,0.0764880018621072,0.0271330858996058,0.0124,0
784,25,Right-skewed,20.0,0.05,lower,0.9,QFactor,500,1.25,1.0,0.8487722772277227,0.4973663366336633,12.639152398917318,15.668339909518881,0.6619199999999998,0.08848487297550345,0.06014662728430419,0.01496,0
785,25,Right-skewed,20.0,0.05,upper,0.9,MaxMin,500,1.25,1.0,0.9274851485148515,0.5146336633663366,7.473323670294101,8.185269139834023,0.7016,0.09397394428461976,0.05150583069367007,0.0388,0
785,25,Right-skewed,20.0,0.05,upper,0.9,MeanSD,500,1.25,1.0,0.8683168316831682,0.3372475247524752,5.880636340786219,7.8392389735877535,0.73024,0.08912366945382034,0.054333015297309155,0.198,0
785,25,Right-skewed,20.0,0.05,upper,0.9,MedianMAD,500,1.25,1.0,0.8090297029702971,0.19435643564356433,3.193286960590136,4.558958676882913,0.7136,0.09351218668235832,0.057687594514877094,0.09792,0
785,25,Right-skewed,20.0,0.05,upper,0.9,Percentile,500,1.25,1.0,0.8004554455445545,0.20744554455445544,3.234766203614445,4.4640783702225,0.6680799999999999,0.08334871093922484,0.028113980758344877,0.01264,0
785,25,Right-skewed,20.0,0.05,upper,0.9,QFactor,500,1.25,1.0,0.9715445544554456,0.31415841584158416,4.651551105186312,5.618092894150382,0.7016,0.09397394428461976,0.04862402004277584,0.01624,0
786,25,Left-skewed,20.0,0.0,clean,0.9,MaxMin,500,0.0,0.0,0.7555841584158417,0.5362970297029702,12.015243585772872,14.98205468047169,0.9998400000000001,0.0025272859649626924,0.06109139161986428,0.0,0
786,25,Left-skewed,20.0,0.0,clean,0.9,MeanSD,500,0.0,0.0,0.8326336633663365,0.16792079207920796,2.476793984839659,3.201142641394453,0.91704,0.03184441133175697,0.056810501114525305,0.0,0
786,25,Left-skewed,20.0,0.0,clean,0.9,MedianMAD,500,0.0,0.0,0.7608712871287129,0.24344554455445547,3.821480178164206,4.895039665252182,0.9002400000000002,0.06853712186945331,0.06138648734528643,0.0,0
786,25,Left-skewed,20.0,0.0,clean,0.9,Percentile,500,0.0,0.0,0.8060792079207921,0.2023960396039604,3.0505397621507155,3.9363914182131303,0.9200000000000002,1.111334915764742e-16,1.4690458417765185e-15,0.0,0
786,25,Left-skewed,20.0,0.0,clean,0.9,QFactor,500,0.0,0.0,0.9313267326732673,0.21605940594059406,3.214690927506769,4.150800268007693,0.9998400000000001,0.0025272859649626924,0.05346241212730632,0.0,0
787,25,Left-skewed,20.0,0.05,lower,0.9,MaxMin,500,1.25,1.0,0.7664356435643565,0.5422772277227722,12.292184521197036,15.28396899043898,0.9600000000000002,2.222669831529484e-16,0.05825515366139335,0.0,0
787,25,Left-skewed,20.0,0.05,lower,0.9,MeanSD,500,1.25,1.0,0.8225742574257427,0.1777227722772277,2.6342968004819993,3.409135962771695,0.8803200000000002,0.03142407588283515,0.054962023610950386,0.0,0
787,25,Left-skewed,20.0,0.05,lower,0.9,MedianMAD,500,1.25,1.0,0.7683564356435644,0.23516831683168318,3.674912222831061,4.742199884598629,0.8630399999999999,0.059499906535687194,0.05591860454565854,0.0,0
787,25,Left-skewed,20.0,0.05,lower,0.9,Percentile,500,1.25,1.0,0.7996435643564356,0.21108910891089108,3.1911203213327965,4.117862518774149,0.8800000000000002,2.222669831529484e-16,1.5020385970882843e-15,0.0,0
787,25,Left-skewed,20.0,0.05,lower,0.9,QFactor,500,1.25,1.0,0.9315247524752476,0.21364356435643567,3.1899387632128393,4.118081033519149,0.9600000000000002,2.222669831529484e-16,0.05221466309132128,0.0,0
788,25,Left-skewed,20.0,0.05,upper,0.9,MaxMin,500,1.25,1.0,0.7743762376237624,0.6018415841584158,13.747125538056979,16.310810372126838,0.9998400000000001,0.0025272859649626924,0.060751657609860094,0.0,0
788,25,Left-skewed,20.0,0.05,upper,0.9,MeanSD,500,1.25,1.0,0.8340792079207919,0.17900990099009895,2.6665809000482583,3.390807745498826,0.922,0.033295904169566216,0.05587539605057079,0.0,0
788,25,Left-skewed,20.0,0.05,upper,0.9,MedianMAD,500,1.25,1.0,0.7664950495049505,0.23988118811881187,3.721998179380329,4.793756695557735,0.9,0.06918940922350322,0.05949669067046382,0.0,0
788,25,Left-skewed,20.0,0.05,upper,0.9,Percentile,500,1.25,1.0,0.8022970297029702,0.20516831683168318,3.120227512018857,4.017661145538294,0.9199200000000001,0.0017888543819998333,0.0004472135955010835,0.0,0
788,25,Left-skewed,20.0,0.05,upper,0.9,QFactor,500,1.25,1.0,0.9733069306930693,0.04435643564356436,0.7493628440369877,1.0264564548995485,0.9998400000000001,0.0025272859649626924,0.05290761521290475,0.0,0
789,25,Bimodal,20.0,0.0,clean,0.9,MaxMin,500,0.0,0.0,0.8247920792079209,0.3024158415841584,4.509500327318054,5.939608050692615,0.90368,0.05924760042662171,0.06656867228438765,0.00672,0
789,25,Bimodal,20.0,0.0,clean,0.9,MeanSD,500,0.0,0.0,0.7485346534653465,0.2518217821782178,3.7062086824120275,4.815798144352315,0.8758400000000001,0.062096750420820336,0.060628252112378656,0.00744,0
789,25,Bimodal,20.0,0.0,clean,0.9,MedianMAD,500,0.0,0.0,0.6172871287128714,0.3936435643564356,6.404556755775705,8.64750187217156,0.8796000000000002,0.08081647483781026,0.06795185504467297,0.02912,0
789,25,Bimodal,20.0,0.0,clean,0.9,Percentile,500,0.0,0.0,0.7132673267326732,0.2966930693069307,4.5758566834721925,6.048425210598965,0.8496000000000001,0.050874516536923785,0.0167829736757511,0.00072,0
789,25,Bimodal,20.0,0.0,clean,0.9,QFactor,500,0.0,0.0,0.8856831683168318,0.3398613861386139,5.20504645838597,6.735165067406808,0.90368,0.05924760042662171,0.06586100662287418,0.00368,0
790,25,Bimodal,20.0,0.05,lower,0.9,MaxMin,500,1.25,1.0,0.8229504950495049,0.3121980198019802,4.696548592549144,6.1935739303919775,0.8640800000000001,0.060400745857980935,0.06452351974725452,0.00864,0
790,25,Bimodal,20.0,0.05,lower,0.9,MeanSD,500,1.25,1.0,0.7467128712871288,0.2536039603960396,3.6759282920889818,4.618058830670407,0.83936,0.061507371212130776,0.05991412426119193,0.00704,0
790,25,Bimodal,20.0,0.05,lower,0.9,MedianMAD,500,1.25,1.0,0.6184554455445544,0.3875247524752476,6.337355542135061,8.602421002896234,0.84376,0.08084884334943748,0.0657494026772634,0.02888,0
790,25,Bimodal,20.0,0.05,lower,0.9,Percentile,500,1.25,1.0,0.7127524752475247,0.29966336633663365,4.583641207232479,5.933510260835898,0.81152,0.05289314671996627,0.018113859670843356,0.00056,0
790,25,Bimodal,20.0,0.05,lower,0.9,QFactor,500,1.25,1.0,0.8830297029702971,0.3557425742574257,5.508250061174653,7.092486878504751,0.8640800000000001,0.060400745857980935,0.06345044731702254,0.00392,0
791,25,Bimodal,20.0,0.05,upper,0.9,MaxMin,500,1.25,1.0,0.8827920792079208,0.22063366336633664,3.2437351969674166,4.434233493753138,0.9084800000000001,0.05842359311498163,0.06442950715373304,0.00528,0
791,25,Bimodal,20.0,0.05,upper,0.9,MeanSD,500,1.25,1.0,0.7522376237623762,0.27946534653465344,4.081608076054485,5.142540118711457,0.88568,0.06043046650957719,0.058463684284634464,0.00816,0
791,25,Bimodal,20.0,0.05,upper,0.9,MedianMAD,500,1.25,1.0,0.6109504950495049,0.39417821782178214,6.4554901795686215,8.663573529940475,0.88776,0.07469766986839371,0.06364585911630674,0.0264,0
791,25,Bimodal,20.0,0.05,upper,0.9,Percentile,500,1.25,1.0,0.6995445544554455,0.3124554455445545,4.740779554627006,6.11336173445107,0.8556000000000001,0.04854434164979916,0.016453733800218133,0.00056,0
791,25,Bimodal,20.0,0.05,upper,0.9,QFactor,500,1.25,1.0,0.9715049504950495,0.04647524752475247,0.7135013525607243,0.9907763830078397,0.9084800000000001,0.05842359311498163,0.06409323201470246,0.00312,0
792,30,Normal,20.0,0.0,clean,0.9,MaxMin,500,0.0,0.0,0.7529108910891089,0.5034851485148515,9.42851795707152,11.367798568839216,0.9990666666666668,0.005504598187189034,0.06078799736977332,0.0,0
792,30,Normal,20.0,0.0,clean,0.9,MeanSD,500,0.0,0.0,0.8508118811881188,0.14922772277227722,2.1822991760789607,2.7490137348801125,0.9333333333333335,0.029918615952184712,0.05110608129197196,0.0,0
792,30,Normal,20.0,0.0,clean,0.9,MedianMAD,500,0.0,0.0,0.8054851485148516,0.19497029702970295,2.950850012310612,3.763929042313371,0.9273333333333335,0.05363226179901442,0.052624117790358006,0.0,0
792,30,Normal,20.0,0.0,clean,0.9,Percentile,500,0.0,0.0,0.8277623762376237,0.17976237623762376,2.682738009219874,3.3632954047214985,0.9330666666666667,0.0029724482628177115,0.0007431120657048982,0.0,0
792,30,Normal,20.0,0.0,clean,0.9,QFactor,500,0.0,0.0,0.8622970297029702,0.3896039603960396,6.110514473639882,7.910661421264224,0.9990666666666668,0.005504598187189034,0.05613120214695294,0.0,0
793,30,Normal,20.0,0.05,lower,0.9,MaxMin,500,1.5,2.0,0.7583762376237624,0.5032871287128713,9.320299660799378,11.177636489517798,0.9326666666666668,0.004671340345020454,0.05999727261599153,0.0,0
793,30,Normal,20.0,0.05,lower,0.9,MeanSD,500,1.5,2.0,0.8554257425742574,0.1446138613861386,2.1123040638942725,2.691819774891116,0.8724000000000002,0.028281437010143545,0.05060572191595061,0.0,0
793,30,Normal,20.0,0.05,lower,0.9,MedianMAD,500,1.5,2.0,0.7998019801980198,0.20372277227722774,3.08884436836311,3.927966533872967,0.8630666666666669,0.05288741439745131,0.05159828189088499,0.0,0
793,30,Normal,20.0,0.05,lower,0.9,Percentile,500,1.5,2.0,0.8238613861386139,0.18213861386138613,2.71989704024089,3.452441054492601,0.8664000000000003,0.0029724482628177107,0.0007431120657047244,0.0,0
793,30,Normal,20.0,0.05,lower,0.9,QFactor,500,1.5,2.0,0.8687920792079208,0.39936633663366333,6.2475560494221165,8.005180914141135,0.9326666666666668,0.004671340345020454,0.05458595299875665,0.0,0
794,30,Normal,20.0,0.05,upper,0.9,MaxMin,500,1.5,2.0,0.8122178217821782,0.5405742574257426,10.625673642899448,12.530369226441826,0.9992000000000001,0.005106743024208018,0.052831628858649914,0.0,0
794,30,Normal,20.0,0.05,upper,0.9,MeanSD,500,1.5,2.0,0.8634059405940595,0.24871287128712868,3.7803591966140733,4.570215505347333,0.9576666666666668,0.026549089490036076,0.047168245443150854,0.0,0
794,30,Normal,20.0,0.05,upper,0.9,MedianMAD,500,1.5,2.0,0.795920792079208,0.21037623762376234,3.1921259973038745,4.101925148952857,0.9374000000000001,0.04884682204655791,0.04976302627793051,0.0,0
794,30,Normal,20.0,0.05,upper,0.9,Percentile,500,1.5,2.0,0.8061980198019802,0.23586138613861385,3.5391159133370227,4.732195651620418,0.9332,0.002106071637468907,0.0005265179093676948,0.0,0
794,30,Normal,20.0,0.05,upper,0.9,QFactor,500,1.5,2.0,0.9799801980198021,0.04477227722772278,0.6274812818815688,0.881392743553566,0.9992000000000001,0.005106743024208018,0.04608630591978548,0.0,0
795,30,Compressed Normal,20.0,0.0,clean,0.9,MaxMin,500,0.0,0.0,0.9170297029702971,0.2706534653465346,5.391827807474108,6.445757792613942,1.0,0.0,0.061559822210086004,0.0,0
795,30,Compressed Normal,20.0,0.0,clean,0.9,MeanSD,500,0.0,0.0,0.9476831683168317,0.05279207920792079,0.7406525551904356,0.9304720974928076,0.9374000000000001,0.029902163632267355,0.05147572771785503,0.0,0
795,30,Compressed Normal,20.0,0.0,clean,0.9,MedianMAD,500,0.0,0.0,0.9325940594059406,0.06794059405940595,0.9942285903516701,1.2757469592062587,0.9323333333333335,0.0513576532800536,0.05253049116178477,0.0,0
795,30,Compressed Normal,20.0,0.0,clean,0.9,Percentile,500,0.0,0.0,0.940930693069307,0.06524752475247525,0.906116687567996,1.139632786478915,0.9333333333333335,1.111334915764742e-16,6.980572439647287e-16,0.0,0
795,30,Compressed Normal,20.0,0.0,clean,0.9,QFactor,500,0.0,0.0,0.9506336633663366,0.2710693069306931,3.8887659245168877,4.796936865414018,1.0,0.0,0.0454302043337445,0.0,0
796,30,Compressed Normal,20.0,0.05,lower,0.9,MaxMin,500,1.5,2.0,0.9121782178217821,0.2723960396039604,5.461803882384792,6.518928463192916,0.9333333333333335,1.111334915764742e-16,0.05981829608281221,0.0,0
796,30,Compressed Normal,20.0,0.05,lower,0.9,MeanSD,500,1.5,2.0,0.9470297029702971,0.05297029702970297,0.7278671619499327,0.9281414801500989,0.8710000000000002,0.02993907567143105,0.050177680105242164,0.0,0
796,30,Compressed Normal,20.0,0.05,lower,0.9,MedianMAD,500,1.5,2.0,0.9341980198019804,0.0686138613861386,0.9996787445904485,1.2736714684521666,0.8630666666666669,0.05156573199421166,0.050553055391344325,0.0,0
796,30,Compressed Normal,20.0,0.05,lower,0.9,Percentile,500,1.5,2.0,0.9408712871287128,0.06544554455445545,0.9156912177236128,1.1501869449963602,0.8666666666666669,2.222669831529484e-16,3.577109260117764e-16,0.0,0
796,30,Compressed Normal,20.0,0.05,lower,0.9,QFactor,500,1.5,2.0,0.9491089108910891,0.2738613861386138,3.9629960764293117,4.888275768787542,0.9333333333333335,1.111334915764742e-16,0.04331576627948116,0.0,0
797,30,Compressed Normal,20.0,0.05,upper,0.9,MaxMin,500,1.5,2.0,0.9268118811881189,0.5048910891089109,15.070468053451245,15.36837678936989,1.0,0.0,0.0431917222207817,0.0,0
797,30,Compressed Normal,20.0,0.05,upper,0.9,MeanSD,500,1.5,2.0,0.9564356435643564,0.26108910891089104,5.692304382430536,6.716734762829979,0.9994000000000001,0.004436142323847923,0.03328944025949412,0.0,0
797,30,Compressed Normal,20.0,0.05,upper,0.9,MedianMAD,500,1.5,2.0,0.9294257425742576,0.07095049504950496,1.1095653860334844,1.425055730112045,0.9396666666666668,0.04933198828259007,0.05061632105486203,0.0,0
797,30,Compressed Normal,20.0,0.05,upper,0.9,Percentile,500,1.5,2.0,0.9326930693069306,0.09201980198019802,1.4029041212516367,2.0199918940900465,0.9333333333333335,1.111334915764742e-16,6.980572439647287e-16,0.0,0
797,30,Compressed Normal,20.0,0.05,upper,0.9,QFactor,500,1.5,2.0,0.9815445544554455,0.5068118811881188,8.737721430363807,10.510210012466393,1.0,0.0,0.02252447951533241,0.0,0
798,30,Uniform,20.0,0.0,clean,0.9,MaxMin,500,0.0,0.0,0.8458019801980197,0.23106930693069308,3.3289807486691196,4.54020770732577,0.8680000000000001,0.05967327355635554,0.061215537596959,0.011533333333333333,0
798,30,Uniform,20.0,0.0,clean,0.9,MeanSD,500,0.0,0.0,0.7493663366336636,0.25097029702970297,3.61848241136524,4.621875577294505,0.8478000000000002,0.06059200997023746,0.05668331130009828,0.009066666666666667,0
798,30,Uniform,20.0,0.0,clean,0.9,MedianMAD,500,0.0,0.0,0.6173069306930692,0.38833663366336635,6.161573528495163,8.186570328261308,0.8566000000000001,0.06921318787048343,0.05961160255178899,0.035,0
798,30,Uniform,20.0,0.0,clean,0.9,Percentile,500,0.0,0.0,0.7004158415841584,0.31126732673267327,4.629668338325099,5.938571019905103,0.8358666666666668,0.0507593639248179,0.015887806040601797,0.0015333333333333334,0
798,30,Uniform,20.0,0.0,clean,0.9,QFactor,500,0.0,0.0,0.893940594059406,0.23744554455445543,3.543297134156067,4.843997385583148,0.8680000000000001,0.05967327355635554,0.06010917931435303,0.0046,0
799,30,Uniform,20.0,0.05,lower,0.9,MaxMin,500,1.5,2.0,0.8344752475247526,0.24386138613861388,3.5400084411492063,4.8507366017701905,0.8074000000000001,0.05694591104443298,0.05770849888316047,0.013066666666666667,0
799,30,Uniform,20.0,0.05,lower,0.9,MeanSD,500,1.5,2.0,0.7454257425742572,0.25475247524752476,3.697644101942769,4.699279994637843,0.7866000000000002,0.054709166072710445,0.05264429782849758,0.0074,0
799,30,Uniform,20.0,0.05,lower,0.9,MedianMAD,500,1.5,2.0,0.6201980198019801,0.3842376237623763,6.2094088801202965,8.330313816565818,0.7945333333333334,0.06505315299289902,0.05617322009963033,0.03913333333333333,0
799,30,Uniform,20.0,0.05,lower,0.9,Percentile,500,1.5,2.0,0.7027722772277228,0.3087920792079208,4.635931817614772,6.000335544393859,0.7754666666666667,0.049200963435071216,0.01655178922607408,0.0017333333333333333,0
799,30,Uniform,20.0,0.05,lower,0.9,QFactor,500,1.5,2.0,0.8903960396039604,0.25453465346534654,3.8122487061889134,5.179267319844038,0.8074000000000001,0.05694591104443298,0.05670388787178587,0.0048,0
800,30,Uniform,20.0,0.05,upper,0.9,MaxMin,500,1.5,2.0,0.905108910891089,0.16302970297029704,2.3703797331771668,3.511940160702375,0.8737333333333335,0.05862538779753225,0.05777164463780665,0.0128,0
800,30,Uniform,20.0,0.05,upper,0.9,MeanSD,500,1.5,2.0,0.7817227722772276,0.3201584158415842,4.692712367313034,5.848987340648337,0.8547333333333336,0.05648578147853407,0.05454225403587237,0.008866666666666667,0
800,30,Uniform,20.0,0.05,upper,0.9,MedianMAD,500,1.5,2.0,0.6383762376237624,0.389049504950495,6.436505542579403,8.479965931381248,0.8606000000000001,0.066740740411229,0.0576820235666358,0.033,0
800,30,Uniform,20.0,0.05,upper,0.9,Percentile,500,1.5,2.0,0.7187128712871286,0.34720792079207924,5.261712401546255,6.606337949934953,0.8437333333333333,0.05102660183528175,0.015911096525489853,0.0024666666666666665,0
800,30,Uniform,20.0,0.05,upper,0.9,QFactor,500,1.5,2.0,0.9812475247524752,0.04338613861386138,0.7161660829103856,0.9604438661661009,0.8737333333333335,0.05862538779753225,0.057072238175652296,0.004866666666666667,0
801,30,Right-skewed,20.0,0.0,clean,0.9,MaxMin,500,0.0,0.0,0.8303564356435643,0.45495049504950497,9.885643457735027,13.225356541293824,0.6828,0.08717430078546586,0.05946618035764572,0.04413333333333333,0
801,30,Right-skewed,20.0,0.0,clean,0.9,MeanSD,500,0.0,0.0,0.859029702970297,0.14126732673267328,2.1206094724624123,2.9483245298169014,0.683,0.08606996165225045,0.054096254979828735,0.06946666666666666,0
801,30,Right-skewed,20.0,0.0,clean,0.9,MedianMAD,500,0.0,0.0,0.8296237623762377,0.17413861386138613,2.870978692268273,4.098496009973164,0.6918,0.08709597692299066,0.053751070457042485,0.09413333333333333,0
801,30,Right-skewed,20.0,0.0,clean,0.9,Percentile,500,0.0,0.0,0.8312277227722773,0.17647524752475247,2.706593174662642,3.690941176233452,0.6587999999999999,0.08074679271346615,0.024560654175508092,0.013666666666666667,0
801,30,Right-skewed,20.0,0.0,clean,0.9,QFactor,500,0.0,0.0,0.854950495049505,0.4932079207920792,11.970978660749202,14.793617415358009,0.6825999999999999,0.08735146440928551,0.05629444749079292,0.016133333333333333,0
802,30,Right-skewed,20.0,0.05,lower,0.9,MaxMin,500,1.5,2.0,0.8210297029702971,0.45089108910891096,9.732547563296636,13.077395459218717,0.6411333333333332,0.08532518644309994,0.05774417468945011,0.0412,0
802,30,Right-skewed,20.0,0.05,lower,0.9,MeanSD,500,1.5,2.0,0.8557029702970296,0.1442970297029703,2.150783664965101,2.970561954221932,0.6437333333333333,0.08355452275071504,0.05200605573241264,0.06593333333333333,0
802,30,Right-skewed,20.0,0.05,lower,0.9,MedianMAD,500,1.5,2.0,0.818930693069307,0.18633663366336634,3.051865339853245,4.268177229025917,0.6514666666666667,0.08409514180164135,0.05313203325380026,0.08706666666666667,0
802,30,Right-skewed,20.0,0.05,lower,0.9,Percentile,500,1.5,2.0,0.8253465346534652,0.18239603960396036,2.808128024272231,3.7928776480965993,0.6155333333333333,0.07893781040400291,0.02483875359465304,0.015,0
802,30,Right-skewed,20.0,0.05,lower,0.9,QFactor,500,1.5,2.0,0.8462970297029703,0.48920792079207925,11.80207678538274,14.664978452578675,0.6411333333333332,0.08532518644309994,0.05537685552170921,0.016,0
803,30,Right-skewed,20.0,0.05,upper,0.9,MaxMin,500,1.5,2.0,0.9345346534653465,0.5285544554455446,7.675679148393259,8.415861799880973,0.71,0.08725252881921806,0.04696063835997036,0.038533333333333336,0
803,30,Right-skewed,20.0,0.05,upper,0.9,MeanSD,500,1.5,2.0,0.8763564356435644,0.4313069306930693,8.496896661547979,11.27052389691022,0.7404666666666667,0.08060810408388919,0.04724563308209285,0.22006666666666666,0
803,30,Right-skewed,20.0,0.05,upper,0.9,MedianMAD,500,1.5,2.0,0.8118019801980199,0.19734653465346533,3.240133659411176,4.721561434749913,0.7220666666666666,0.0830540141828021,0.05170832466197964,0.10393333333333334,0
803,30,Right-skewed,20.0,0.05,upper,0.9,Percentile,500,1.5,2.0,0.7971881188118812,0.4197029702970298,6.38602115121171,11.099323035894274,0.6814666666666666,0.08065408404822678,0.02403082075915198,0.009333333333333334,0
803,30,Right-skewed,20.0,0.05,upper,0.9,QFactor,500,1.5,2.0,0.9808118811881188,0.33518811881188115,4.921996489972022,5.931968073703443,0.71,0.08725252881921806,0.04398306848961073,0.014533333333333334,0
804,30,Left-skewed,20.0,0.0,clean,0.9,MaxMin,500,0.0,0.0,0.7721188118811882,0.5375049504950495,11.865336306898362,14.715436362596943,0.9999333333333333,0.0014907119849998593,0.057438231643316365,0.0,0
804,30,Left-skewed,20.0,0.0,clean,0.9,MeanSD,500,0.0,0.0,0.8434257425742574,0.15677227722772277,2.298295309434975,2.9829993296485107,0.9161333333333335,0.029801988848075615,0.052285828255706775,0.0,0
804,30,Left-skewed,20.0,0.0,clean,0.9,MedianMAD,500,0.0,0.0,0.78990099009901,0.21302970297029702,3.247572428417775,4.159773536562945,0.8976666666666667,0.061823943221590835,0.0538796167211429,0.0,0
804,30,Left-skewed,20.0,0.0,clean,0.9,Percentile,500,0.0,0.0,0.8154851485148515,0.1927722772277228,2.8861557165979335,3.7561347808063923,0.9333333333333335,1.111334915764742e-16,6.980572439647287e-16,0.0,0
804,30,Left-skewed,20.0,0.0,clean,0.9,QFactor,500,0.0,0.0,0.9364554455445544,0.2000990099009901,2.9967006360862047,3.8676580599336856,0.9999333333333333,0.0014907119849998593,0.049377074601284834,0.0,0
805,30,Left-skewed,20.0,0.05,lower,0.9,MaxMin,500,1.5,2.0,0.7700594059405941,0.536,11.847284950366344,14.709189071060278,0.9332,0.0021060716374689077,0.05488271994313305,0.0,0
805,30,Left-skewed,20.0,0.05,lower,0.9,MeanSD,500,1.5,2.0,0.8356237623762376,0.1648514851485148,2.423092737915634,3.1037427338358037,0.8558000000000002,0.027590138906193627,0.05028095480804655,0.0,0
805,30,Left-skewed,20.0,0.05,lower,0.9,MedianMAD,500,1.5,2.0,0.7710891089108912,0.2329108910891089,3.570945244388862,4.534446220402728,0.8423333333333335,0.05803411185242022,0.05133005038352298,0.0,0
805,30,Left-skewed,20.0,0.05,lower,0.9,Percentile,500,1.5,2.0,0.8090297029702971,0.1991089108910891,2.9949748699961622,3.86725863594652,0.8665333333333336,0.0021060716374689077,0.0005265179093675238,0.0,0
805,30,Left-skewed,20.0,0.05,lower,0.9,QFactor,500,1.5,2.0,0.9351683168316833,0.20364356435643566,3.0505380453676803,3.931422294309254,0.9332,0.0021060716374689077,0.04742615457596881,0.0,0
806,30,Left-skewed,20.0,0.05,upper,0.9,MaxMin,500,1.5,2.0,0.7848316831683169,0.6136435643564356,13.84478528979554,16.18946310258333,0.9999333333333333,0.0014907119849998597,0.053044831178495386,0.0,0
806,30,Left-skewed,20.0,0.05,upper,0.9,MeanSD,500,1.5,2.0,0.8524356435643565,0.19421782178217825,2.901777476846189,3.5275663696424147,0.9224000000000001,0.0291728164143643,0.049169314220554136,0.0,0
806,30,Left-skewed,20.0,0.05,upper,0.9,MedianMAD,500,1.5,2.0,0.7845940594059406,0.23207920792079212,3.53739448048167,4.483941550595832,0.9034666666666669,0.05683306936392249,0.052071242042268644,0.0,0
806,30,Left-skewed,20.0,0.05,upper,0.9,Percentile,500,1.5,2.0,0.8147524752475248,0.21586138613861386,3.2679345100753743,4.114425750605599,0.9332666666666667,0.0014907119849998597,0.00037267799625043666,0.0,0
806,30,Left-skewed,20.0,0.05,upper,0.9,QFactor,500,1.5,2.0,0.9817821782178218,0.028277227722772275,0.5377003479489525,0.7588778312966533,0.9999333333333333,0.0014907119849998597,0.04637401774203289,0.0,0
807,30,Bimodal,20.0,0.0,clean,0.9,MaxMin,500,0.0,0.0,0.8457623762376238,0.2770891089108911,4.092876109599354,5.4253783717427515,0.9036000000000002,0.05499272233788188,0.061625854144942545,0.0088,0
807,30,Bimodal,20.0,0.0,clean,0.9,MeanSD,500,0.0,0.0,0.7803168316831683,0.21998019801980198,3.19186222367752,4.1569945574229346,0.8794000000000001,0.05642898797240121,0.05612014962589739,0.005266666666666667,0
807,30,Bimodal,20.0,0.0,clean,0.9,MedianMAD,500,0.0,0.0,0.6518019801980197,0.3538019801980197,5.650984358546595,7.793677102674905,0.8862000000000001,0.07064454979644924,0.061934451231182054,0.029933333333333333,0
807,30,Bimodal,20.0,0.0,clean,0.9,Percentile,500,0.0,0.0,0.7406534653465346,0.26625742574257427,4.022461621871535,5.31367048149028,0.8648000000000002,0.04719785479464776,0.014527508820000137,0.0006,0
807,30,Bimodal,20.0,0.0,clean,0.9,QFactor,500,0.0,0.0,0.8947326732673266,0.3205742574257426,4.831526666340323,6.237400824425492,0.9036000000000002,0.05499272233788188,0.0606298201797599,0.004266666666666667,0
808,30,Bimodal,20.0,0.05,lower,0.9,MaxMin,500,1.5,2.0,0.8279405940594058,0.2893861386138614,4.306348316069725,5.699088265005627,0.8448666666666668,0.053285340798167394,0.05901031530182892,0.008266666666666667,0
808,30,Bimodal,20.0,0.05,lower,0.9,MeanSD,500,1.5,2.0,0.765009900990099,0.2362772277227723,3.4193320604507442,4.295282057085606,0.8188666666666667,0.0538192212197553,0.05394655028048488,0.006066666666666666,0
808,30,Bimodal,20.0,0.05,lower,0.9,MedianMAD,500,1.5,2.0,0.6394059405940592,0.36540594059405945,5.727985785466334,7.654820220008165,0.8289333333333334,0.06396127196080384,0.06001738585190354,0.028666666666666667,0
808,30,Bimodal,20.0,0.05,lower,0.9,Percentile,500,1.5,2.0,0.7246336633663365,0.2844158415841584,4.282490681357001,5.489857143738861,0.8026666666666668,0.04576960104070735,0.015000429578897372,0.0006666666666666666,0
808,30,Bimodal,20.0,0.05,lower,0.9,QFactor,500,1.5,2.0,0.8874851485148515,0.3246732673267327,4.934070939645046,6.4041916969087405,0.8448666666666668,0.053285340798167394,0.0574749005399094,0.0036666666666666666,0
809,30,Bimodal,20.0,0.05,upper,0.9,MaxMin,500,1.5,2.0,0.9060792079207922,0.21302970297029702,3.087730289580521,4.103484586307305,0.9078000000000002,0.05333713246321737,0.05773010007725203,0.006666666666666667,0
809,30,Bimodal,20.0,0.05,upper,0.9,MeanSD,500,1.5,2.0,0.7908712871287127,0.3053861386138614,4.431958663169277,5.4562610794352535,0.8883333333333335,0.05526700840256211,0.053470168217085785,0.006866666666666667,0
809,30,Bimodal,20.0,0.05,upper,0.9,MedianMAD,500,1.5,2.0,0.6433861386138614,0.37904950495049494,6.057620706452015,8.003650755951455,0.8897333333333336,0.0705067701109985,0.06087580489706758,0.0284,0
809,30,Bimodal,20.0,0.05,upper,0.9,Percentile,500,1.5,2.0,0.7287128712871285,0.3346534653465346,4.945518902454657,6.152225459155037,0.8660000000000002,0.04627760329215705,0.01387090888858041,0.0003333333333333333,0
809,30,Bimodal,20.0,0.05,upper,0.9,QFactor,500,1.5,2.0,0.9812871287128713,0.026118811881188118,0.4512963201735998,0.6687650736583579,0.9078000000000002,0.05333713246321737,0.05767055780558192,0.0034666666666666665,0
810,40,Normal,20.0,0.0,clean,0.9,MaxMin,500,0.0,0.0,0.7585940594059405,0.4835643564356436,8.619417662990466,10.38303031101048,0.9993,0.004421436214217369,0.054726211952598136,0.0,0
810,40,Normal,20.0,0.0,clean,0.9,MeanSD,500,0.0,0.0,0.87619801980198,0.12431683168316833,1.796148938044966,2.291850296972526,0.93475,0.025739318659399258,0.04446916273738295,0.0,0
810,40,Normal,20.0,0.0,clean,0.9,MedianMAD,500,0.0,0.0,0.8314257425742575,0.1686930693069307,2.4719821370655546,3.1688807175804956,0.9288500000000001,0.04610508494423831,0.04612000496347931,0.0,0
810,40,Normal,20.0,0.0,clean,0.9,Percentile,500,0.0,0.0,0.8500198019801981,0.15394059405940594,2.2587684756907116,2.87540459530913,0.9248000000000002,0.002229336197113286,0.0011146680985570697,0.0,0
810,40,Normal,20.0,0.0,clean,0.9,QFactor,500,0.0,0.0,0.8747128712871287,0.37683168316831683,5.764620428392048,7.4207755584529815,0.9993,0.004421436214217369,0.048983246433821875,0.0,0
811,40,Normal,20.0,0.05,lower,0.9,MaxMin,500,2.0,2.0,0.7620990099009902,0.4903564356435643,8.912973987162603,10.742984792663714,0.9494999999999999,0.0035035052587653274,0.052910825308230616,0.0,0
811,40,Normal,20.0,0.05,lower,0.9,MeanSD,500,2.0,2.0,0.8723366336633664,0.12774257425742575,1.8538336817572023,2.353693248835341,0.8896000000000002,0.024810706202858676,0.04421454564129602,0.0,0
811,40,Normal,20.0,0.05,lower,0.9,MedianMAD,500,2.0,2.0,0.8275247524752476,0.17308910891089108,2.5735940218871542,3.3154254732590336,0.88425,0.04585185148463625,0.04593453295467961,0.0,0
811,40,Normal,20.0,0.05,lower,0.9,Percentile,500,2.0,2.0,0.8472079207920792,0.1572871287128713,2.315489076052152,2.9285525114177218,0.875,0.0,4.1501413260589586e-16,0.0,0
811,40,Normal,20.0,0.05,lower,0.9,QFactor,500,2.0,2.0,0.8743564356435644,0.3757227722772277,5.719440499918103,7.355365782560631,0.9494999999999999,0.0035035052587653274,0.047291654608702736,0.0,0
812,40,Normal,20.0,0.05,upper,0.9,MaxMin,500,2.0,2.0,0.8144554455445544,0.5164356435643565,9.723261014368008,11.540682488166476,0.9996499999999999,0.002940202302420419,0.05022106295310459,0.0,0
812,40,Normal,20.0,0.05,upper,0.9,MeanSD,500,2.0,2.0,0.882910891089109,0.19087128712871285,2.8703311909546914,3.535057693013484,0.9521,0.02354141875065278,0.04297159931593042,0.0,0
812,40,Normal,20.0,0.05,upper,0.9,MedianMAD,500,2.0,2.0,0.8272079207920793,0.17695049504950494,2.6553182354098785,3.4584977989201557,0.9339,0.0460709786106208,0.04414568678583749,0.0,0
812,40,Normal,20.0,0.05,upper,0.9,Percentile,500,2.0,2.0,0.8356831683168316,0.18712871287128716,2.772092802599373,3.7065842074358804,0.9250000000000003,2.222669831529484e-16,6.32071733341197e-16,0.0,0
812,40,Normal,20.0,0.05,upper,0.9,QFactor,500,2.0,2.0,0.9825148514851486,0.04374257425742575,0.6204406158654129,0.8490016759656219,0.9996499999999999,0.002940202302420419,0.03985955517922399,0.0,0
813,40,Compressed Normal,20.0,0.0,clean,0.9,MaxMin,500,0.0,0.0,0.9168514851485149,0.2666930693069307,5.1571226874079095,6.154676454016197,1.0,0.0,0.055713825772887055,0.0,0
813,40,Compressed Normal,20.0,0.0,clean,0.9,MeanSD,500,0.0,0.0,0.9522574257425742,0.04776237623762376,0.6289137897611364,0.7986987103053491,0.936,0.026747539358293233,0.04466623064872569,0.0,0
813,40,Compressed Normal,20.0,0.0,clean,0.9,MedianMAD,500,0.0,0.0,0.9386138613861386,0.06192079207920791,0.8754476120548864,1.1136698705909047,0.9270499999999999,0.04697297543100376,0.04725460234642134,0.0,0
813,40,Compressed Normal,20.0,0.0,clean,0.9,Percentile,500,0.0,0.0,0.9457029702970297,0.05827722772277227,0.7819062273421098,0.9891471212919043,0.9250000000000003,2.222669831529484e-16,6.32071733341197e-16,0.0,0
813,40,Compressed Normal,20.0,0.0,clean,0.9,QFactor,500,0.0,0.0,0.9515445544554455,0.2653663366336634,3.793091782272694,4.672645748888829,1.0,0.0,0.04122531498287861,0.0,0
814,40,Compressed Normal,20.0,0.05,lower,0.9,MaxMin,500,2.0,2.0,0.9171485148514852,0.26722772277227724,5.172411591690411,6.175100823348452,0.9499999999999997,2.222669831529484e-16,0.05268044414854718,0.0,0
814,40,Compressed Normal,20.0,0.05,lower,0.9,MeanSD,500,2.0,2.0,0.9539405940594059,0.04643564356435643,0.636517612927568,0.8008956785767712,0.88635,0.026811662209958616,0.042903697283124945,0.0,0
814,40,Compressed Normal,20.0,0.05,lower,0.9,MedianMAD,500,2.0,2.0,0.940970297029703,0.06047524752475247,0.8387207843643064,1.0782632351039858,0.883,0.043066337420747496,0.045267860163962996,0.0,0
814,40,Compressed Normal,20.0,0.05,lower,0.9,Percentile,500,2.0,2.0,0.9454257425742574,0.05857425742574258,0.7863530737764153,0.9974752839850661,0.875,0.0,4.1501413260589586e-16,0.0,0
814,40,Compressed Normal,20.0,0.05,lower,0.9,QFactor,500,2.0,2.0,0.947920792079208,0.2621782178217822,3.7494119155905907,4.625580461560482,0.9499999999999997,2.222669831529484e-16,0.040140432133783856,0.0,0
815,40,Compressed Normal,20.0,0.05,upper,0.9,MaxMin,500,2.0,2.0,0.9293861386138613,0.5038415841584158,14.776365733466127,15.09282267578181,1.0,0.0,0.040326726896431624,0.0,0
815,40,Compressed Normal,20.0,0.05,upper,0.9,MeanSD,500,2.0,2.0,0.9606336633663366,0.22229702970297033,4.630097916752748,5.449311524379616,0.9985,0.005943117135187998,0.031608454140482266,0.0,0
815,40,Compressed Normal,20.0,0.05,upper,0.9,MedianMAD,500,2.0,2.0,0.9385544554455446,0.06203960396039604,0.933515689478499,1.1992539325379876,0.93785,0.044187470680389244,0.044605699607628696,0.0,0
815,40,Compressed Normal,20.0,0.05,upper,0.9,Percentile,500,2.0,2.0,0.9433069306930694,0.06613861386138614,0.987083573901291,1.3032198846284673,0.9250000000000003,2.222669831529484e-16,6.32071733341197e-16,0.0,0
815,40,Compressed Normal,20.0,0.05,upper,0.9,QFactor,500,2.0,2.0,0.9815643564356437,0.5054851485148515,8.704482880751085,10.470193454656577,1.0,0.0,0.02067534297411204,0.0,0
816,40,Uniform,20.0,0.0,clean,0.9,MaxMin,500,0.0,0.0,0.8660792079207921,0.20142574257425744,2.878694060929044,3.9312703968535994,0.8654000000000001,0.05395518811615152,0.05427927011540684,0.01545,0
816,40,Uniform,20.0,0.0,clean,0.9,MeanSD,500,0.0,0.0,0.7999603960396039,0.200990099009901,2.884928130406237,3.6752783737467496,0.84365,0.05288213820452199,0.048848426319000035,0.0058,0
816,40,Uniform,20.0,0.0,clean,0.9,MedianMAD,500,0.0,0.0,0.682138613861386,0.3193861386138614,4.890437854087637,6.606740992496476,0.85605,0.061213901881575356,0.05305626544743924,0.034,0
816,40,Uniform,20.0,0.0,clean,0.9,Percentile,500,0.0,0.0,0.7497821782178218,0.26001980198019803,3.7661416640781846,4.826469709110732,0.8274,0.04531386866497687,0.014913527140254736,0.00195,0
816,40,Uniform,20.0,0.0,clean,0.9,QFactor,500,0.0,0.0,0.9094257425742573,0.21194059405940593,3.1328751987326493,4.245932601227365,0.8654000000000001,0.05395518811615152,0.053415064267912545,0.00555,0
817,40,Uniform,20.0,0.05,lower,0.9,MaxMin,500,2.0,2.0,0.8608316831683167,0.21035643564356435,3.0241488151553453,4.168112926743635,0.8281,0.05133869225686695,0.05136684065790002,0.01255,0
817,40,Uniform,20.0,0.05,lower,0.9,MeanSD,500,2.0,2.0,0.7777029702970297,0.22295049504950495,3.1962102943474204,4.042081385161685,0.8072,0.052784774934917164,0.04579585928125817,0.00525,0
817,40,Uniform,20.0,0.05,lower,0.9,MedianMAD,500,2.0,2.0,0.663108910891089,0.3398613861386138,5.273126034567932,7.149300074654905,0.8163499999999999,0.05961153050491387,0.05141332159134621,0.0361,0
817,40,Uniform,20.0,0.05,lower,0.9,Percentile,500,2.0,2.0,0.735960396039604,0.27453465346534656,4.023406652762194,5.165586125225211,0.78815,0.042860255517273946,0.014373312945914915,0.0018,0
817,40,Uniform,20.0,0.05,lower,0.9,QFactor,500,2.0,2.0,0.9016633663366337,0.2217029702970297,3.2779311180763755,4.4564768818615725,0.8281,0.05133869225686695,0.050865521783262646,0.0044,0
818,40,Uniform,20.0,0.05,upper,0.9,MaxMin,500,2.0,2.0,0.9174455445544554,0.1405742574257426,2.0127395430285717,2.9634078793313794,0.8749,0.0513591815653455,0.05191768597963584,0.0142,0
818,40,Uniform,20.0,0.05,upper,0.9,MeanSD,500,2.0,2.0,0.7942772277227723,0.2724554455445544,3.9453215042251903,4.898439249285277,0.8542000000000001,0.05360136390452065,0.04708524786654889,0.0076,0
818,40,Uniform,20.0,0.05,upper,0.9,MedianMAD,500,2.0,2.0,0.680930693069307,0.33833663366336636,5.350721757663758,7.074595570514624,0.8633,0.06025255796630518,0.05066171504489134,0.0353,0
818,40,Uniform,20.0,0.05,upper,0.9,Percentile,500,2.0,2.0,0.7382178217821782,0.3062772277227722,4.511700627662973,5.626659747595144,0.8363,0.04518177492718876,0.015039883083351835,0.00235,0
818,40,Uniform,20.0,0.05,upper,0.9,QFactor,500,2.0,2.0,0.9798019801980199,0.04142574257425742,0.6915056111919226,0.9436911122588527,0.8749,0.0513591815653455,0.05083031631098833,0.0053,0
819,40,Right-skewed,20.0,0.0,clean,0.9,MaxMin,500,0.0,0.0,0.8326930693069308,0.44312871287128713,9.284982975087326,12.495155992765467,0.69295,0.07483480471005442,0.05360879627696509,0.05295,0
819,40,Right-skewed,20.0,0.0,clean,0.9,MeanSD,500,0.0,0.0,0.8760396039603959,0.12396039603960396,1.830245029139162,2.5404127604328535,0.6918499999999999,0.07387992953418372,0.046975660978974515,0.0652,0
819,40,Right-skewed,20.0,0.0,clean,0.9,MedianMAD,500,0.0,0.0,0.843920792079208,0.15799999999999997,2.4444530592033136,3.395791293103242,0.7006,0.07269945268598439,0.0473339010519883,0.09835,0
819,40,Right-skewed,20.0,0.0,clean,0.9,Percentile,500,0.0,0.0,0.8442970297029703,0.16124752475247525,2.395408872251813,3.2111667881460972,0.6724,0.06480075830230005,0.02110489248420446,0.01375,0
819,40,Right-skewed,20.0,0.0,clean,0.9,QFactor,500,0.0,0.0,0.8506138613861387,0.4824158415841584,11.211715739809723,13.94374861074078,0.6925,0.07530000119761435,0.049540978168352644,0.0153,0
820,40,Right-skewed,20.0,0.05,lower,0.9,MaxMin,500,2.0,2.0,0.8377227722772277,0.45051485148514847,9.617686358631614,12.863234276339064,0.6558999999999999,0.06776336582176973,0.05115155987266959,0.0481,0
820,40,Right-skewed,20.0,0.05,lower,0.9,MeanSD,500,2.0,2.0,0.8783168316831684,0.12190099009900991,1.7822536205597628,2.459113533700268,0.6556500000000001,0.06708821922153423,0.044429673301455405,0.0566,0
820,40,Right-skewed,20.0,0.05,lower,0.9,MedianMAD,500,2.0,2.0,0.8439801980198021,0.15827722772277228,2.4980680831669777,3.5467150564183485,0.66365,0.0664549472954428,0.0451790484294769,0.08725,0
820,40,Right-skewed,20.0,0.05,lower,0.9,Percentile,500,2.0,2.0,0.8473069306930693,0.16237623762376235,2.3923316460229023,3.255472545804111,0.63965,0.06069592647766376,0.019949193337146127,0.01255,0
820,40,Right-skewed,20.0,0.05,lower,0.9,QFactor,500,2.0,2.0,0.8543168316831683,0.4888910891089109,11.585098911426055,14.33299795547848,0.6557000000000001,0.06794662233675747,0.047532458216646825,0.0146,0
821,40,Right-skewed,20.0,0.05,upper,0.9,MaxMin,500,2.0,2.0,0.9407326732673268,0.4999009900990099,7.24244538638217,7.994915302724551,0.7043499999999999,0.07072716708824592,0.04061303612569444,0.0506,0
821,40,Right-skewed,20.0,0.05,upper,0.9,MeanSD,500,2.0,2.0,0.890871287128713,0.37360396039603955,6.864310086369005,9.101500682752306,0.7295499999999999,0.0673395629141364,0.04144348065098111,0.20755,0
821,40,Right-skewed,20.0,0.05,upper,0.9,MedianMAD,500,2.0,2.0,0.8313267326732673,0.17629702970297026,2.7769049795160576,4.054597829124306,0.7155499999999999,0.06972568279825854,0.04412554998924753,0.1076,0
821,40,Right-skewed,20.0,0.05,upper,0.9,Percentile,500,2.0,2.0,0.8088118811881188,0.2513069306930693,3.8193563546793086,6.007503962098735,0.68355,0.060790941571539324,0.02053834481970402,0.0126,0
821,40,Right-skewed,20.0,0.05,upper,0.9,QFactor,500,2.0,2.0,0.9800594059405939,0.3296039603960396,4.84904667379938,5.845906937739077,0.7043499999999999,0.07072716708824592,0.037735918590608396,0.0143,0
822,40,Left-skewed,20.0,0.0,clean,0.9,MaxMin,500,0.0,0.0,0.7756237623762378,0.5197425742574258,10.81719102340209,13.432814275720016,0.99995,0.0011180339887498956,0.048894717232771154,0.0,0
822,40,Left-skewed,20.0,0.0,clean,0.9,MeanSD,500,0.0,0.0,0.8637821782178217,0.1362178217821782,1.9733917172245237,2.5342127267764436,0.9165500000000001,0.02609999846436162,0.04429903078211654,0.0,0
822,40,Left-skewed,20.0,0.0,clean,0.9,MedianMAD,500,0.0,0.0,0.802732673267327,0.19823762376237622,2.946317221913128,3.737695472348543,0.9040499999999999,0.052348143771413946,0.0477574729956591,0.0,0
822,40,Left-skewed,20.0,0.0,clean,0.9,Percentile,500,0.0,0.0,0.8370693069306931,0.1681782178217822,2.452211231682478,3.177442923497321,0.92495,0.0011180339887498956,0.0005590169943753692,0.0,0
822,40,Left-skewed,20.0,0.0,clean,0.9,QFactor,500,0.0,0.0,0.9439207920792079,0.1825742574257426,2.7436074017870458,3.5213791877723124,0.99995,0.0011180339887498956,0.04278592350106078,0.0,0
823,40,Left-skewed,20.0,0.05,lower,0.9,MaxMin,500,2.0,2.0,0.7768514851485149,0.5263168316831683,11.203122694416585,13.900832060795612,0.9499999999999997,2.222669831529484e-16,0.048982819464843626,0.0,0
823,40,Left-skewed,20.0,0.05,lower,0.9,MeanSD,500,2.0,2.0,0.8640594059405942,0.13603960396039608,1.9724121319684311,2.528490275152489,0.87135,0.02552902195392234,0.04526214355119216,0.0,0
823,40,Left-skewed,20.0,0.05,lower,0.9,MedianMAD,500,2.0,2.0,0.8117623762376237,0.1908316831683168,2.8631871710487453,3.670080367703685,0.8526500000000001,0.052937058516021256,0.04661865225605705,0.0,0
823,40,Left-skewed,20.0,0.05,lower,0.9,Percentile,500,2.0,2.0,0.8365544554455444,0.1684950495049505,2.474842964742098,3.199672853224017,0.875,0.0,4.1501413260589586e-16,0.0,0
823,40,Left-skewed,20.0,0.05,lower,0.9,QFactor,500,2.0,2.0,0.9417029702970297,0.18108910891089108,2.7152018316852033,3.5030587728154687,0.9499999999999997,2.222669831529484e-16,0.041941797272653084,0.0,0
824,40,Left-skewed,20.0,0.05,upper,0.9,MaxMin,500,2.0,2.0,0.7952871287128714,0.6009504950495049,12.801987212146383,14.92448183819791,0.99995,0.0011180339887498958,0.048375963376532355,0.0,0
824,40,Left-skewed,20.0,0.05,upper,0.9,MeanSD,500,2.0,2.0,0.8707524752475246,0.16017821782178215,2.3819964080182827,2.940119736209164,0.9190000000000002,0.025500992161137655,0.04360712028764403,0.0,0
824,40,Left-skewed,20.0,0.05,upper,0.9,MedianMAD,500,2.0,2.0,0.8016831683168318,0.20732673267326737,3.092840955322002,3.9359021410136448,0.90375,0.0531539102639938,0.04620572635083972,0.0,0
824,40,Left-skewed,20.0,0.05,upper,0.9,Percentile,500,2.0,2.0,0.8361584158415841,0.1826336633663366,2.725799630933281,3.451156573573191,0.9249500000000002,0.0011180339887498958,0.0005590169943753692,0.0,0
824,40,Left-skewed,20.0,0.05,upper,0.9,QFactor,500,2.0,2.0,0.9821386138613861,0.02411881188118812,0.47523456098326017,0.6918373654748627,0.99995,0.0011180339887498958,0.04137802076007113,0.0,0
825,40,Bimodal,20.0,0.0,clean,0.9,MaxMin,500,0.0,0.0,0.8582574257425742,0.2523762376237624,3.7004982160842896,4.947788113752435,0.9053,0.0478171827477515,0.053566848968642444,0.01055,0
825,40,Bimodal,20.0,0.0,clean,0.9,MeanSD,500,0.0,0.0,0.8067722772277228,0.19362376237623757,2.792499482888658,3.6130675993209764,0.8805999999999999,0.049936231881360635,0.048827520153861464,0.004,0
825,40,Bimodal,20.0,0.0,clean,0.9,MedianMAD,500,0.0,0.0,0.6809306930693071,0.3209108910891088,4.915681576710215,6.716024111278453,0.8926499999999999,0.06129634560043474,0.05633977409401897,0.0287,0
825,40,Bimodal,20.0,0.0,clean,0.9,Percentile,500,0.0,0.0,0.7668316831683167,0.23823762376237625,3.5192740426548164,4.630394679418099,0.858,0.04155663494335931,0.014465274354916586,0.00045,0
825,40,Bimodal,20.0,0.0,clean,0.9,QFactor,500,0.0,0.0,0.9007128712871288,0.29536633663366335,4.400534772936639,5.705631503109061,0.9053,0.0478171827477515,0.052484528472375856,0.00325,0
826,40,Bimodal,20.0,0.05,lower,0.9,MaxMin,500,2.0,2.0,0.8597623762376239,0.2514851485148515,3.6838517057991584,4.931547319370114,0.8575499999999999,0.044785701044374335,0.0519755330107738,0.0105,0
826,40,Bimodal,20.0,0.05,lower,0.9,MeanSD,500,2.0,2.0,0.8015247524752476,0.1995247524752475,2.8661567944043105,3.621283093263685,0.83205,0.04659280286221374,0.047751413375140925,0.00505,0
826,40,Bimodal,20.0,0.05,lower,0.9,MedianMAD,500,2.0,2.0,0.6704554455445543,0.3335841584158416,5.156116190231117,6.979579136188889,0.8411000000000002,0.062056361349727356,0.05534463194114811,0.0289,0
826,40,Bimodal,20.0,0.05,lower,0.9,Percentile,500,2.0,2.0,0.7614455445544553,0.24463366336633666,3.5878470596927174,4.661954161145551,0.8098,0.03744013257260326,0.012307072916519236,0.0008,0
826,40,Bimodal,20.0,0.05,lower,0.9,QFactor,500,2.0,2.0,0.8996237623762375,0.2942376237623762,4.380801290924447,5.682197160189871,0.8575499999999999,0.044785701044374335,0.050835889818030756,0.0037,0
827,40,Bimodal,20.0,0.05,upper,0.9,MaxMin,500,2.0,2.0,0.9177821782178217,0.17952475247524755,2.5918020519613543,3.5107534187685645,0.90355,0.04574749355246323,0.05042389252584443,0.0098,0
827,40,Bimodal,20.0,0.05,upper,0.9,MeanSD,500,2.0,2.0,0.8178217821782178,0.2598019801980198,3.7434178269571525,4.644478522707811,0.8816,0.049359017669018714,0.04544202569750959,0.00515,0
827,40,Bimodal,20.0,0.05,upper,0.9,MedianMAD,500,2.0,2.0,0.6834059405940596,0.339089108910891,5.224695594781873,6.918683690104521,0.8857,0.06429445975440046,0.05332812886923012,0.02515,0
827,40,Bimodal,20.0,0.05,upper,0.9,Percentile,500,2.0,2.0,0.7686732673267326,0.2815445544554455,4.0486171638786725,5.12671687671059,0.8559,0.03972841166453517,0.014037383441606769,0.0004,0
827,40,Bimodal,20.0,0.05,upper,0.9,QFactor,500,2.0,2.0,0.9808118811881189,0.026198019801980197,0.4535453445681507,0.6685087514601832,0.90355,0.04574749355246323,0.049179337498936535,0.0034,0
828,50,Normal,20.0,0.0,clean,0.9,MaxMin,500,0.0,0.0,0.7658613861386139,0.46875247524752467,8.200945974820703,9.89595948284217,0.99936,0.0037441203070611283,0.05056211189914078,0.0,0
828,50,Normal,20.0,0.0,clean,0.9,MeanSD,500,0.0,0.0,0.8778217821782178,0.12217821782178218,1.7615126359811455,2.186728631203462,0.9341199999999998,0.023205658904896877,0.03985870570277475,0.0,0
828,50,Normal,20.0,0.0,clean,0.9,MedianMAD,500,0.0,0.0,0.840039603960396,0.15998019801980198,2.3367975967187475,2.9452074027813024,0.92932,0.04118896285805998,0.04193129480576893,0.0,0
828,50,Normal,20.0,0.0,clean,0.9,Percentile,500,0.0,0.0,0.8536435643564356,0.14865346534653465,2.158713394406009,2.6900324739674053,0.9198000000000001,0.0019919678390334255,0.0009959839195173106,0.0,0
828,50,Normal,20.0,0.0,clean,0.9,QFactor,500,0.0,0.0,0.8859009900990099,0.3494455445544555,5.22135821672445,6.714483475405907,0.99936,0.0037441203070611283,0.04415692644230976,0.0,0
829,50,Normal,20.0,0.05,lower,0.9,MaxMin,500,2.5,2.0,0.7671287128712871,0.46920792079207924,8.251355293236264,9.970672156148384,0.9594800000000002,0.0031858907388043326,0.04823070712083559,0.0,0
829,50,Normal,20.0,0.05,lower,0.9,MeanSD,500,2.5,2.0,0.8822178217821782,0.11778217821782178,1.7073641094925769,2.1567686336039014,0.8954800000000002,0.021957546942576973,0.03875215961117622,0.0,0
829,50,Normal,20.0,0.05,lower,0.9,MedianMAD,500,2.5,2.0,0.840138613861386,0.1603960396039604,2.3503799925876474,3.009980017252838,0.89024,0.0417159783019814,0.04006441679682694,0.0,0
829,50,Normal,20.0,0.05,lower,0.9,Percentile,500,2.5,2.0,0.8572079207920792,0.14603960396039603,2.1316286085898426,2.700729873305866,0.8798400000000003,0.0017834689576906287,0.00044586723942337486,0.0,0
829,50,Normal,20.0,0.05,lower,0.9,QFactor,500,2.5,2.0,0.880851485148515,0.3462772277227723,5.182448129106053,6.7265088428580215,0.9594800000000002,0.0031858907388043326,0.04367354682876648,0.0,0
830,50,Normal,20.0,0.05,upper,0.9,MaxMin,500,2.5,2.0,0.8226138613861387,0.5047326732673266,9.263886968428086,10.997114725737529,0.9992800000000001,0.0037295333270632373,0.045842934103177316,0.0,0
830,50,Normal,20.0,0.05,upper,0.9,MeanSD,500,2.5,2.0,0.8895247524752475,0.16483168316831684,2.4804439341721998,3.0683494853995694,0.94956,0.022126580647318372,0.03973169619270528,0.0,0
830,50,Normal,20.0,0.05,upper,0.9,MedianMAD,500,2.5,2.0,0.8294653465346534,0.1719009900990099,2.5182606103162732,3.186818880731861,0.93524,0.04006685795283209,0.04137831373899566,0.0,0
830,50,Normal,20.0,0.05,upper,0.9,Percentile,500,2.5,2.0,0.8443762376237625,0.17025742574257424,2.4859142606787166,3.2311864287573746,0.91972,0.002352161841936334,0.001176080920968769,0.0,0
830,50,Normal,20.0,0.05,upper,0.9,QFactor,500,2.5,2.0,0.9828316831683169,0.044019801980198024,0.6283065700633289,0.8630756238086243,0.9992800000000001,0.0037295333270632373,0.0373255730319296,0.0,0
831,50,Compressed Normal,20.0,0.0,clean,0.9,MaxMin,500,0.0,0.0,0.9197425742574258,0.26293069306930694,4.993048439013678,5.968518866166806,1.0,0.0,0.050376408344761515,0.0,0
831,50,Compressed Normal,20.0,0.0,clean,0.9,MeanSD,500,0.0,0.0,0.957960396039604,0.04203960396039604,0.5497768443913359,0.7076639404532646,0.93584,0.023422032003358108,0.04071440655038671,0.0,0
831,50,Compressed Normal,20.0,0.0,clean,0.9,MedianMAD,500,0.0,0.0,0.9461584158415841,0.054257425742574264,0.7550924733631248,0.9782111075949558,0.9342,0.0411161900249078,0.04210520150479546,0.0,0
831,50,Compressed Normal,20.0,0.0,clean,0.9,Percentile,500,0.0,0.0,0.9506138613861386,0.052376237623762374,0.6822240347869168,0.8669226489278717,0.9200000000000002,1.111334915764742e-16,1.4516812337176945e-15,0.0,0
831,50,Compressed Normal,20.0,0.0,clean,0.9,QFactor,500,0.0,0.0,0.9532673267326732,0.25653465346534654,3.6524219355790972,4.486850914984366,1.0,0.0,0.037129531824006134,0.0,0
832,50,Compressed Normal,20.0,0.05,lower,0.9,MaxMin,500,2.5,2.0,0.9174455445544555,0.2630891089108911,4.961778901579639,5.927910155982366,0.9600000000000002,2.222669831529484e-16,0.051236934408634194,0.0,0
832,50,Compressed Normal,20.0,0.05,lower,0.9,MeanSD,500,2.5,2.0,0.9574653465346534,0.04253465346534654,0.5635195878263125,0.7202094155591259,0.8970400000000002,0.023433665384371555,0.03976242870833402,0.0,0
832,50,Compressed Normal,20.0,0.05,lower,0.9,MedianMAD,500,2.5,2.0,0.9438613861386138,0.05645544554455446,0.7775299740935917,0.9978843875962761,0.88952,0.04173311521815288,0.04210462806965405,0.0,0
832,50,Compressed Normal,20.0,0.05,lower,0.9,Percentile,500,2.5,2.0,0.9487920792079209,0.05354455445544555,0.7069294504530989,0.9085559489066776,0.8800000000000002,2.222669831529484e-16,1.0713963172294468e-15,0.0,0
832,50,Compressed Normal,20.0,0.05,lower,0.9,QFactor,500,2.5,2.0,0.949069306930693,0.25768316831683163,3.6723408413113434,4.5251676504061145,0.9600000000000002,2.222669831529484e-16,0.038200815309778834,0.0,0
833,50,Compressed Normal,20.0,0.05,upper,0.9,MaxMin,500,2.5,2.0,0.9316831683168316,0.5026930693069307,14.432241736294428,14.791379022031775,1.0,0.0,0.038778810359863976,0.0,0
833,50,Compressed Normal,20.0,0.05,upper,0.9,MeanSD,500,2.5,2.0,0.9646336633663366,0.19586138613861387,3.9315858411528564,4.614080055298114,0.9968800000000001,0.007898758178443188,0.029501639317634217,0.0,0
833,50,Compressed Normal,20.0,0.05,upper,0.9,MedianMAD,500,2.5,2.0,0.9451089108910892,0.05508910891089109,0.827530537341844,1.0514106450882068,0.93492,0.039786423803077293,0.040002445262386034,0.0,0
833,50,Compressed Normal,20.0,0.05,upper,0.9,Percentile,500,2.5,2.0,0.950079207920792,0.05524752475247525,0.8097087986289514,1.0561533982789573,0.9200000000000002,1.111334915764742e-16,1.4516812337176945e-15,0.0,0
833,50,Compressed Normal,20.0,0.05,upper,0.9,QFactor,500,2.5,2.0,0.981861386138614,0.5061980198019802,8.711845934331322,10.479198620169086,1.0,0.0,0.017964026288038157,0.0,0
834,50,Uniform,20.0,0.0,clean,0.9,MaxMin,500,0.0,0.0,0.882990099009901,0.18409900990099012,2.632507343506988,3.682792028738222,0.86628,0.047102004178115296,0.047516803185061,0.0176,0
834,50,Uniform,20.0,0.0,clean,0.9,MeanSD,500,0.0,0.0,0.8059207920792079,0.19427722772277228,2.7796149254163702,3.530886999902729,0.84876,0.04475789246463412,0.04288246983092663,0.00548,0
834,50,Uniform,20.0,0.0,clean,0.9,MedianMAD,500,0.0,0.0,0.7077821782178216,0.2944554455445545,4.42325406069739,6.010919740354666,0.86208,0.050825584897375466,0.047345741982474834,0.0368,0
834,50,Uniform,20.0,0.0,clean,0.9,Percentile,500,0.0,0.0,0.7651485148514852,0.24071287128712868,3.485618860179254,4.4545554976572275,0.8348,0.03444608927196619,0.011996826943609817,0.00164,0
834,50,Uniform,20.0,0.0,clean,0.9,QFactor,500,0.0,0.0,0.9123762376237624,0.20512871287128712,3.031611655236216,4.122677163046993,0.86628,0.047102004178115296,0.047112699856585755,0.00464,0
835,50,Uniform,20.0,0.05,lower,0.9,MaxMin,500,2.5,2.0,0.8821584158415843,0.17966336633663368,2.566678173627505,3.5552748164236765,0.8332800000000001,0.04704964333420341,0.04669526993049529,0.01672,0
835,50,Uniform,20.0,0.05,lower,0.9,MeanSD,500,2.5,2.0,0.8128118811881189,0.18718811881188113,2.6762948410522305,3.3697574991950043,0.8143199999999999,0.04483478466360313,0.041921587533954016,0.00668,0
835,50,Uniform,20.0,0.05,lower,0.9,MedianMAD,500,2.5,2.0,0.6886930693069306,0.31209900990099004,4.6838962808737605,6.137164970756533,0.8258000000000002,0.05360697169986064,0.04697007381058971,0.03976,0
835,50,Uniform,20.0,0.05,lower,0.9,Percentile,500,2.5,2.0,0.7645148514851484,0.24132673267326735,3.4849028468649412,4.437646720805976,0.8066800000000001,0.03740288158821728,0.012640714491282562,0.00204,0
835,50,Uniform,20.0,0.05,lower,0.9,QFactor,500,2.5,2.0,0.9159207920792078,0.19273267326732674,2.8448061574621866,3.8788692958952318,0.8332800000000001,0.04704964333420341,0.046104100977788484,0.00484,0
836,50,Uniform,20.0,0.05,upper,0.9,MaxMin,500,2.5,2.0,0.9243168316831682,0.12635643564356436,1.7988473338283892,2.6322319476415577,0.8732000000000001,0.04821627960801701,0.046043839395346856,0.01648,0
836,50,Uniform,20.0,0.05,upper,0.9,MeanSD,500,2.5,2.0,0.8204158415841584,0.21548514851485145,3.103781961491921,3.94367231142326,0.85716,0.0470953324723519,0.04124741658581918,0.00624,0
836,50,Uniform,20.0,0.05,upper,0.9,MedianMAD,500,2.5,2.0,0.7118019801980198,0.2944950495049505,4.5167740756470005,6.106903447272391,0.8678,0.05178148940780461,0.04654107380770199,0.03616,0
836,50,Uniform,20.0,0.05,upper,0.9,Percentile,500,2.5,2.0,0.7656831683168317,0.2548910891089109,3.7169881996986467,4.7256496812278,0.839,0.03478822273243869,0.011928400001006777,0.00184,0
836,50,Uniform,20.0,0.05,upper,0.9,QFactor,500,2.5,2.0,0.9815445544554455,0.04,0.669621400131392,0.9091647180364518,0.8732000000000001,0.04821627960801701,0.045395759410711924,0.00476,0
837,50,Right-skewed,20.0,0.0,clean,0.9,MaxMin,500,0.0,0.0,0.8328910891089109,0.4323960396039604,8.744542518005451,11.814090589490352,0.69236,0.06285165918354302,0.047989470968508405,0.05712,0
837,50,Right-skewed,20.0,0.0,clean,0.9,MeanSD,500,0.0,0.0,0.8860792079207921,0.11443564356435644,1.6694864278967285,2.3195444410498864,0.6925999999999999,0.061994569546909614,0.04149997249920914,0.06236,0
837,50,Right-skewed,20.0,0.0,clean,0.9,MedianMAD,500,0.0,0.0,0.8551881188118812,0.14667326732673266,2.2377210526311484,3.1682323758131923,0.7007599999999999,0.061966944449511285,0.04257747962159677,0.09452,0
837,50,Right-skewed,20.0,0.0,clean,0.9,Percentile,500,0.0,0.0,0.8536633663366336,0.15146534653465346,2.201335085159237,2.981706175670491,0.67452,0.05937187582752087,0.017731418249686583,0.013,0
837,50,Right-skewed,20.0,0.0,clean,0.9,QFactor,500,0.0,0.0,0.849168316831683,0.473960396039604,10.554152227579833,13.15036454313403,0.6922,0.06290846485092288,0.04401705406189406,0.0148,0
838,50,Right-skewed,20.0,0.05,lower,0.9,MaxMin,500,2.5,2.0,0.8453465346534653,0.4383762376237623,8.963466888178145,12.043373485068447,0.6624800000000001,0.060035473815340745,0.045716605796387186,0.05564,0
838,50,Right-skewed,20.0,0.05,lower,0.9,MeanSD,500,2.5,2.0,0.890039603960396,0.11033663366336634,1.6223627345378742,2.2954797744989235,0.66212,0.05988219564035222,0.040728551783287124,0.06056,0
838,50,Right-skewed,20.0,0.05,lower,0.9,MedianMAD,500,2.5,2.0,0.8561386138613861,0.14625742574257425,2.2359720190992554,3.164498159721382,0.66884,0.06207706116631241,0.04205879412659504,0.08804,0
838,50,Right-skewed,20.0,0.05,lower,0.9,Percentile,500,2.5,2.0,0.8582178217821783,0.14893069306930692,2.1745033738558415,2.9787842339218304,0.6444,0.05778683792417222,0.017574078123345906,0.01376,0
838,50,Right-skewed,20.0,0.05,lower,0.9,QFactor,500,2.5,2.0,0.8584356435643564,0.4800594059405941,10.827307067757515,13.425854644345856,0.66244,0.060083829214407865,0.04314331710763316,0.0152,0
839,50,Right-skewed,20.0,0.05,upper,0.9,MaxMin,500,2.5,2.0,0.9473861386138613,0.4916039603960396,7.116880041438749,7.877988841210455,0.7029599999999999,0.06293456856005035,0.036843062596779566,0.05444,0
839,50,Right-skewed,20.0,0.05,upper,0.9,MeanSD,500,2.5,2.0,0.9072079207920792,0.32669306930693065,5.5982910862813196,7.433489727242382,0.723,0.060338058990370674,0.03782963370455038,0.19224,0
839,50,Right-skewed,20.0,0.05,upper,0.9,MedianMAD,500,2.5,2.0,0.8505742574257426,0.15609900990099007,2.402766685631483,3.4887167913593453,0.71096,0.06250513726381805,0.04191345983160433,0.10288,0
839,50,Right-skewed,20.0,0.05,upper,0.9,Percentile,500,2.5,2.0,0.8460198019801981,0.17938613861386138,2.6613993909379765,3.9229599661026966,0.6850799999999999,0.05948841351629214,0.017870450035106993,0.01132,0
839,50,Right-skewed,20.0,0.05,upper,0.9,QFactor,500,2.5,2.0,0.9806534653465345,0.3335643564356435,4.902312964140748,5.908441262966592,0.7029599999999999,0.06293456856005035,0.0340215829969691,0.01248,0
840,50,Left-skewed,20.0,0.0,clean,0.9,MaxMin,500,0.0,0.0,0.7815049504950495,0.5105742574257426,10.291629525518038,12.767052988296289,0.99988,0.0015460856255469974,0.045476251160627146,0.0,0
840,50,Left-skewed,20.0,0.0,clean,0.9,MeanSD,500,0.0,0.0,0.8810693069306932,0.11893069306930691,1.719057180960835,2.2104859807792034,0.9160000000000001,0.023209423834068307,0.040388120897382015,0.0,0
840,50,Left-skewed,20.0,0.0,clean,0.9,MedianMAD,500,0.0,0.0,0.834158415841584,0.16635643564356437,2.4446197287601,3.2073743877649696,0.90176,0.04923566493308286,0.0429174409294599,0.0,0
840,50,Left-skewed,20.0,0.0,clean,0.9,Percentile,500,0.0,0.0,0.8548316831683168,0.14811881188118814,2.161518282119286,2.8183265286173618,0.9200000000000002,1.111334915764742e-16,1.4516812337176945e-15,0.0,0
840,50,Left-skewed,20.0,0.0,clean,0.9,QFactor,500,0.0,0.0,0.9461386138613862,0.16649504950495048,2.4971072208403973,3.2251215064765697,0.99988,0.0015460856255469974,0.037896942960295825,0.0,0
841,50,Left-skewed,20.0,0.05,lower,0.9,MaxMin,500,2.5,2.0,0.7910891089108911,0.5085742574257426,10.211740072227098,12.686410688883738,0.9599600000000003,0.0008944271909999171,0.043728616363568236,0.0,0
841,50,Left-skewed,20.0,0.05,lower,0.9,MeanSD,500,2.5,2.0,0.8781782178217822,0.12182178217821785,1.7665732459762866,2.2699805123791146,0.8770800000000002,0.023076799547482974,0.03880009407676452,0.0,0
841,50,Left-skewed,20.0,0.05,lower,0.9,MedianMAD,500,2.5,2.0,0.8294455445544553,0.17091089108910892,2.5113022744956175,3.2316683092208103,0.8648800000000001,0.04567228388235101,0.04125324165539716,0.0,0
841,50,Left-skewed,20.0,0.05,lower,0.9,Percentile,500,2.5,2.0,0.8528910891089109,0.1501782178217822,2.1836928980389088,2.8708547951027152,0.8800000000000002,2.222669831529484e-16,1.0713963172294468e-15,0.0,0
841,50,Left-skewed,20.0,0.05,lower,0.9,QFactor,500,2.5,2.0,0.9457029702970297,0.16792079207920793,2.5254049355178743,3.257221567423794,0.9599600000000003,0.0008944271909999171,0.03823456153502063,0.0,0
842,50,Left-skewed,20.0,0.05,upper,0.9,MaxMin,500,2.5,2.0,0.7985742574257426,0.577009900990099,11.713343699273757,13.767280665573011,0.99992,0.0012636429824813462,0.04490086219132037,0.0,0
842,50,Left-skewed,20.0,0.05,upper,0.9,MeanSD,500,2.5,2.0,0.8834257425742575,0.13776237623762375,2.0404391028338726,2.5126468228416603,0.91972,0.023016975525134667,0.03903317420199281,0.0,0
842,50,Left-skewed,20.0,0.05,upper,0.9,MedianMAD,500,2.5,2.0,0.8219603960396038,0.18425742574257425,2.7089352188283686,3.4568797689994755,0.90644,0.046047444383684716,0.041671859244720805,0.0,0
842,50,Left-skewed,20.0,0.05,upper,0.9,Percentile,500,2.5,2.0,0.8512277227722773,0.16196039603960397,2.3888489841858407,3.024001849897094,0.9200000000000002,1.111334915764742e-16,1.4516812337176945e-15,0.0,0
842,50,Left-skewed,20.0,0.05,upper,0.9,QFactor,500,2.5,2.0,0.9823168316831683,0.025326732673267325,0.5026043471834742,0.7198931582422575,0.99992,0.0012636429824813462,0.03693144723825409,0.0,0
843,50,Bimodal,20.0,0.0,clean,0.9,MaxMin,500,0.0,0.0,0.8784950495049506,0.22873267326732677,3.3414066310826276,4.460663756271884,0.90028,0.04473840239993597,0.0487073215622024,0.01224,0
843,50,Bimodal,20.0,0.0,clean,0.9,MeanSD,500,0.0,0.0,0.8176831683168319,0.1834653465346535,2.6321764976150677,3.3407552822045745,0.87416,0.045135005677134354,0.04332763427497119,0.00416,0
843,50,Bimodal,20.0,0.0,clean,0.9,MedianMAD,500,0.0,0.0,0.708910891089109,0.29328712871287127,4.4323355993189,6.102097232109267,0.8898,0.05452619748730741,0.05109757535434746,0.03244,0
843,50,Bimodal,20.0,0.0,clean,0.9,Percentile,500,0.0,0.0,0.7824554455445544,0.22120792079207918,3.215762329217237,4.170010912305615,0.8530800000000001,0.030297681412906775,0.010298096867615118,0.00104,0
843,50,Bimodal,20.0,0.0,clean,0.9,QFactor,500,0.0,0.0,0.9116435643564356,0.27031683168316833,3.993697880079388,5.15667900766081,0.90028,0.04473840239993597,0.047581037916099696,0.00468,0
844,50,Bimodal,20.0,0.05,lower,0.9,MaxMin,500,2.5,2.0,0.8737029702970297,0.23097029702970295,3.3804624301096866,4.556067893840053,0.86372,0.04051474409369947,0.047377688361400314,0.01316,0
844,50,Bimodal,20.0,0.05,lower,0.9,MeanSD,500,2.5,2.0,0.8288316831683167,0.17142574257425744,2.45523189596128,3.1376481349893637,0.8406000000000001,0.04176995880914698,0.04295530691647215,0.00404,0
844,50,Bimodal,20.0,0.05,lower,0.9,MedianMAD,500,2.5,2.0,0.7116237623762377,0.29126732673267325,4.375849469463226,5.99418381676653,0.8534400000000001,0.049236316166619526,0.049896984320674964,0.03424,0
844,50,Bimodal,20.0,0.05,lower,0.9,Percentile,500,2.5,2.0,0.7884554455445545,0.21578217821782178,3.1333605361819945,4.0893581895738995,0.82432,0.027401446650808663,0.010228969573043294,0.00068,0
844,50,Bimodal,20.0,0.05,lower,0.9,QFactor,500,2.5,2.0,0.9037425742574257,0.2758019801980198,4.083132731830866,5.299561300457397,0.86372,0.04051474409369947,0.04604617406469667,0.00352,0
845,50,Bimodal,20.0,0.05,upper,0.9,MaxMin,500,2.5,2.0,0.9307128712871287,0.15807920792079208,2.2847654225625877,3.0989434181555886,0.903,0.04126020855036046,0.04544693257726992,0.01248,0
845,50,Bimodal,20.0,0.05,upper,0.9,MeanSD,500,2.5,2.0,0.8328910891089109,0.2161386138613861,3.1161412136352227,3.8770370535010534,0.88344,0.043524189943299825,0.041538341793608324,0.00572,0
845,50,Bimodal,20.0,0.05,upper,0.9,MedianMAD,500,2.5,2.0,0.7100198019801981,0.30160396039603954,4.530675300696274,6.041947290126454,0.8918800000000001,0.050334209692123516,0.04858387283032749,0.0308,0
845,50,Bimodal,20.0,0.05,upper,0.9,Percentile,500,2.5,2.0,0.7813465346534653,0.24637623762376237,3.5273259415595115,4.464610390357913,0.8565600000000001,0.028667229026190878,0.009857587872396292,0.00088,0
845,50,Bimodal,20.0,0.05,upper,0.9,QFactor,500,2.5,2.0,0.9799207920792079,0.027881188118811878,0.46210363064762544,0.674966594751026,0.903,0.04126020855036046,0.0444441507613582,0.0042,0
846,75,Normal,20.0,0.0,clean,0.9,MaxMin,500,0.0,0.0,0.7855049504950495,0.43714851485148515,7.279588774147245,8.830971037173002,0.9993866666666665,0.0027959317711521224,0.04384386706958969,0.0,0
846,75,Normal,20.0,0.0,clean,0.9,MeanSD,500,0.0,0.0,0.904019801980198,0.0960990099009901,1.3891476885360763,1.7405971555304927,0.9332266666666666,0.019760020950572024,0.03357328497886512,0.0,0
846,75,Normal,20.0,0.0,clean,0.9,MedianMAD,500,0.0,0.0,0.8676435643564357,0.1325346534653465,1.9196654139469185,2.429401319771316,0.9297866666666667,0.036039128640157764,0.03549252161532952,0.0,0
846,75,Normal,20.0,0.0,clean,0.9,Percentile,500,0.0,0.0,0.8791881188118812,0.12205940594059406,1.7620167955188137,2.229629943450423,0.9331200000000002,0.0016746768100650532,0.0004186692025165213,0.0,0
846,75,Normal,20.0,0.0,clean,0.9,QFactor,500,0.0,0.0,0.8957623762376239,0.32170297029702966,4.701672374158206,6.05170918884722,0.9993866666666665,0.0027959317711521224,0.03763667186166954,0.0,0
847,75,Normal,20.0,0.05,lower,0.9,MaxMin,500,3.75,4.0,0.7903564356435643,0.43116831683168316,7.15025756414942,8.694871420194586,0.9458133333333335,0.00337394102901126,0.04067783984623161,0.0,0
847,75,Normal,20.0,0.05,lower,0.9,MeanSD,500,3.75,4.0,0.9012475247524754,0.09875247524752476,1.423743446198741,1.8082903239592274,0.88328,0.018711483559883776,0.031401114335396954,0.0,0
847,75,Normal,20.0,0.05,lower,0.9,MedianMAD,500,3.75,4.0,0.8667128712871287,0.13336633663366335,1.933269609966809,2.5123309827418745,0.8810133333333333,0.03253478757550052,0.033758289891957505,0.0,0
847,75,Normal,20.0,0.05,lower,0.9,Percentile,500,3.75,4.0,0.8772871287128712,0.12386138613861386,1.7894975506352857,2.2625742036562264,0.8796533333333336,0.002123927159202882,0.001592945369402301,0.0,0
847,75,Normal,20.0,0.05,lower,0.9,QFactor,500,3.75,4.0,0.8985940594059407,0.3129108910891089,4.5507300678846585,5.880389534217121,0.9458133333333335,0.00337394102901126,0.03515722556244638,0.0,0
848,75,Normal,20.0,0.05,upper,0.9,MaxMin,500,3.75,4.0,0.8340792079207922,0.48594059405940593,8.449302539420087,9.974500760017895,0.9993866666666666,0.002920577109479548,0.03801123976801633,0.0,0
848,75,Normal,20.0,0.05,upper,0.9,MeanSD,500,3.75,4.0,0.911960396039604,0.1873069306930693,2.8098293426747905,3.4295428501648937,0.9524266666666666,0.018091412898487213,0.031321671729705375,0.0,0
848,75,Normal,20.0,0.05,upper,0.9,MedianMAD,500,3.75,4.0,0.8652277227722773,0.14495049504950497,2.1308588390852754,2.7820388683978394,0.93928,0.032151622532006985,0.03345118068441111,0.0,0
848,75,Normal,20.0,0.05,upper,0.9,Percentile,500,3.75,4.0,0.8711485148514854,0.17613861386138613,2.5832613912998412,3.5827605502829347,0.9331733333333334,0.0014532574609576181,0.0003633143652396609,0.0,0
848,75,Normal,20.0,0.05,upper,0.9,QFactor,500,3.75,4.0,0.9849108910891089,0.029306930693069312,0.3959382638082178,0.5791472288709459,0.9993866666666666,0.002920577109479548,0.029601031188934975,0.0,0
849,75,Compressed Normal,20.0,0.0,clean,0.9,MaxMin,500,0.0,0.0,0.9211683168316831,0.25596039603960397,4.6449003572293,5.5445094979508545,1.0,0.0,0.04705977914411262,0.0,0
849,75,Compressed Normal,20.0,0.0,clean,0.9,MeanSD,500,0.0,0.0,0.9623168316831684,0.03815841584158416,0.4661999008333731,0.5967518423076411,0.93304,0.019163146550207844,0.0329741323277327,0.0,0
849,75,Compressed Normal,20.0,0.0,clean,0.9,MedianMAD,500,0.0,0.0,0.9506336633663367,0.04998019801980198,0.6541145568745147,0.8465902549441026,0.92728,0.03596154208961806,0.03556456379813982,0.0,0
849,75,Compressed Normal,20.0,0.0,clean,0.9,Percentile,500,0.0,0.0,0.954019801980198,0.04821782178217822,0.599969162016077,0.7676661235884904,0.9333333333333335,1.111334915764742e-16,4.827361040353099e-16,0.0,0
849,75,Compressed Normal,20.0,0.0,clean,0.9,QFactor,500,0.0,0.0,0.9568118811881189,0.23718811881188123,3.3579597886785915,4.153118013388966,1.0,0.0,0.03729771043987529,0.0,0
850,75,Compressed Normal,20.0,0.05,lower,0.9,MaxMin,500,3.75,4.0,0.9168910891089108,0.2559009900990099,4.65956493901276,5.574302067613302,0.9466666666666668,1.111334915764742e-16,0.04532627342096021,0.0,0
850,75,Compressed Normal,20.0,0.05,lower,0.9,MeanSD,500,3.75,4.0,0.9633267326732673,0.03667326732673267,0.47899577317831765,0.6057977072481386,0.8845066666666667,0.017964838613479712,0.03237788876278481,0.0,0
850,75,Compressed Normal,20.0,0.05,lower,0.9,MedianMAD,500,3.75,4.0,0.9516237623762377,0.04837623762376238,0.6591809221440498,0.8393215234877777,0.8799466666666667,0.0324848154925695,0.034538803364541515,0.0,0
850,75,Compressed Normal,20.0,0.05,lower,0.9,Percentile,500,3.75,4.0,0.9533663366336633,0.04663366336633663,0.5974182110298426,0.7558771466487954,0.8800000000000002,2.222669831529484e-16,4.566891919470738e-16,0.0,0
850,75,Compressed Normal,20.0,0.05,lower,0.9,QFactor,500,3.75,4.0,0.9528514851485148,0.23455445544554454,3.3101817525558426,4.1152779055001405,0.9466666666666668,1.111334915764742e-16,0.03573211744163646,0.0,0
851,75,Compressed Normal,20.0,0.05,upper,0.9,MaxMin,500,3.75,4.0,0.9383762376237624,0.5056633663366337,14.339396281870698,14.740604101283115,1.0,0.0,0.03275536504447313,0.0,0
851,75,Compressed Normal,20.0,0.05,upper,0.9,MeanSD,500,3.75,4.0,0.9722178217821782,0.22732673267326733,4.78493372730178,5.631538766829535,0.99872,0.00410904580209277,0.022740719835464343,0.0,0
851,75,Compressed Normal,20.0,0.05,upper,0.9,MedianMAD,500,3.75,4.0,0.9552871287128714,0.04671287128712871,0.7173383180083518,0.9188256961025179,0.9354399999999999,0.032717180417260565,0.03282422052679925,0.0,0
851,75,Compressed Normal,20.0,0.05,upper,0.9,Percentile,500,3.75,4.0,0.9573069306930694,0.05796039603960396,0.885629426685559,1.2355342725520662,0.9333333333333335,1.111334915764742e-16,4.827361040353099e-16,0.0,0
851,75,Compressed Normal,20.0,0.05,upper,0.9,QFactor,500,3.75,4.0,0.9862772277227723,0.5129108910891089,8.896053600023743,10.697204507786996,1.0,0.0,0.013883914788170951,0.0,0
852,75,Uniform,20.0,0.0,clean,0.9,MaxMin,500,0.0,0.0,0.9025544554455446,0.14596039603960398,2.080516802475029,2.922431340159248,0.8689866666666667,0.03975369278391245,0.03978700982378788,0.02112,0
852,75,Uniform,20.0,0.0,clean,0.9,MeanSD,500,0.0,0.0,0.8389108910891088,0.16110891089108909,2.309370607564071,2.9395967837487245,0.85024,0.03857671798878199,0.03526761303043578,0.00528,0
852,75,Uniform,20.0,0.0,clean,0.9,MedianMAD,500,0.0,0.0,0.7444950495049504,0.2562970297029703,3.7701204368398904,5.071112751285558,0.8658666666666667,0.042959748239794676,0.04052641782624751,0.03448,0
852,75,Uniform,20.0,0.0,clean,0.9,Percentile,500,0.0,0.0,0.8033267326732673,0.20005940594059404,2.8756486215622297,3.7012854061001788,0.8418133333333333,0.033237012470978676,0.010088101316421032,0.0023466666666666666,0
852,75,Uniform,20.0,0.0,clean,0.9,QFactor,500,0.0,0.0,0.9303168316831683,0.1556039603960396,2.3010275965111355,3.145029540248809,0.8689866666666667,0.03975369278391245,0.03913719534052591,0.005306666666666667,0
853,75,Uniform,20.0,0.05,lower,0.9,MaxMin,500,3.75,4.0,0.905940594059406,0.14772277227722774,2.1061076014188918,2.9351188636161365,0.8189333333333334,0.037871679177493595,0.0381003273038676,0.019946666666666668,0
853,75,Uniform,20.0,0.05,lower,0.9,MeanSD,500,3.75,4.0,0.8336831683168316,0.16671287128712872,2.385410666555244,2.997862193040642,0.8021866666666667,0.03789402419504882,0.034186672829700546,0.005626666666666667,0
853,75,Uniform,20.0,0.05,lower,0.9,MedianMAD,500,3.75,4.0,0.743861386138614,0.25718811881188125,3.808686791392461,5.1704598662928705,0.81424,0.0411185749722535,0.03888153744687187,0.03709333333333333,0
853,75,Uniform,20.0,0.05,lower,0.9,Percentile,500,3.75,4.0,0.795980198019802,0.20764356435643563,2.9782784221359724,3.8168238217897144,0.7907733333333333,0.031155683946484554,0.009982438418093473,0.0020266666666666666,0
853,75,Uniform,20.0,0.05,lower,0.9,QFactor,500,3.75,4.0,0.9305346534653466,0.15982178217821785,2.363512124090495,3.211093956903914,0.8189333333333334,0.037871679177493595,0.0373268614060827,0.00504,0
854,75,Uniform,20.0,0.05,upper,0.9,MaxMin,500,3.75,4.0,0.9457623762376237,0.09629702970297029,1.3619625513329978,1.9803579522421138,0.8708800000000001,0.03760864229810175,0.03728360909872543,0.01984,0
854,75,Uniform,20.0,0.05,upper,0.9,MeanSD,500,3.75,4.0,0.8458217821782179,0.23554455445544553,3.383704496456117,4.14757403445872,0.8554400000000001,0.03566597306088635,0.03330578982567427,0.006346666666666666,0
854,75,Uniform,20.0,0.05,upper,0.9,MedianMAD,500,3.75,4.0,0.7488514851485149,0.27796039603960393,4.262633783867996,5.631058329552215,0.8673066666666667,0.040123825264034185,0.03923035118613245,0.040933333333333335,0
854,75,Uniform,20.0,0.05,upper,0.9,Percentile,500,3.75,4.0,0.8032277227722773,0.2691683168316832,3.8975693412270767,4.798470777816094,0.84312,0.032007692239566156,0.009795863358189705,0.0017333333333333333,0
854,75,Uniform,20.0,0.05,upper,0.9,QFactor,500,3.75,4.0,0.9854455445544554,0.029485148514851487,0.5099641374455116,0.7002013265280632,0.8708800000000001,0.03760864229810175,0.036551827898615455,0.004826666666666667,0
855,75,Right-skewed,20.0,0.0,clean,0.9,MaxMin,500,0.0,0.0,0.8517623762376236,0.42287128712871286,8.103163007046145,10.894467949099782,0.6889866666666666,0.054456647258521666,0.0401051532127136,0.07205333333333333,0
855,75,Right-skewed,20.0,0.0,clean,0.9,MeanSD,500,0.0,0.0,0.9101980198019802,0.0898019801980198,1.2944527476819292,1.7979102697001423,0.6884533333333334,0.05393786309299773,0.034747532255009435,0.06354666666666667,0
855,75,Right-skewed,20.0,0.0,clean,0.9,MedianMAD,500,0.0,0.0,0.8763168316831684,0.12463366336633665,1.844708819944925,2.6078812360514494,0.6962933333333333,0.05314716337946834,0.03551453454433402,0.09922666666666667,0
855,75,Right-skewed,20.0,0.0,clean,0.9,Percentile,500,0.0,0.0,0.8818019801980198,0.12007920792079207,1.7161533083964693,2.3386368863217135,0.6762133333333333,0.050631890466582376,0.014932715433706055,0.013893333333333334,0
855,75,Right-skewed,20.0,0.0,clean,0.9,QFactor,500,0.0,0.0,0.8645544554455444,0.46502970297029705,9.723464904528504,12.077015186471716,0.68896,0.05447086167636559,0.036735691647060795,0.015386666666666667,0
856,75,Right-skewed,20.0,0.05,lower,0.9,MaxMin,500,3.75,4.0,0.8570099009900989,0.4262376237623762,8.236996641352201,11.045893734307922,0.6536266666666667,0.05056530309938667,0.03816001066816529,0.06250666666666667,0
856,75,Right-skewed,20.0,0.05,lower,0.9,MeanSD,500,3.75,4.0,0.9088514851485148,0.09144554455445546,1.3224492818310694,1.8439772663059106,0.6538133333333332,0.05033436010047768,0.033561689692254655,0.05664,0
856,75,Right-skewed,20.0,0.05,lower,0.9,MedianMAD,500,3.75,4.0,0.8731881188118811,0.1271089108910891,1.8946990522645715,2.655292227209891,0.6607733333333334,0.050489716672268606,0.03435849611024684,0.09229333333333334,0
856,75,Right-skewed,20.0,0.05,lower,0.9,Percentile,500,3.75,4.0,0.8770693069306931,0.12617821782178218,1.7977678946690334,2.422313029338317,0.6405333333333334,0.04753069769460112,0.01394943300792756,0.01264,0
856,75,Right-skewed,20.0,0.05,lower,0.9,QFactor,500,3.75,4.0,0.8689306930693069,0.46780198019801983,9.900752176723671,12.265343295054343,0.6536000000000001,0.05057601847781133,0.035445175443329556,0.013253333333333334,0
857,75,Right-skewed,20.0,0.05,upper,0.9,MaxMin,500,3.75,4.0,0.952930693069307,0.4836831683168317,7.004940592256242,7.802231505439896,0.7102666666666666,0.05178290843394588,0.0306835418527277,0.06458666666666667,0
857,75,Right-skewed,20.0,0.05,upper,0.9,MeanSD,500,3.75,4.0,0.9271683168316832,0.3752277227722772,6.901979861222427,9.153867517451546,0.7334666666666667,0.05053778919059029,0.030041646132936004,0.20645333333333332,0
857,75,Right-skewed,20.0,0.05,upper,0.9,MedianMAD,500,3.75,4.0,0.8687326732673267,0.1446138613861386,2.1648207562962205,3.198012919317267,0.7181333333333332,0.05178170441426503,0.03395232639576441,0.10917333333333333,0
857,75,Right-skewed,20.0,0.05,upper,0.9,Percentile,500,3.75,4.0,0.8368118811881187,0.31287128712871287,4.58498818181469,8.64619875866557,0.6962933333333333,0.04677193204534648,0.014257242760512314,0.011786666666666668,0
857,75,Right-skewed,20.0,0.05,upper,0.9,QFactor,500,3.75,4.0,0.9857821782178217,0.34609900990099013,5.08621169388774,6.122359352446236,0.7102666666666666,0.05178290843394588,0.027630187142283633,0.014613333333333334,0
858,75,Left-skewed,20.0,0.0,clean,0.9,MaxMin,500,0.0,0.0,0.8007326732673268,0.48855445544554454,9.196260357611946,11.418708469401585,0.9998666666666666,0.001327978559355613,0.03782799350650538,0.0,0
858,75,Left-skewed,20.0,0.0,clean,0.9,MeanSD,500,0.0,0.0,0.9021980198019801,0.0978019801980198,1.4145045061868944,1.8218213102927094,0.9160799999999999,0.019116835399203752,0.03349692823474028,0.0,0
858,75,Left-skewed,20.0,0.0,clean,0.9,MedianMAD,500,0.0,0.0,0.8545148514851485,0.14600000000000002,2.1340942541512677,2.7543747284646534,0.9026933333333333,0.04044992120615938,0.036008062683222625,0.0,0
858,75,Left-skewed,20.0,0.0,clean,0.9,Percentile,500,0.0,0.0,0.8772673267326733,0.1246732673267327,1.8040477702211142,2.3559318390620256,0.9332266666666668,0.0011889793051270826,0.0002972448262820284,0.0,0
858,75,Left-skewed,20.0,0.0,clean,0.9,QFactor,500,0.0,0.0,0.9565742574257426,0.1454059405940594,2.1812878546483816,2.791104150192744,0.9998666666666666,0.001327978559355613,0.03203820536276163,0.0,0
859,75,Left-skewed,20.0,0.05,lower,0.9,MaxMin,500,3.75,4.0,0.8039999999999999,0.49609900990099004,9.410106029081938,11.610633284726044,0.9466666666666668,1.111334915764742e-16,0.03572157287233384,0.0,0
859,75,Left-skewed,20.0,0.05,lower,0.9,MeanSD,500,3.75,4.0,0.9000792079207921,0.09992079207920793,1.4553383227359444,1.8556905633016,0.8663466666666668,0.0181408134204739,0.03116287144110299,0.0,0
859,75,Left-skewed,20.0,0.05,lower,0.9,MedianMAD,500,3.75,4.0,0.8559405940594059,0.14405940594059405,2.1006181100094072,2.7036467857366224,0.8542133333333334,0.03768789548440185,0.033551296432212864,0.0,0
859,75,Left-skewed,20.0,0.05,lower,0.9,Percentile,500,3.75,4.0,0.874950495049505,0.126990099009901,1.8284534523666651,2.3739577735612833,0.8800000000000002,2.222669831529484e-16,4.566891919470738e-16,0.0,0
859,75,Left-skewed,20.0,0.05,lower,0.9,QFactor,500,3.75,4.0,0.9531881188118811,0.1448712871287129,2.181989643644229,2.8320819252473255,0.9466666666666668,1.111334915764742e-16,0.030836342226089598,0.0,0
860,75,Left-skewed,20.0,0.05,upper,0.9,MaxMin,500,3.75,4.0,0.8168712871287128,0.569029702970297,10.884724854576941,12.65759273255743,0.9999733333333334,0.0005962847939999428,0.03602453011002192,0.0,0
860,75,Left-skewed,20.0,0.05,upper,0.9,MeanSD,500,3.75,4.0,0.8995247524752474,0.1399009900990099,2.093120589325135,2.503829001277363,0.9204533333333333,0.01842057459663716,0.03123696241643467,0.0,0
860,75,Left-skewed,20.0,0.05,upper,0.9,MedianMAD,500,3.75,4.0,0.8450891089108911,0.17015841584158417,2.4554067324030924,3.0944375192635603,0.9069866666666667,0.03789947678638008,0.03401066089413929,0.0,0
860,75,Left-skewed,20.0,0.05,upper,0.9,Percentile,500,3.75,4.0,0.869980198019802,0.16405940594059407,2.401878930877413,2.957805033516929,0.9333333333333335,1.111334915764742e-16,4.827361040353099e-16,0.0,0
860,75,Left-skewed,20.0,0.05,upper,0.9,QFactor,500,3.75,4.0,0.9854653465346535,0.01607920792079208,0.32691600196242243,0.49553600787507474,0.9999733333333334,0.0005962847939999428,0.02999162969592584,0.0,0
861,75,Bimodal,20.0,0.0,clean,0.9,MaxMin,500,0.0,0.0,0.8946930693069307,0.19685148514851486,2.885423428627793,3.910205638585341,0.9006933333333333,0.03494512286590383,0.039693380020753136,0.016,0
861,75,Bimodal,20.0,0.0,clean,0.9,MeanSD,500,0.0,0.0,0.8553069306930693,0.14611881188118814,2.090266871566163,2.6219341097882496,0.8787999999999999,0.038279405009979686,0.0353691238289495,0.002853333333333333,0
861,75,Bimodal,20.0,0.0,clean,0.9,MedianMAD,500,0.0,0.0,0.759148514851485,0.24401980198019801,3.5662215953670726,4.866680191047597,0.8949333333333334,0.040827774218399296,0.04201054303058527,0.03296,0
861,75,Bimodal,20.0,0.0,clean,0.9,Percentile,500,0.0,0.0,0.8233861386138615,0.17897029702970293,2.5938994355101337,3.3368568835873487,0.8633066666666667,0.029364215237176222,0.009037414184886228,0.00064,0
861,75,Bimodal,20.0,0.0,clean,0.9,QFactor,500,0.0,0.0,0.9208514851485149,0.23962376237623761,3.511995743992218,4.553999502915313,0.9006933333333333,0.03494512286590383,0.038315750912738665,0.003973333333333333,0
862,75,Bimodal,20.0,0.05,lower,0.9,MaxMin,500,3.75,4.0,0.8956435643564358,0.19253465346534654,2.8246816031883895,3.8092275499347874,0.8555733333333334,0.03292001872787841,0.03862746279682828,0.014133333333333333,0
862,75,Bimodal,20.0,0.05,lower,0.9,MeanSD,500,3.75,4.0,0.8444950495049504,0.15554455445544554,2.2336021390182514,2.7923746188504635,0.8325333333333333,0.035848713512775354,0.03479782141944045,0.0033866666666666667,0
862,75,Bimodal,20.0,0.05,lower,0.9,MedianMAD,500,3.75,4.0,0.7417425742574258,0.26003960396039605,3.814284357328706,5.164576703020752,0.8490666666666667,0.04033615154366885,0.04126613958296638,0.030106666666666667,0
862,75,Bimodal,20.0,0.05,lower,0.9,Percentile,500,3.75,4.0,0.8157425742574259,0.18621782178217822,2.680568071277039,3.4690257783417477,0.8150933333333332,0.0283081179793272,0.008703114955180509,0.0005066666666666667,0
862,75,Bimodal,20.0,0.05,lower,0.9,QFactor,500,3.75,4.0,0.9214455445544555,0.23376237623762375,3.4143542078907787,4.428987270760673,0.8555733333333334,0.03292001872787841,0.03720434017862605,0.0036,0
863,75,Bimodal,20.0,0.05,upper,0.9,MaxMin,500,3.75,4.0,0.941861386138614,0.1435049504950495,2.0714499990561284,2.7829676740190106,0.9091466666666667,0.034130492116219206,0.03719121729239669,0.014586666666666666,0
863,75,Bimodal,20.0,0.05,upper,0.9,MeanSD,500,3.75,4.0,0.8585940594059406,0.23061386138613862,3.3187943015684436,4.060134123690047,0.89,0.03688010991356581,0.03347208352561805,0.0035466666666666667,0
863,75,Bimodal,20.0,0.05,upper,0.9,MedianMAD,500,3.75,4.0,0.7507128712871289,0.2788910891089109,4.111846274760963,5.416261574009338,0.9005599999999999,0.04315798446691519,0.041428455168877665,0.02896,0
863,75,Bimodal,20.0,0.05,upper,0.9,Percentile,500,3.75,4.0,0.8205544554455446,0.253980198019802,3.575474374235511,4.5304714930708565,0.86888,0.02872002304825378,0.008880568445723828,0.00042666666666666667,0
863,75,Bimodal,20.0,0.05,upper,0.9,QFactor,500,3.75,4.0,0.986930693069307,0.01485148514851485,0.27991659583927914,0.4229173432689587,0.9091466666666667,0.034130492116219206,0.03592888173462081,0.00352,0
864,100,Normal,20.0,0.0,clean,0.9,MaxMin,500,0.0,0.0,0.7999207920792077,0.4133861386138614,6.700593119195446,8.15624258287613,0.9993,0.002631320523119674,0.038980768023875394,0.0,0
864,100,Normal,20.0,0.0,clean,0.9,MeanSD,500,0.0,0.0,0.9191089108910889,0.08128712871287129,1.1598720532470292,1.4706556208890653,0.9332199999999998,0.015214946243032072,0.02825364174607683,0.0,0
864,100,Normal,20.0,0.0,clean,0.9,MedianMAD,500,0.0,0.0,0.8854455445544556,0.114990099009901,1.662752103806496,2.1109301477985754,0.93024,0.029483571051075998,0.030033751811661513,0.0,0
864,100,Normal,20.0,0.0,clean,0.9,Percentile,500,0.0,0.0,0.8974653465346535,0.10376237623762377,1.490139155282851,1.8884562571189827,0.9298599999999998,0.0011760809209681675,0.00029402023024246765,0.0,0
864,100,Normal,20.0,0.0,clean,0.9,QFactor,500,0.0,0.0,0.907009900990099,0.2864554455445545,4.091558698980909,5.285710276464624,0.9993,0.002631320523119674,0.03230621734586019,0.0,0
865,100,Normal,20.0,0.05,lower,0.9,MaxMin,500,5.0,5.0,0.8008118811881189,0.4101188118811881,6.603053599591365,8.053994927230985,0.9493199999999998,0.0025982883220321837,0.03727405341914081,0.0,0
865,100,Normal,20.0,0.05,lower,0.9,MeanSD,500,5.0,5.0,0.9193069306930692,0.08093069306930692,1.1655499918151837,1.4895928433651793,0.8869400000000001,0.015954481846238832,0.027051016794508657,0.0,0
865,100,Normal,20.0,0.05,lower,0.9,MedianMAD,500,5.0,5.0,0.884930693069307,0.11506930693069307,1.6673035003638141,2.112041586106347,0.8858400000000001,0.027983218561167783,0.028626480331794546,0.0,0
865,100,Normal,20.0,0.05,lower,0.9,Percentile,500,5.0,5.0,0.8972871287128713,0.10271287128712872,1.4880502751226454,1.8862550485406857,0.8798200000000003,0.0013308426971543788,0.0006654213485776917,0.0,0
865,100,Normal,20.0,0.05,lower,0.9,QFactor,500,5.0,5.0,0.9093663366336634,0.2878613861386139,4.123899082448111,5.298107090133365,0.9493199999999998,0.0025982883220321837,0.030117874711714145,0.0,0
866,100,Normal,20.0,0.05,upper,0.9,MaxMin,500,5.0,5.0,0.8409702970297029,0.45887128712871283,7.666390218842719,9.086582199113439,0.9993399999999999,0.002716460623059587,0.03544225820833853,2e-05,0
866,100,Normal,20.0,0.05,upper,0.9,MeanSD,500,5.0,5.0,0.9229108910891088,0.17386138613861388,2.6193859475092074,3.189105123071568,0.9509399999999999,0.01535538915012913,0.026653021506127396,0.0,0
866,100,Normal,20.0,0.05,upper,0.9,MedianMAD,500,5.0,5.0,0.8797029702970298,0.13097029702970295,1.917359159453334,2.4642260510364986,0.9394399999999999,0.027495425015692812,0.028645288031052735,0.0,0
866,100,Normal,20.0,0.05,upper,0.9,Percentile,500,5.0,5.0,0.8881980198019803,0.16346534653465347,2.3929954326056344,3.3324864184642435,0.9297999999999998,0.001537767686914327,0.0004610253106832981,0.0,0
866,100,Normal,20.0,0.05,upper,0.9,QFactor,500,5.0,5.0,0.9861782178217822,0.02649504950495049,0.3454674116625424,0.5028321738570262,0.9993399999999999,0.002716460623059587,0.02555836516254249,2e-05,0
867,100,Compressed Normal,20.0,0.0,clean,0.9,MaxMin,500,0.0,0.0,0.9235049504950495,0.24865346534653462,4.37689855059749,5.240853019815559,1.0,0.0,0.04246183482011462,0.0,0
867,100,Compressed Normal,20.0,0.0,clean,0.9,MeanSD,500,0.0,0.0,0.9672673267326731,0.03344554455445545,0.3962403818427505,0.5073654121570998,0.9343599999999999,0.016059458659146913,0.028504757994856265,0.0,0
867,100,Compressed Normal,20.0,0.0,clean,0.9,MedianMAD,500,0.0,0.0,0.9579405940594059,0.042930693069306934,0.5460832165912406,0.6953806506392788,0.93106,0.029645135657241837,0.030389257221661907,0.0,0
867,100,Compressed Normal,20.0,0.0,clean,0.9,Percentile,500,0.0,0.0,0.9589702970297029,0.04192079207920792,0.5001070882650288,0.6381954919821078,0.9299999999999998,2.222669831529484e-16,6.181800468941379e-16,0.0,0
867,100,Compressed Normal,20.0,0.0,clean,0.9,QFactor,500,0.0,0.0,0.9604950495049505,0.2238019801980198,3.1563992950472426,3.8999014798895075,1.0,0.0,0.031290896679530736,0.0,0
868,100,Compressed Normal,20.0,0.05,lower,0.9,MaxMin,500,5.0,5.0,0.9195445544554455,0.2494653465346535,4.420955478128973,5.301940956998614,0.9499999999999997,2.222669831529484e-16,0.0410846011993974,0.0,0
868,100,Compressed Normal,20.0,0.05,lower,0.9,MeanSD,500,5.0,5.0,0.9657821782178218,0.03421782178217822,0.4184598425224927,0.5336658530406665,0.8867200000000001,0.015195506138777598,0.02781329248719991,0.0,0
868,100,Compressed Normal,20.0,0.05,lower,0.9,MedianMAD,500,5.0,5.0,0.9544554455445545,0.0457029702970297,0.5809838372168767,0.7571324883957277,0.88424,0.028859802084434096,0.02924060577336798,0.0,0
868,100,Compressed Normal,20.0,0.05,lower,0.9,Percentile,500,5.0,5.0,0.9578217821782179,0.04233663366336633,0.5215351870953387,0.6628415960932122,0.8800000000000002,2.222669831529484e-16,8.091907355412029e-16,0.0,0
868,100,Compressed Normal,20.0,0.05,lower,0.9,QFactor,500,5.0,5.0,0.9586138613861387,0.22772277227722773,3.1873161154323837,3.9346553355808944,0.9499999999999997,2.222669831529484e-16,0.03025974225126912,0.0,0
869,100,Compressed Normal,20.0,0.05,upper,0.9,MaxMin,500,5.0,5.0,0.9397821782178218,0.5071683168316832,14.174421057584242,14.621888642477451,1.0,0.0,0.030431823701282296,0.0,0
869,100,Compressed Normal,20.0,0.05,upper,0.9,MeanSD,500,5.0,5.0,0.9759405940594059,0.2190891089108911,4.574480453981496,5.37389677175798,0.9983000000000001,0.004164695592568267,0.020262178938865373,0.0,0
869,100,Compressed Normal,20.0,0.05,upper,0.9,MedianMAD,500,5.0,5.0,0.9600198019801979,0.041722772277227725,0.6402967450770733,0.8195878143673526,0.9338999999999998,0.027519168032817343,0.028352965693197587,0.0,0
869,100,Compressed Normal,20.0,0.05,upper,0.9,Percentile,500,5.0,5.0,0.9604950495049505,0.051485148514851475,0.7871113458611058,1.102852255239624,0.9299999999999998,2.222669831529484e-16,6.181800468941379e-16,0.0,0
869,100,Compressed Normal,20.0,0.05,upper,0.9,QFactor,500,5.0,5.0,0.9869504950495049,0.5146138613861386,8.991930532507178,10.81151403585208,1.0,0.0,0.012186635925390075,0.0,0
870,100,Uniform,20.0,0.0,clean,0.9,MaxMin,500,0.0,0.0,0.9154851485148515,0.1287920792079208,1.8401203352662991,2.5635708321138564,0.86646,0.0328058049997766,0.03372868460636483,0.02272,0
870,100,Uniform,20.0,0.0,clean,0.9,MeanSD,500,0.0,0.0,0.8656237623762376,0.13473267326732674,1.9273005626750366,2.4032226587238266,0.8490999999999999,0.0330389640620372,0.03021983331729837,0.00388,0
870,100,Uniform,20.0,0.0,clean,0.9,MedianMAD,500,0.0,0.0,0.7862178217821784,0.213980198019802,3.1215369891957354,4.205249297404019,0.86414,0.03456950246969147,0.03515390874393829,0.03686,0
870,100,Uniform,20.0,0.0,clean,0.9,Percentile,500,0.0,0.0,0.8342178217821782,0.1694059405940594,2.416229196510604,3.0674648159487345,0.8395999999999999,0.025065845152046486,0.00814098567798184,0.00194,0
870,100,Uniform,20.0,0.0,clean,0.9,QFactor,500,0.0,0.0,0.9397623762376237,0.13956435643564358,2.065775084476095,2.8078794573622607,0.86646,0.0328058049997766,0.03290015948594942,0.00486,0
871,100,Uniform,20.0,0.05,lower,0.9,MaxMin,500,5.0,5.0,0.9127128712871286,0.13570297029702968,1.9385835759009944,2.7074683259662824,0.8254600000000001,0.03173645861798732,0.03352769001069157,0.02242,0
871,100,Uniform,20.0,0.05,lower,0.9,MeanSD,500,5.0,5.0,0.8645940594059407,0.13552475247524753,1.9337967560143714,2.428126670259805,0.8080400000000001,0.03137718048056292,0.030031085133808064,0.00398,0
871,100,Uniform,20.0,0.05,lower,0.9,MedianMAD,500,5.0,5.0,0.775029702970297,0.2254851485148515,3.2820575764849473,4.465047403406713,0.8226600000000001,0.0332646580464898,0.03445124575162175,0.03408,0
871,100,Uniform,20.0,0.05,lower,0.9,Percentile,500,5.0,5.0,0.8318811881188118,0.1714851485148515,2.4502560753184497,3.148045979133156,0.8020800000000001,0.02652320797192986,0.008066783568490051,0.00174,0
871,100,Uniform,20.0,0.05,lower,0.9,QFactor,500,5.0,5.0,0.9381584158415841,0.14960396039603963,2.216822465805926,2.9942528336741834,0.8254600000000001,0.03173645861798732,0.03269492004821126,0.00446,0
872,100,Uniform,20.0,0.05,upper,0.9,MaxMin,500,5.0,5.0,0.9509900990099011,0.08413861386138614,1.1972049235663176,1.743582069242245,0.87626,0.03125004849695637,0.032287702958465093,0.02108,0
872,100,Uniform,20.0,0.05,upper,0.9,MeanSD,500,5.0,5.0,0.8782574257425745,0.2075247524752475,2.9772232344374707,3.6402286884144575,0.86126,0.0311987037909666,0.029030271843465204,0.00408,0
872,100,Uniform,20.0,0.05,upper,0.9,MedianMAD,500,5.0,5.0,0.7917029702970296,0.23453465346534655,3.574596125069164,4.80663186389362,0.8740399999999999,0.03392314784803793,0.03506589155188798,0.03592,0
872,100,Uniform,20.0,0.05,upper,0.9,Percentile,500,5.0,5.0,0.8340792079207922,0.23766336633663365,3.4376750277507777,4.281927453985499,0.8482999999999999,0.023749485808166555,0.007759383505185476,0.00148,0
872,100,Uniform,20.0,0.05,upper,0.9,QFactor,500,5.0,5.0,0.9866930693069306,0.026851485148514855,0.46229157561365675,0.6376862533197618,0.87626,0.03125004849695637,0.03163786548133728,0.00444,0
873,100,Right-skewed,20.0,0.0,clean,0.9,MaxMin,500,0.0,0.0,0.8672871287128713,0.4207920792079208,7.804632040027689,10.401541624453065,0.6846800000000001,0.04639831038316833,0.034721947321375665,0.07966,0
873,100,Right-skewed,20.0,0.0,clean,0.9,MeanSD,500,0.0,0.0,0.9274851485148515,0.07285148514851486,1.053749736513915,1.5133282400223464,0.6847000000000001,0.046277350684462745,0.030092225207436925,0.06214,0
873,100,Right-skewed,20.0,0.0,clean,0.9,MedianMAD,500,0.0,0.0,0.8957821782178218,0.10425742574257427,1.538283841772994,2.2208233894265996,0.69056,0.046540503186727006,0.030959549189687866,0.10174,0
873,100,Right-skewed,20.0,0.0,clean,0.9,Percentile,500,0.0,0.0,0.899009900990099,0.1034059405940594,1.4610961645231013,2.0228939799879955,0.674,0.04241695883480552,0.012362815149460252,0.014,0
873,100,Right-skewed,20.0,0.0,clean,0.9,QFactor,500,0.0,0.0,0.8797425742574257,0.4614851485148515,9.312136141672362,11.493831840742741,0.6846800000000001,0.04639831038316833,0.03219816587821567,0.01508,0
874,100,Right-skewed,20.0,0.05,lower,0.9,MaxMin,500,5.0,5.0,0.8608316831683167,0.417980198019802,7.797181090774172,10.454105763878644,0.6555,0.04254845169313409,0.033591979965072336,0.07174,0
874,100,Right-skewed,20.0,0.05,lower,0.9,MeanSD,500,5.0,5.0,0.9241980198019801,0.07635643564356437,1.1051671581461024,1.5803230870558835,0.65528,0.042517491390582966,0.02830352492612937,0.05674,0
874,100,Right-skewed,20.0,0.05,lower,0.9,MedianMAD,500,5.0,5.0,0.8941584158415842,0.10605940594059406,1.5483978604483875,2.203166905296284,0.6605599999999999,0.04206691872840944,0.029113831189523827,0.09226,0
874,100,Right-skewed,20.0,0.05,lower,0.9,Percentile,500,5.0,5.0,0.8957425742574258,0.10738613861386138,1.511309817444067,2.0940544798673044,0.6443,0.04031079160522253,0.01180826931576139,0.01372,0
874,100,Right-skewed,20.0,0.05,lower,0.9,QFactor,500,5.0,5.0,0.8722376237623762,0.4604356435643565,9.354147637730302,11.586654037915125,0.6554800000000001,0.04253926160096236,0.03021802087574922,0.01504,0
875,100,Right-skewed,20.0,0.05,upper,0.9,MaxMin,500,5.0,5.0,0.9576831683168316,0.477089108910891,6.916630386223547,7.724983351839005,0.7067599999999999,0.04320226001659035,0.026397299066718508,0.07436,0
875,100,Right-skewed,20.0,0.05,upper,0.9,MeanSD,500,5.0,5.0,0.9332673267326732,0.3614653465346535,6.499778210599119,8.611061109592477,0.729,0.042191946158494316,0.026160653989129992,0.20898,0
875,100,Right-skewed,20.0,0.05,upper,0.9,MedianMAD,500,5.0,5.0,0.8885940594059406,0.12443564356435645,1.832686018161777,2.6801105026617544,0.7147199999999999,0.042836801738298964,0.028749344078645732,0.11218,0
875,100,Right-skewed,20.0,0.05,upper,0.9,Percentile,500,5.0,5.0,0.8529504950495049,0.2542970297029703,3.718300255376143,6.861088327249896,0.6940599999999999,0.03888367627374142,0.01151540558514086,0.01208,0
875,100,Right-skewed,20.0,0.05,upper,0.9,QFactor,500,5.0,5.0,0.9867524752475249,0.3494851485148515,5.150314297331562,6.197492337094269,0.7067599999999999,0.04320226001659035,0.023659908121830844,0.0146,0
876,100,Left-skewed,20.0,0.0,clean,0.9,MaxMin,500,0.0,0.0,0.8204752475247524,0.477009900990099,8.610417334966202,10.649523364268466,0.9999600000000001,0.000631821491240673,0.03346838186271083,0.0,0
876,100,Left-skewed,20.0,0.0,clean,0.9,MeanSD,500,0.0,0.0,0.9124554455445545,0.08754455445544555,1.2608634757385135,1.6020852801391257,0.91464,0.01487659322735229,0.02817925409673483,0.0,0
876,100,Left-skewed,20.0,0.0,clean,0.9,MedianMAD,500,0.0,0.0,0.8743762376237625,0.1258613861386139,1.823689100602392,2.3333920499375393,0.9038599999999999,0.03424684061609726,0.030374470359142963,0.0,0
876,100,Left-skewed,20.0,0.0,clean,0.9,Percentile,500,0.0,0.0,0.8937821782178218,0.10786138613861385,1.5515819848629433,2.0129658983346594,0.9299999999999998,2.222669831529484e-16,6.181800468941379e-16,0.0,0
876,100,Left-skewed,20.0,0.0,clean,0.9,QFactor,500,0.0,0.0,0.9582376237623762,0.12897029702970297,1.9567801400424913,2.522381760982009,0.9999600000000001,0.000631821491240673,0.027960268053675904,0.0,0
877,100,Left-skewed,20.0,0.05,lower,0.9,MaxMin,500,5.0,5.0,0.8181188118811881,0.48390099009900983,8.887380521756745,10.984723352761172,0.9499399999999998,0.0007730428127734987,0.0325999791308172,0.0,0
877,100,Left-skewed,20.0,0.05,lower,0.9,MeanSD,500,5.0,5.0,0.9117227722772276,0.08827722772277229,1.2849650132937054,1.6370271197391126,0.8686200000000001,0.015374275159283026,0.02813015735683683,0.0,0
877,100,Left-skewed,20.0,0.05,lower,0.9,MedianMAD,500,5.0,5.0,0.8639405940594057,0.13619801980198018,1.9829869073207251,2.524186658814718,0.85776,0.032679018291144335,0.030288838546003168,0.0,0
877,100,Left-skewed,20.0,0.05,lower,0.9,Percentile,500,5.0,5.0,0.8900792079207921,0.11166336633663367,1.6071661352134292,2.069582637362234,0.8800000000000002,2.222669831529484e-16,8.091907355412029e-16,0.0,0
877,100,Left-skewed,20.0,0.05,lower,0.9,QFactor,500,5.0,5.0,0.9580000000000001,0.13293069306930694,2.0096376295910807,2.5836890540467397,0.9499399999999998,0.0007730428127734987,0.027891993616899962,0.0,0
878,100,Left-skewed,20.0,0.05,upper,0.9,MaxMin,500,5.0,5.0,0.8153069306930694,0.5488118811881189,10.068658707820067,11.769253567223181,0.99998,0.0004472135954999584,0.032273497169096874,0.0,0
878,100,Left-skewed,20.0,0.05,upper,0.9,MeanSD,500,5.0,5.0,0.9212871287128711,0.11906930693069306,1.7907203554256672,2.1430800584366,0.91864,0.01621963480187554,0.027501458588577835,0.0,0
878,100,Left-skewed,20.0,0.05,upper,0.9,MedianMAD,500,5.0,5.0,0.8726336633663366,0.14207920792079207,2.054573123355785,2.5862682006601996,0.9057000000000001,0.03339971679766654,0.030300308609716928,0.0,0
878,100,Left-skewed,20.0,0.05,upper,0.9,Percentile,500,5.0,5.0,0.8961188118811882,0.13815841584158417,2.0299741570365613,2.5058270304749333,0.9299999999999998,2.222669831529484e-16,6.181800468941379e-16,0.0,0
878,100,Left-skewed,20.0,0.05,upper,0.9,QFactor,500,5.0,5.0,0.9861782178217822,0.01382178217821782,0.26967742673999323,0.41138443330937485,0.99998,0.0004472135954999584,0.02664013663561857,0.0,0
879,100,Bimodal,20.0,0.0,clean,0.9,MaxMin,500,0.0,0.0,0.91180198019802,0.16932673267326734,2.482797249556413,3.3575908751260894,0.9027000000000001,0.02955430448898528,0.03438340600415441,0.01772,0
879,100,Bimodal,20.0,0.0,clean,0.9,MeanSD,500,0.0,0.0,0.8685940594059407,0.1314059405940594,1.8805575186516523,2.3695045643706214,0.87828,0.03211080515364309,0.030521466236151346,0.00226,0
879,100,Bimodal,20.0,0.0,clean,0.9,MedianMAD,500,0.0,0.0,0.7897227722772275,0.2111089108910891,3.065051137689312,4.122710251193531,0.8978600000000001,0.03456022596044294,0.0359912656120391,0.03138,0
879,100,Bimodal,20.0,0.0,clean,0.9,Percentile,500,0.0,0.0,0.8464554455445543,0.15532673267326733,2.2432048588244817,2.9271103095785023,0.86222,0.022402574644477886,0.00733938560149468,0.00062,0
879,100,Bimodal,20.0,0.0,clean,0.9,QFactor,500,0.0,0.0,0.9336237623762376,0.20782178217821784,3.041778960748692,3.925797256224327,0.9027000000000001,0.02955430448898528,0.03341125245580391,0.00364,0
880,100,Bimodal,20.0,0.05,lower,0.9,MaxMin,500,5.0,5.0,0.9112475247524753,0.17419801980198021,2.559124635564399,3.461221925512303,0.85452,0.029895770841850813,0.03445382754130854,0.0168,0
880,100,Bimodal,20.0,0.05,lower,0.9,MeanSD,500,5.0,5.0,0.8725148514851485,0.12815841584158416,1.8268236025744646,2.3059730876943965,0.83232,0.03240242945937447,0.030422425120530387,0.00242,0
880,100,Bimodal,20.0,0.05,lower,0.9,MedianMAD,500,5.0,5.0,0.7790891089108912,0.2218415841584159,3.2096587374338528,4.340111445592307,0.8503000000000001,0.034392960784192544,0.03644224441942241,0.033,0
880,100,Bimodal,20.0,0.05,lower,0.9,Percentile,500,5.0,5.0,0.8451485148514851,0.15641584158415842,2.2453231111483496,2.925857831974777,0.8197000000000001,0.022367624398726027,0.007126046466828681,0.00062,0
880,100,Bimodal,20.0,0.05,lower,0.9,QFactor,500,5.0,5.0,0.9321782178217822,0.21433663366336633,3.149048642779431,4.0624639939305895,0.85452,0.029895770841850813,0.03266218371902294,0.00396,0
881,100,Bimodal,20.0,0.05,upper,0.9,MaxMin,500,5.0,5.0,0.9486336633663366,0.1318019801980198,1.9041555817549878,2.533189722120711,0.9076799999999999,0.029304181785886473,0.032820029117647934,0.01696,0
881,100,Bimodal,20.0,0.05,upper,0.9,MeanSD,500,5.0,5.0,0.8814653465346534,0.2082376237623762,2.9985632565478446,3.667206371831508,0.88876,0.03173131185918115,0.029174235619277136,0.00322,0
881,100,Bimodal,20.0,0.05,upper,0.9,MedianMAD,500,5.0,5.0,0.7844158415841586,0.23792079207920785,3.485440921036992,4.686180602908191,0.9023799999999998,0.03455609711317802,0.03612928588045443,0.0331,0
881,100,Bimodal,20.0,0.05,upper,0.9,Percentile,500,5.0,5.0,0.8456435643564356,0.22780198019801984,3.1784527279202983,4.007127324721433,0.86508,0.02320496802588112,0.007367069311722388,0.00044,0
881,100,Bimodal,20.0,0.05,upper,0.9,QFactor,500,5.0,5.0,0.9862970297029704,0.01386138613861386,0.23838245577164502,0.35988281795294635,0.9076799999999999,0.029304181785886473,0.03127119073021979,0.00368,0
882,200,Normal,20.0,0.0,clean,0.9,MaxMin,500,0.0,0.0,0.825049504950495,0.35477227722772275,5.415294916345467,6.670238768392072,0.9994400000000001,0.0016406655866246093,0.030438366085016842,0.0,0
882,200,Normal,20.0,0.0,clean,0.9,MeanSD,500,0.0,0.0,0.9446138613861387,0.05538613861386138,0.802404133105266,1.0086965310929492,0.93284,0.011739251255513677,0.020221333845956542,0.0,0
882,200,Normal,20.0,0.0,clean,0.9,MedianMAD,500,0.0,0.0,0.9208514851485149,0.07914851485148515,1.143278318857832,1.4629180005323377,0.9329700000000001,0.02079890113869368,0.021655334672198774,0.0,0
882,200,Normal,20.0,0.0,clean,0.9,Percentile,500,0.0,0.0,0.9283168316831684,0.07168316831683169,1.029039626061762,1.3064887624333896,0.92985,0.0008537903231072983,0.00021344758077724977,0.0,0
882,200,Normal,20.0,0.0,clean,0.9,QFactor,500,0.0,0.0,0.9271881188118812,0.2180990099009901,3.0842650098251982,4.032835161250012,0.9994400000000001,0.0016406655866246093,0.023890881466720817,1e-05,0
883,200,Normal,20.0,0.05,lower,0.9,MaxMin,500,10.0,10.0,0.8223564356435643,0.3568316831683168,5.444544751790871,6.700342964876906,0.9493699999999999,0.0017774754112716597,0.02957395928700134,1e-05,0
883,200,Normal,20.0,0.05,lower,0.9,MeanSD,500,10.0,10.0,0.9415445544554456,0.05861386138613861,0.8345361967354876,1.0509472061490133,0.8865999999999999,0.01114847869237363,0.019429359797032853,0.0,0
883,200,Normal,20.0,0.05,lower,0.9,MedianMAD,500,10.0,10.0,0.916,0.08407920792079208,1.2066539804748653,1.5441640317889869,0.88614,0.02084873472129565,0.02107659331890084,0.0,0
883,200,Normal,20.0,0.05,lower,0.9,Percentile,500,10.0,10.0,0.9258811881188118,0.0741980198019802,1.069555881166737,1.3557206024547348,0.8847999999999998,0.0010305941240357408,0.00030127388141314686,0.0,0
883,200,Normal,20.0,0.05,lower,0.9,QFactor,500,10.0,10.0,0.9268514851485148,0.2219009900990099,3.1493314123010028,4.108399364514112,0.9493699999999999,0.0017774754112716597,0.022523199465170007,1e-05,0
884,200,Normal,20.0,0.05,upper,0.9,MaxMin,500,10.0,10.0,0.8591881188118813,0.3968712871287129,6.20086651636251,7.412190810663599,0.9993500000000001,0.001741713849709114,0.02711712504601154,0.0,0
884,200,Normal,20.0,0.05,upper,0.9,MeanSD,500,10.0,10.0,0.9473663366336633,0.1663564356435644,2.5101708007958803,3.05547255931104,0.94937,0.010769636490628651,0.01885985051026253,0.0,0
884,200,Normal,20.0,0.05,upper,0.9,MedianMAD,500,10.0,10.0,0.916970297029703,0.09897029702970296,1.4743702387276743,1.8923999592982028,0.93911,0.019419374970593054,0.020473308518542385,0.0,0
884,200,Normal,20.0,0.05,upper,0.9,Percentile,500,10.0,10.0,0.9200396039603961,0.14823762376237626,2.186748252875724,3.1940095584273953,0.9297899999999999,0.0010039501141308408,0.00025098752853313516,0.0,0
884,200,Normal,20.0,0.05,upper,0.9,QFactor,500,10.0,10.0,0.9894455445544554,0.017366336633663368,0.214316679999598,0.3274193823461148,0.9993500000000001,0.001741713849709114,0.018320187096760393,1e-05,0
885,200,Compressed Normal,20.0,0.0,clean,0.9,MaxMin,500,0.0,0.0,0.9284950495049504,0.23485148514851484,3.9212680477359925,4.713148635940828,1.0,0.0,0.03484105160088413,0.0,0
885,200,Compressed Normal,20.0,0.0,clean,0.9,MeanSD,500,0.0,0.0,0.9723762376237625,0.027623762376237624,0.2909434599419521,0.366387919724656,0.9331799999999999,0.01214836472662314,0.020386647782578083,0.0,0
885,200,Compressed Normal,20.0,0.0,clean,0.9,MedianMAD,500,0.0,0.0,0.9666732673267326,0.03344554455445545,0.3912978368650291,0.5001727770526839,0.9315399999999999,0.02133397940738456,0.02185859120598599,0.0,0
885,200,Compressed Normal,20.0,0.0,clean,0.9,Percentile,500,0.0,0.0,0.9673465346534653,0.032772277227722774,0.36008381516785204,0.4567527736086438,0.9299999999999998,2.222669831529484e-16,6.181800468941379e-16,0.0,0
885,200,Compressed Normal,20.0,0.0,clean,0.9,QFactor,500,0.0,0.0,0.963108910891089,0.1966930693069307,2.7452791061088178,3.4084702566982177,1.0,0.0,0.026802088679734052,0.0,0
886,200,Compressed Normal,20.0,0.05,lower,0.9,MaxMin,500,10.0,10.0,0.9267326732673267,0.23649504950495048,3.9616449209905658,4.76690900151457,0.9499999999999997,2.222669831529484e-16,0.03421690993506425,0.0,0
886,200,Compressed Normal,20.0,0.05,lower,0.9,MeanSD,500,10.0,10.0,0.9717821782178219,0.028455445544554456,0.2948721111495827,0.3669446625937846,0.88703,0.01111648561844121,0.01952320124185352,0.0,0
886,200,Compressed Normal,20.0,0.05,lower,0.9,MedianMAD,500,10.0,10.0,0.9645148514851485,0.035841584158415846,0.4026750917376338,0.5082538107571791,0.88513,0.02094541766215429,0.020777599994051342,0.0,0
886,200,Compressed Normal,20.0,0.05,lower,0.9,Percentile,500,10.0,10.0,0.9674653465346534,0.03289108910891089,0.36561675557091167,0.46247263326843974,0.8849999999999999,1.111334915764742e-16,9.41161756788266e-16,0.0,0
886,200,Compressed Normal,20.0,0.05,lower,0.9,QFactor,500,10.0,10.0,0.9612871287128714,0.1945940594059406,2.7315965979469206,3.3984979023382946,0.9499999999999997,2.222669831529484e-16,0.02795097351904345,0.0,0
887,200,Compressed Normal,20.0,0.05,upper,0.9,MaxMin,500,10.0,10.0,0.9454059405940595,0.5082376237623761,13.783472811005332,14.330968180849469,1.0,0.0,0.02674860072855599,0.0,0
887,200,Compressed Normal,20.0,0.05,upper,0.9,MeanSD,500,10.0,10.0,0.9825544554455445,0.21651485148514854,4.551115724193516,5.345999691355392,0.99822,0.002991571325908177,0.014362560462943125,0.0,0
887,200,Compressed Normal,20.0,0.05,upper,0.9,MedianMAD,500,10.0,10.0,0.9715247524752475,0.0297029702970297,0.49708743580263787,0.640182214043434,0.93877,0.019705677543665145,0.01996564625833624,0.0,0
887,200,Compressed Normal,20.0,0.05,upper,0.9,Percentile,500,10.0,10.0,0.9696831683168315,0.04841584158415841,0.743953802416384,1.0851810818462881,0.9299999999999998,2.222669831529484e-16,6.181800468941379e-16,0.0,0
887,200,Compressed Normal,20.0,0.05,upper,0.9,QFactor,500,10.0,10.0,0.9894851485148515,0.5178019801980198,9.136703356075873,10.983538688291626,1.0,0.0,0.008931768000892208,0.0,0
888,200,Uniform,20.0,0.0,clean,0.9,MaxMin,500,0.0,0.0,0.9389900990099009,0.09075247524752475,1.2924755303905882,1.826292961573365,0.8690399999999999,0.022001056633397697,0.023776080101491133,0.02796,0
888,200,Uniform,20.0,0.0,clean,0.9,MeanSD,500,0.0,0.0,0.9113069306930693,0.08869306930693069,1.2788100423169932,1.6561222246604201,0.85321,0.02369110459378684,0.021823226054000534,0.00279,0
888,200,Uniform,20.0,0.0,clean,0.9,MedianMAD,500,0.0,0.0,0.8559405940594059,0.14405940594059408,2.0922510995314436,2.886358236784472,0.86858,0.022427429169619897,0.024765610871802294,0.03592,0
888,200,Uniform,20.0,0.0,clean,0.9,Percentile,500,0.0,0.0,0.8853267326732673,0.11574257425742573,1.6593098518372662,2.136753176730742,0.8466699999999999,0.01769993433181891,0.005193424407098295,0.00135,0
888,200,Uniform,20.0,0.0,clean,0.9,QFactor,500,0.0,0.0,0.9510297029702971,0.09700990099009901,1.4674928210477765,2.0263401790814792,0.8690399999999999,0.022001056633397697,0.02329302699945098,0.00468,0
889,200,Uniform,20.0,0.05,lower,0.9,MaxMin,500,10.0,10.0,0.9407524752475247,0.09231683168316832,1.3140575032451893,1.8407431392802782,0.82466,0.022744648559082013,0.023383673314705766,0.02771,0
889,200,Uniform,20.0,0.05,lower,0.9,MeanSD,500,10.0,10.0,0.9038613861386138,0.09613861386138613,1.379034188165427,1.7290087887964607,0.80987,0.02340360137060592,0.02163900526056647,0.00338,0
889,200,Uniform,20.0,0.05,lower,0.9,MedianMAD,500,10.0,10.0,0.8450099009900989,0.15534653465346535,2.249961724939308,3.0802355951236247,0.82425,0.023135643843041485,0.02451559581383838,0.03641,0
889,200,Uniform,20.0,0.05,lower,0.9,Percentile,500,10.0,10.0,0.880019801980198,0.12065346534653465,1.7280381270396434,2.2181189293484653,0.8033399999999999,0.019004387216296475,0.005330288388463493,0.00178,0
889,200,Uniform,20.0,0.05,lower,0.9,QFactor,500,10.0,10.0,0.9544950495049505,0.10170297029702971,1.520940873756091,2.0540632917696513,0.82466,0.022744648559082013,0.022870885834411676,0.00494,0
890,200,Uniform,20.0,0.05,upper,0.9,MaxMin,500,10.0,10.0,0.9643762376237622,0.05863366336633664,0.8339104547945678,1.2383149634397461,0.87402,0.022531198588171916,0.022961546853725954,0.02672,0
890,200,Uniform,20.0,0.05,upper,0.9,MeanSD,500,10.0,10.0,0.9082574257425744,0.19499009900990102,2.7959541976699027,3.3750271490936714,0.85823,0.022977664069530324,0.020332609546493886,0.00288,0
890,200,Uniform,20.0,0.05,upper,0.9,MedianMAD,500,10.0,10.0,0.8483960396039603,0.19124752475247525,2.8930455435215325,3.906881126255314,0.87301,0.02307715342107949,0.026132861044972096,0.03628,0
890,200,Uniform,20.0,0.05,upper,0.9,Percentile,500,10.0,10.0,0.8804158415841585,0.21744554455445544,3.12583900479377,3.977831670620674,0.84873,0.0179186846201677,0.005196558490935973,0.00107,0
890,200,Uniform,20.0,0.05,upper,0.9,QFactor,500,10.0,10.0,0.989980198019802,0.016752475247524753,0.3080733071695,0.43332108833916316,0.87402,0.022531198588171916,0.022562556773247838,0.00435,0
891,200,Right-skewed,20.0,0.0,clean,0.9,MaxMin,500,0.0,0.0,0.876158415841584,0.3892277227722773,6.627718663948143,8.878603558178623,0.6888,0.03208924179343841,0.025699754252036053,0.09655,0
891,200,Right-skewed,20.0,0.0,clean,0.9,MeanSD,500,0.0,0.0,0.9451485148514852,0.054970297029702964,0.7970043565420863,1.114815891024953,0.68875,0.03210684036769723,0.021317982751533654,0.06118,0
891,200,Right-skewed,20.0,0.0,clean,0.9,MedianMAD,500,0.0,0.0,0.9235049504950495,0.0764950495049505,1.1085984358452254,1.5711557073103286,0.6918099999999999,0.03196588079609475,0.021983392987516753,0.10301,0
891,200,Right-skewed,20.0,0.0,clean,0.9,Percentile,500,0.0,0.0,0.9252079207920791,0.07673267326732673,1.0777943566109973,1.4824158863760595,0.68122,0.029795757656899687,0.008476227371709303,0.01473,0
891,200,Right-skewed,20.0,0.0,clean,0.9,QFactor,500,0.0,0.0,0.8835247524752475,0.43192079207920797,7.860207644909778,9.76136284690675,0.68875,0.03210684036769723,0.022642681474272452,0.01499,0
892,200,Right-skewed,20.0,0.05,lower,0.9,MaxMin,500,10.0,10.0,0.8826732673267327,0.39011881188118813,6.6240587231153,8.86565479168286,0.65547,0.03109280664800946,0.0248312850466417,0.08843,0
892,200,Right-skewed,20.0,0.05,lower,0.9,MeanSD,500,10.0,10.0,0.9465742574257427,0.053425742574257425,0.7743806898490535,1.1086090668076296,0.65547,0.03109280664800946,0.020498006622937923,0.05838,0
892,200,Right-skewed,20.0,0.05,lower,0.9,MedianMAD,500,10.0,10.0,0.9276831683168316,0.07245544554455446,1.0509847485320303,1.4990661490488353,0.65836,0.03126604437824082,0.021178407656157215,0.09634,0
892,200,Right-skewed,20.0,0.05,lower,0.9,Percentile,500,10.0,10.0,0.9258415841584158,0.07534653465346534,1.059868203265862,1.493280586129506,0.6481200000000001,0.0288188593338913,0.0081663484197269,0.01349,0
892,200,Right-skewed,20.0,0.05,lower,0.9,QFactor,500,10.0,10.0,0.8925346534653466,0.43196039603960396,7.866742267402654,9.762217555795372,0.65547,0.03109280664800946,0.022322878835349853,0.01431,0
893,200,Right-skewed,20.0,0.05,upper,0.9,MaxMin,500,10.0,10.0,0.9688118811881189,0.462990099009901,6.711068763520722,7.5607250039882015,0.7045500000000001,0.03135304653545023,0.018950975855693705,0.0896,0
893,200,Right-skewed,20.0,0.05,upper,0.9,MeanSD,500,10.0,10.0,0.9543564356435643,0.3598613861386139,6.497340567276337,8.621020185530101,0.7236600000000001,0.031145537224102526,0.01880605442390393,0.20691,0
893,200,Right-skewed,20.0,0.05,upper,0.9,MedianMAD,500,10.0,10.0,0.9191287128712871,0.1098811881188119,1.6125210787014839,2.3707931006936156,0.70912,0.031760716084061204,0.020820431046127515,0.11637,0
893,200,Right-skewed,20.0,0.05,upper,0.9,Percentile,500,10.0,10.0,0.8783564356435642,0.2858613861386139,4.141934090754341,8.134710525254464,0.69577,0.028449531660528365,0.008072230655349837,0.01247,0
893,200,Right-skewed,20.0,0.05,upper,0.9,QFactor,500,10.0,10.0,0.9894455445544554,0.35895049504950494,5.297584032689537,6.371613803694768,0.7045500000000001,0.03135304653545023,0.016679804393833098,0.01394,0
894,200,Left-skewed,20.0,0.0,clean,0.9,MaxMin,500,0.0,0.0,0.8371683168316831,0.43144554455445544,7.104716067085996,8.83933184615225,0.9999,0.0007007010517530686,0.025704105590724904,0.0,0
894,200,Left-skewed,20.0,0.0,clean,0.9,MeanSD,500,0.0,0.0,0.938,0.062079207920792086,0.8952770865314754,1.1364920023835283,0.91422,0.010687377605388536,0.020421642566578958,0.0,0
894,200,Left-skewed,20.0,0.0,clean,0.9,MedianMAD,500,0.0,0.0,0.9083762376237625,0.09162376237623764,1.329608382127606,1.7065393551220265,0.90259,0.024701461990110998,0.022160973626320316,0.0,0
894,200,Left-skewed,20.0,0.0,clean,0.9,Percentile,500,0.0,0.0,0.9236831683168317,0.07706930693069307,1.1083383641818811,1.4404339639177477,0.9299699999999999,0.0003865214063867494,9.663035159711269e-05,0.0,0
894,200,Left-skewed,20.0,0.0,clean,0.9,QFactor,500,0.0,0.0,0.9686336633663367,0.10304950495049504,1.562731524995128,2.010382496611702,0.9999,0.0007007010517530686,0.020500067918337674,0.0,0
895,200,Left-skewed,20.0,0.05,lower,0.9,MaxMin,500,10.0,10.0,0.8423366336633663,0.44702970297029704,7.470475979843872,9.213201739161414,0.9499599999999998,0.0004458672394226573,0.024208292406338008,0.0,0
895,200,Left-skewed,20.0,0.05,lower,0.9,MeanSD,500,10.0,10.0,0.9374257425742575,0.06257425742574257,0.9161963639675779,1.1763438735841953,0.8687699999999999,0.010847693067642529,0.01944113781006855,0.0,0
895,200,Left-skewed,20.0,0.05,lower,0.9,MedianMAD,500,10.0,10.0,0.9096237623762377,0.09037623762376236,1.30190667276466,1.6993469812324782,0.85914,0.0236511978199125,0.021066384753709415,0.0,0
895,200,Left-skewed,20.0,0.05,lower,0.9,Percentile,500,10.0,10.0,0.921227722772277,0.07877227722772277,1.1437354676185394,1.4994972010783192,0.8849899999999999,0.00022360679774997914,5.590169943814924e-05,0.0,0
895,200,Left-skewed,20.0,0.05,lower,0.9,QFactor,500,10.0,10.0,0.9671683168316831,0.10233663366336634,1.5482163493955883,1.9971519354578373,0.9499599999999998,0.0004458672394226573,0.019861078549113266,0.0,0
896,200,Left-skewed,20.0,0.05,upper,0.9,MaxMin,500,10.0,10.0,0.8478019801980198,0.5092475247524753,8.479647942678833,9.827625527992653,0.99997,0.00038652140638674936,0.023159694710628384,0.0,0
896,200,Left-skewed,20.0,0.05,upper,0.9,MeanSD,500,10.0,10.0,0.9437623762376238,0.10483168316831683,1.5807115398279934,1.8565968215878927,0.9187799999999999,0.011431226788572764,0.01888775993550334,0.0,0
896,200,Left-skewed,20.0,0.05,upper,0.9,MedianMAD,500,10.0,10.0,0.9095445544554456,0.10847524752475245,1.5591573830617111,1.9460991522465876,0.90776,0.023068304952613524,0.02127293308743969,0.0,0
896,200,Left-skewed,20.0,0.05,upper,0.9,Percentile,500,10.0,10.0,0.9247524752475248,0.11912871287128712,1.7562793811784758,2.162054229249643,0.9299999999999998,2.222669831529484e-16,6.181800468941379e-16,0.0,0
896,200,Left-skewed,20.0,0.05,upper,0.9,QFactor,500,10.0,10.0,0.9904752475247526,0.009524752475247525,0.1623721164000176,0.25251366535393893,0.99997,0.00038652140638674936,0.01805900256330921,0.0,0
897,200,Bimodal,20.0,0.0,clean,0.9,MaxMin,500,0.0,0.0,0.9294653465346535,0.13425742574257427,1.9788658082469208,2.684493015301645,0.90174,0.02036668858720083,0.024719352373850728,0.02203,0
897,200,Bimodal,20.0,0.0,clean,0.9,MeanSD,500,0.0,0.0,0.9084554455445545,0.09154455445544554,1.3161045271976457,1.6471504000301043,0.88047,0.022734617341211252,0.021862962051198767,0.00172,0
897,200,Bimodal,20.0,0.0,clean,0.9,MedianMAD,500,0.0,0.0,0.8484158415841584,0.15158415841584164,2.1849988316816127,2.924841320774296,0.90124,0.020823776298227892,0.026556434322350317,0.03525,0
897,200,Bimodal,20.0,0.0,clean,0.9,Percentile,500,0.0,0.0,0.8904158415841584,0.10982178217821782,1.578155420626196,2.0252738469078473,0.86614,0.017216073488828573,0.004884684646000115,0.00025,0
897,200,Bimodal,20.0,0.0,clean,0.9,QFactor,500,0.0,0.0,0.9474851485148514,0.16514851485148516,2.414006842408539,3.123795512987022,0.90174,0.02036668858720083,0.023546575178902684,0.00378,0
898,200,Bimodal,20.0,0.05,lower,0.9,MaxMin,500,10.0,10.0,0.9279207920792079,0.13366336633663367,1.969119373661882,2.6723323687127243,0.8564299999999999,0.020433799949121603,0.024395742341166357,0.02168,0
898,200,Bimodal,20.0,0.05,lower,0.9,MeanSD,500,10.0,10.0,0.9027524752475248,0.09724752475247524,1.3923608431218821,1.7228860015361362,0.83548,0.023975388181986825,0.021929972271325773,0.00137,0
898,200,Bimodal,20.0,0.05,lower,0.9,MedianMAD,500,10.0,10.0,0.8364554455445544,0.1647722772277228,2.362205829487895,3.1860232925069836,0.8549,0.021596824898382244,0.02678842114529709,0.03289,0
898,200,Bimodal,20.0,0.05,lower,0.9,Percentile,500,10.0,10.0,0.8850891089108911,0.11491089108910893,1.6568360828784687,2.133171198142453,0.82305,0.01646480122439128,0.004760097290644527,0.00021,0
898,200,Bimodal,20.0,0.05,lower,0.9,QFactor,500,10.0,10.0,0.9457029702970297,0.16415841584158414,2.403164713934634,3.115024956552299,0.8564299999999999,0.020433799949121603,0.023334308675521418,0.00335,0
899,200,Bimodal,20.0,0.05,upper,0.9,MaxMin,500,10.0,10.0,0.9625940594059407,0.109009900990099,1.5766500815272302,2.040820071921124,0.90747,0.020311923800984344,0.022994840307143223,0.02148,0
899,200,Bimodal,20.0,0.05,upper,0.9,MeanSD,500,10.0,10.0,0.912970297029703,0.19689108910891093,2.8440966839129307,3.429152516944736,0.89001,0.022776906615032264,0.020866227859436395,0.00194,0
899,200,Bimodal,20.0,0.05,upper,0.9,MedianMAD,500,10.0,10.0,0.8530495049504949,0.19625742574257432,2.819767969839701,3.7193961150186117,0.90604,0.021368941558407933,0.0264888203450813,0.03226,0
899,200,Bimodal,20.0,0.05,upper,0.9,Percentile,500,10.0,10.0,0.8889900990099011,0.2087128712871287,2.8727548222218484,3.6917268818450646,0.86985,0.017315517731463236,0.004890196083477424,0.00019,0
899,200,Bimodal,20.0,0.05,upper,0.9,QFactor,500,10.0,10.0,0.9896039603960396,0.010396039603960395,0.15812260175936177,0.23038126865237377,0.90747,0.020311923800984344,0.022163762532730565,0.00369,0
